university,tiktok_account,followers,video_caption,likes,video_comments_count,shares,upload_date,comment_text
Universitas Terbuka,@univterbuka,73100,"🔥Struggle Sekarang, Sukses Kemudian 😎

UT bukan cuma tentang “fleksibel”, tapi tentang cara baru belajar yang siapin kamu buat dunia nyata 💪. Kuliah di UT ngelatih kita buat mandiri, adaptif, dan tahan banting — skill yang dicari banget di dunia kerja dan kehidupan ✨

Memang, sistem belajar di UT gak selalu mudah. Tapi justru di situ letak value-nya. Kamu belajar ngatur waktu, tanggung jawab, dan konsistensi. 📚

Buat yang lagi ngerasa capek, you’re not alone! Banyak teman UT yang dulu struggle tapi sekarang sukses bareng UT. 🚀

🌼 Jadi bangga pernah berjuang di kampus yang bikin kita lebih kuat dan siap hadapi masa depan.

-------

Semua Bisa Kuliah di Kampus Negeri📚👨🏻🎓🧑🏻🎓✨
Fleksibel Kuliahnya✨, Murah Biayanya, Terjamin Kualitasnya🤩, Terakreditasi A oleh BAN-PT🌟, Tanpa Uang Gedung💵, Tanpa Tes Masuk📝, Tanpa DO🙅🏻

www.ut.ac.id

📝🧑🏻💻Pendaftaran di admisi-sia.ut.ac.id

Daaan...Informasi ini jangan berhenti di kamu. Ayo share informasi ini ke seluruh Indonesia yaa.. 😊✈🇮🇩

‎#UniversitasTerbuka #KuliahJarakJauh #KuliahOnline #OnlineLearning #BiayaMurah #KampusNegeri #KuliahFleksibelSesuaiGayamu #KuliahSambilKerja #UT #KualitasDunia #SemuaBisaKuliah #JanganTakutKuliah #UTBerdampak #KampusBerdampak",9940,104,309,2025-10-08,jangan percaya kuliah flexibel sambil kerja ya adik adik 🗿
Universitas Terbuka,@univterbuka,73100,"🔥Struggle Sekarang, Sukses Kemudian 😎

UT bukan cuma tentang “fleksibel”, tapi tentang cara baru belajar yang siapin kamu buat dunia nyata 💪. Kuliah di UT ngelatih kita buat mandiri, adaptif, dan tahan banting — skill yang dicari banget di dunia kerja dan kehidupan ✨

Memang, sistem belajar di UT gak selalu mudah. Tapi justru di situ letak value-nya. Kamu belajar ngatur waktu, tanggung jawab, dan konsistensi. 📚

Buat yang lagi ngerasa capek, you’re not alone! Banyak teman UT yang dulu struggle tapi sekarang sukses bareng UT. 🚀

🌼 Jadi bangga pernah berjuang di kampus yang bikin kita lebih kuat dan siap hadapi masa depan.

-------

Semua Bisa Kuliah di Kampus Negeri📚👨🏻🎓🧑🏻🎓✨
Fleksibel Kuliahnya✨, Murah Biayanya, Terjamin Kualitasnya🤩, Terakreditasi A oleh BAN-PT🌟, Tanpa Uang Gedung💵, Tanpa Tes Masuk📝, Tanpa DO🙅🏻

www.ut.ac.id

📝🧑🏻💻Pendaftaran di admisi-sia.ut.ac.id

Daaan...Informasi ini jangan berhenti di kamu. Ayo share informasi ini ke seluruh Indonesia yaa.. 😊✈🇮🇩

‎#UniversitasTerbuka #KuliahJarakJauh #KuliahOnline #OnlineLearning #BiayaMurah #KampusNegeri #KuliahFleksibelSesuaiGayamu #KuliahSambilKerja #UT #KualitasDunia #SemuaBisaKuliah #JanganTakutKuliah #UTBerdampak #KampusBerdampak",9940,104,309,2025-10-08,"server di perbaiki min, mahasiswa ribuan,server masih ngeleg"" pas mau upload tugas,web sering gangguan"
Universitas Terbuka,@univterbuka,73100,"🔥Struggle Sekarang, Sukses Kemudian 😎

UT bukan cuma tentang “fleksibel”, tapi tentang cara baru belajar yang siapin kamu buat dunia nyata 💪. Kuliah di UT ngelatih kita buat mandiri, adaptif, dan tahan banting — skill yang dicari banget di dunia kerja dan kehidupan ✨

Memang, sistem belajar di UT gak selalu mudah. Tapi justru di situ letak value-nya. Kamu belajar ngatur waktu, tanggung jawab, dan konsistensi. 📚

Buat yang lagi ngerasa capek, you’re not alone! Banyak teman UT yang dulu struggle tapi sekarang sukses bareng UT. 🚀

🌼 Jadi bangga pernah berjuang di kampus yang bikin kita lebih kuat dan siap hadapi masa depan.

-------

Semua Bisa Kuliah di Kampus Negeri📚👨🏻🎓🧑🏻🎓✨
Fleksibel Kuliahnya✨, Murah Biayanya, Terjamin Kualitasnya🤩, Terakreditasi A oleh BAN-PT🌟, Tanpa Uang Gedung💵, Tanpa Tes Masuk📝, Tanpa DO🙅🏻

www.ut.ac.id

📝🧑🏻💻Pendaftaran di admisi-sia.ut.ac.id

Daaan...Informasi ini jangan berhenti di kamu. Ayo share informasi ini ke seluruh Indonesia yaa.. 😊✈🇮🇩

‎#UniversitasTerbuka #KuliahJarakJauh #KuliahOnline #OnlineLearning #BiayaMurah #KampusNegeri #KuliahFleksibelSesuaiGayamu #KuliahSambilKerja #UT #KualitasDunia #SemuaBisaKuliah #JanganTakutKuliah #UTBerdampak #KampusBerdampak",9940,104,309,2025-10-08,"fyp gue ut mulu, lg nyemangatin gue yg hampir nyerah di smt 5 kah???"
Universitas Terbuka,@univterbuka,73100,"🔥Struggle Sekarang, Sukses Kemudian 😎

UT bukan cuma tentang “fleksibel”, tapi tentang cara baru belajar yang siapin kamu buat dunia nyata 💪. Kuliah di UT ngelatih kita buat mandiri, adaptif, dan tahan banting — skill yang dicari banget di dunia kerja dan kehidupan ✨

Memang, sistem belajar di UT gak selalu mudah. Tapi justru di situ letak value-nya. Kamu belajar ngatur waktu, tanggung jawab, dan konsistensi. 📚

Buat yang lagi ngerasa capek, you’re not alone! Banyak teman UT yang dulu struggle tapi sekarang sukses bareng UT. 🚀

🌼 Jadi bangga pernah berjuang di kampus yang bikin kita lebih kuat dan siap hadapi masa depan.

-------

Semua Bisa Kuliah di Kampus Negeri📚👨🏻🎓🧑🏻🎓✨
Fleksibel Kuliahnya✨, Murah Biayanya, Terjamin Kualitasnya🤩, Terakreditasi A oleh BAN-PT🌟, Tanpa Uang Gedung💵, Tanpa Tes Masuk📝, Tanpa DO🙅🏻

www.ut.ac.id

📝🧑🏻💻Pendaftaran di admisi-sia.ut.ac.id

Daaan...Informasi ini jangan berhenti di kamu. Ayo share informasi ini ke seluruh Indonesia yaa.. 😊✈🇮🇩

‎#UniversitasTerbuka #KuliahJarakJauh #KuliahOnline #OnlineLearning #BiayaMurah #KampusNegeri #KuliahFleksibelSesuaiGayamu #KuliahSambilKerja #UT #KualitasDunia #SemuaBisaKuliah #JanganTakutKuliah #UTBerdampak #KampusBerdampak",9940,104,309,2025-10-08,walaupun stress sm sistem nya UT tpi inget cmn di UT kuliah bisa nyantai😭
Universitas Terbuka,@univterbuka,73100,"🔥Struggle Sekarang, Sukses Kemudian 😎

UT bukan cuma tentang “fleksibel”, tapi tentang cara baru belajar yang siapin kamu buat dunia nyata 💪. Kuliah di UT ngelatih kita buat mandiri, adaptif, dan tahan banting — skill yang dicari banget di dunia kerja dan kehidupan ✨

Memang, sistem belajar di UT gak selalu mudah. Tapi justru di situ letak value-nya. Kamu belajar ngatur waktu, tanggung jawab, dan konsistensi. 📚

Buat yang lagi ngerasa capek, you’re not alone! Banyak teman UT yang dulu struggle tapi sekarang sukses bareng UT. 🚀

🌼 Jadi bangga pernah berjuang di kampus yang bikin kita lebih kuat dan siap hadapi masa depan.

-------

Semua Bisa Kuliah di Kampus Negeri📚👨🏻🎓🧑🏻🎓✨
Fleksibel Kuliahnya✨, Murah Biayanya, Terjamin Kualitasnya🤩, Terakreditasi A oleh BAN-PT🌟, Tanpa Uang Gedung💵, Tanpa Tes Masuk📝, Tanpa DO🙅🏻

www.ut.ac.id

📝🧑🏻💻Pendaftaran di admisi-sia.ut.ac.id

Daaan...Informasi ini jangan berhenti di kamu. Ayo share informasi ini ke seluruh Indonesia yaa.. 😊✈🇮🇩

‎#UniversitasTerbuka #KuliahJarakJauh #KuliahOnline #OnlineLearning #BiayaMurah #KampusNegeri #KuliahFleksibelSesuaiGayamu #KuliahSambilKerja #UT #KualitasDunia #SemuaBisaKuliah #JanganTakutKuliah #UTBerdampak #KampusBerdampak",9940,104,309,2025-10-08,"Minn skrng cuma 1 minggu deadline diskusi tpi smpe skrng blm ada penilaian, takutnya nanti ada yang revisian ga keburu waktu"
Universitas Terbuka,@univterbuka,73100,"🔥 Big News for UT Students!

Universitas Terbuka menyambut kunjungan CEO Supertext dari Swedia sebagai bagian dari langkah strategis menuju inovasi layanan digital. 🌍🤝
Kegiatan diawali dengan pengenalan lebih dekat antara UT dan Supertext, kemudian dilanjutkan dengan diskusi interaktif mengenai pengembangan layanan mahasiswa. CEO Supertext juga berkesempatan melihat langsung bagaimana UT mengelola produksi hingga distribusi bahan ajar melalui P2BAM dan Puslaba.

Lewat kerja sama ini, nantinya mahasiswa UT akan semakin mudah memperoleh informasi penting melalui halaman Pengumuman Komunitas Universitas Terbuka di aplikasi Supertext. Setiap kali ada pengumuman baru, notifikasi akan langsung muncul secara real time—sehingga mahasiswa tidak akan ketinggalan kabar penting! 🚀✨

Bye-bye ketinggalan info, hello update setiap saat! 👋 📲

-------

Semua Bisa Kuliah di Kampus Negeri📚👨🏻🎓🧑🏻🎓✨
Fleksibel Kuliahnya✨, Murah Biayanya, Terjamin Kualitasnya🤩, Terakreditasi A oleh BAN-PT🌟, Tanpa Uang Gedung💵, Tanpa Tes Masuk📝, Tanpa DO🙅🏻

www.ut.ac.id

📝🧑🏻💻Pendaftaran di admisi-sia.ut.ac.id

Daaan...Informasi ini jangan berhenti di kamu. Ayo share informasi ini ke seluruh Indonesia yaa.. 😊✈🇮🇩

#UniversitasTerbuka #KuliahJarakJauh #KuliahOnline #KampusNegeri #KampusBerdampak",188,7,16,2025-10-01,"Halo kakk, aku udh ikut pendaftaran camaba. Udah registrasi akun cuman pas bagian verifikasi aktivasi akun email itu emailnya ga masuk2 kak. Udah aku coba berkali2 jugaa ngga bisa, itu solusinya gimana yaa kak"
Universitas Terbuka,@univterbuka,73100,"🔥 Big News for UT Students!

Universitas Terbuka menyambut kunjungan CEO Supertext dari Swedia sebagai bagian dari langkah strategis menuju inovasi layanan digital. 🌍🤝
Kegiatan diawali dengan pengenalan lebih dekat antara UT dan Supertext, kemudian dilanjutkan dengan diskusi interaktif mengenai pengembangan layanan mahasiswa. CEO Supertext juga berkesempatan melihat langsung bagaimana UT mengelola produksi hingga distribusi bahan ajar melalui P2BAM dan Puslaba.

Lewat kerja sama ini, nantinya mahasiswa UT akan semakin mudah memperoleh informasi penting melalui halaman Pengumuman Komunitas Universitas Terbuka di aplikasi Supertext. Setiap kali ada pengumuman baru, notifikasi akan langsung muncul secara real time—sehingga mahasiswa tidak akan ketinggalan kabar penting! 🚀✨

Bye-bye ketinggalan info, hello update setiap saat! 👋 📲

-------

Semua Bisa Kuliah di Kampus Negeri📚👨🏻🎓🧑🏻🎓✨
Fleksibel Kuliahnya✨, Murah Biayanya, Terjamin Kualitasnya🤩, Terakreditasi A oleh BAN-PT🌟, Tanpa Uang Gedung💵, Tanpa Tes Masuk📝, Tanpa DO🙅🏻

www.ut.ac.id

📝🧑🏻💻Pendaftaran di admisi-sia.ut.ac.id

Daaan...Informasi ini jangan berhenti di kamu. Ayo share informasi ini ke seluruh Indonesia yaa.. 😊✈🇮🇩

#UniversitasTerbuka #KuliahJarakJauh #KuliahOnline #KampusNegeri #KampusBerdampak",188,7,16,2025-10-01,Halo min aku daftar di Ut kok lama banget ya validasi datanya???
Universitas Terbuka,@univterbuka,73100,"🔥 Big News for UT Students!

Universitas Terbuka menyambut kunjungan CEO Supertext dari Swedia sebagai bagian dari langkah strategis menuju inovasi layanan digital. 🌍🤝
Kegiatan diawali dengan pengenalan lebih dekat antara UT dan Supertext, kemudian dilanjutkan dengan diskusi interaktif mengenai pengembangan layanan mahasiswa. CEO Supertext juga berkesempatan melihat langsung bagaimana UT mengelola produksi hingga distribusi bahan ajar melalui P2BAM dan Puslaba.

Lewat kerja sama ini, nantinya mahasiswa UT akan semakin mudah memperoleh informasi penting melalui halaman Pengumuman Komunitas Universitas Terbuka di aplikasi Supertext. Setiap kali ada pengumuman baru, notifikasi akan langsung muncul secara real time—sehingga mahasiswa tidak akan ketinggalan kabar penting! 🚀✨

Bye-bye ketinggalan info, hello update setiap saat! 👋 📲

-------

Semua Bisa Kuliah di Kampus Negeri📚👨🏻🎓🧑🏻🎓✨
Fleksibel Kuliahnya✨, Murah Biayanya, Terjamin Kualitasnya🤩, Terakreditasi A oleh BAN-PT🌟, Tanpa Uang Gedung💵, Tanpa Tes Masuk📝, Tanpa DO🙅🏻

www.ut.ac.id

📝🧑🏻💻Pendaftaran di admisi-sia.ut.ac.id

Daaan...Informasi ini jangan berhenti di kamu. Ayo share informasi ini ke seluruh Indonesia yaa.. 😊✈🇮🇩

#UniversitasTerbuka #KuliahJarakJauh #KuliahOnline #KampusNegeri #KampusBerdampak",188,7,16,2025-10-01,supertext adalah ?
Universitas Terbuka,@univterbuka,73100,"🔥 Big News for UT Students!

Universitas Terbuka menyambut kunjungan CEO Supertext dari Swedia sebagai bagian dari langkah strategis menuju inovasi layanan digital. 🌍🤝
Kegiatan diawali dengan pengenalan lebih dekat antara UT dan Supertext, kemudian dilanjutkan dengan diskusi interaktif mengenai pengembangan layanan mahasiswa. CEO Supertext juga berkesempatan melihat langsung bagaimana UT mengelola produksi hingga distribusi bahan ajar melalui P2BAM dan Puslaba.

Lewat kerja sama ini, nantinya mahasiswa UT akan semakin mudah memperoleh informasi penting melalui halaman Pengumuman Komunitas Universitas Terbuka di aplikasi Supertext. Setiap kali ada pengumuman baru, notifikasi akan langsung muncul secara real time—sehingga mahasiswa tidak akan ketinggalan kabar penting! 🚀✨

Bye-bye ketinggalan info, hello update setiap saat! 👋 📲

-------

Semua Bisa Kuliah di Kampus Negeri📚👨🏻🎓🧑🏻🎓✨
Fleksibel Kuliahnya✨, Murah Biayanya, Terjamin Kualitasnya🤩, Terakreditasi A oleh BAN-PT🌟, Tanpa Uang Gedung💵, Tanpa Tes Masuk📝, Tanpa DO🙅🏻

www.ut.ac.id

📝🧑🏻💻Pendaftaran di admisi-sia.ut.ac.id

Daaan...Informasi ini jangan berhenti di kamu. Ayo share informasi ini ke seluruh Indonesia yaa.. 😊✈🇮🇩

#UniversitasTerbuka #KuliahJarakJauh #KuliahOnline #KampusNegeri #KampusBerdampak",188,7,16,2025-10-01,"di tunggu aja katanya kak, 1-2 hari lagi down servernya banyak yang akses soalnya"
Universitas Terbuka,@univterbuka,73100,"🔥 Big News for UT Students!

Universitas Terbuka menyambut kunjungan CEO Supertext dari Swedia sebagai bagian dari langkah strategis menuju inovasi layanan digital. 🌍🤝
Kegiatan diawali dengan pengenalan lebih dekat antara UT dan Supertext, kemudian dilanjutkan dengan diskusi interaktif mengenai pengembangan layanan mahasiswa. CEO Supertext juga berkesempatan melihat langsung bagaimana UT mengelola produksi hingga distribusi bahan ajar melalui P2BAM dan Puslaba.

Lewat kerja sama ini, nantinya mahasiswa UT akan semakin mudah memperoleh informasi penting melalui halaman Pengumuman Komunitas Universitas Terbuka di aplikasi Supertext. Setiap kali ada pengumuman baru, notifikasi akan langsung muncul secara real time—sehingga mahasiswa tidak akan ketinggalan kabar penting! 🚀✨

Bye-bye ketinggalan info, hello update setiap saat! 👋 📲

-------

Semua Bisa Kuliah di Kampus Negeri📚👨🏻🎓🧑🏻🎓✨
Fleksibel Kuliahnya✨, Murah Biayanya, Terjamin Kualitasnya🤩, Terakreditasi A oleh BAN-PT🌟, Tanpa Uang Gedung💵, Tanpa Tes Masuk📝, Tanpa DO🙅🏻

www.ut.ac.id

📝🧑🏻💻Pendaftaran di admisi-sia.ut.ac.id

Daaan...Informasi ini jangan berhenti di kamu. Ayo share informasi ini ke seluruh Indonesia yaa.. 😊✈🇮🇩

#UniversitasTerbuka #KuliahJarakJauh #KuliahOnline #KampusNegeri #KampusBerdampak",188,7,16,2025-10-01,sama mba saya jg ga masuk2 verifikasinya
Universitas Terbuka,@univterbuka,73100,"Ini Waktunya Kamu Upgrade Diri! 🫵🔥

🎓 Kuliah itu bukan soal usia, status, atau kesibukan. Kuliah itu soal keberanian untuk melangkah.

Universitas Terbuka hadir membuka pendaftaran mahasiswa baru jalur Non RPL dan RPL Tahun Akademik 2025/2026 Genap.

Dengan sistem pembelajaran terbuka dan jarak jauh, kamu bebas mengatur waktu belajar sesuai ritme hidupmu.

📌 Yuk segera daftar di laman resmi 👉 admisi-sia.ut.ac.id
Wujudkan mimpimu kuliah tanpa batas!

-------

Semua Bisa Kuliah di Kampus Negeri📚👨🏻🎓🧑🏻🎓✨
Fleksibel Kuliahnya✨, Murah Biayanya, Terjamin Kualitasnya🤩, Terakreditasi A oleh BAN-PT🌟, Tanpa Uang Gedung💵, Tanpa Tes Masuk📝, Tanpa DO🙅🏻

www.ut.ac.id

📝🧑🏻💻Pendaftaran di admisi-sia.ut.ac.id

Daaan...Informasi ini jangan berhenti di kamu. Ayo share informasi ini ke seluruh Indonesia yaa.. 😊✈🇮🇩

#UniversitasTerbuka #KuliahJarakJauh #KuliahOnline #KampusNegeri #KampusBerdampak",1697,281,428,2025-10-01,Cari temen maba 2026 we takut bgt stres g ada temen😭
Universitas Terbuka,@univterbuka,73100,"Ini Waktunya Kamu Upgrade Diri! 🫵🔥

🎓 Kuliah itu bukan soal usia, status, atau kesibukan. Kuliah itu soal keberanian untuk melangkah.

Universitas Terbuka hadir membuka pendaftaran mahasiswa baru jalur Non RPL dan RPL Tahun Akademik 2025/2026 Genap.

Dengan sistem pembelajaran terbuka dan jarak jauh, kamu bebas mengatur waktu belajar sesuai ritme hidupmu.

📌 Yuk segera daftar di laman resmi 👉 admisi-sia.ut.ac.id
Wujudkan mimpimu kuliah tanpa batas!

-------

Semua Bisa Kuliah di Kampus Negeri📚👨🏻🎓🧑🏻🎓✨
Fleksibel Kuliahnya✨, Murah Biayanya, Terjamin Kualitasnya🤩, Terakreditasi A oleh BAN-PT🌟, Tanpa Uang Gedung💵, Tanpa Tes Masuk📝, Tanpa DO🙅🏻

www.ut.ac.id

📝🧑🏻💻Pendaftaran di admisi-sia.ut.ac.id

Daaan...Informasi ini jangan berhenti di kamu. Ayo share informasi ini ke seluruh Indonesia yaa.. 😊✈🇮🇩

#UniversitasTerbuka #KuliahJarakJauh #KuliahOnline #KampusNegeri #KampusBerdampak",1697,281,428,2025-10-01,"Disini ada yg baru mau daftar ga? btw aku mau ambil jurusan ilmu hukum, klo ada yg sama ayoo bikin grup plisss.. hilang arah bgt ini 😭😭"
Universitas Terbuka,@univterbuka,73100,"Ini Waktunya Kamu Upgrade Diri! 🫵🔥

🎓 Kuliah itu bukan soal usia, status, atau kesibukan. Kuliah itu soal keberanian untuk melangkah.

Universitas Terbuka hadir membuka pendaftaran mahasiswa baru jalur Non RPL dan RPL Tahun Akademik 2025/2026 Genap.

Dengan sistem pembelajaran terbuka dan jarak jauh, kamu bebas mengatur waktu belajar sesuai ritme hidupmu.

📌 Yuk segera daftar di laman resmi 👉 admisi-sia.ut.ac.id
Wujudkan mimpimu kuliah tanpa batas!

-------

Semua Bisa Kuliah di Kampus Negeri📚👨🏻🎓🧑🏻🎓✨
Fleksibel Kuliahnya✨, Murah Biayanya, Terjamin Kualitasnya🤩, Terakreditasi A oleh BAN-PT🌟, Tanpa Uang Gedung💵, Tanpa Tes Masuk📝, Tanpa DO🙅🏻

www.ut.ac.id

📝🧑🏻💻Pendaftaran di admisi-sia.ut.ac.id

Daaan...Informasi ini jangan berhenti di kamu. Ayo share informasi ini ke seluruh Indonesia yaa.. 😊✈🇮🇩

#UniversitasTerbuka #KuliahJarakJauh #KuliahOnline #KampusNegeri #KampusBerdampak",1697,281,428,2025-10-01,"kak kalo mandiri pembayarannya tetep 1.3jt untuk S1, gak harus bayar apa""lagi? mohon bantu jawab kakak""🙏"
Universitas Terbuka,@univterbuka,73100,"Ini Waktunya Kamu Upgrade Diri! 🫵🔥

🎓 Kuliah itu bukan soal usia, status, atau kesibukan. Kuliah itu soal keberanian untuk melangkah.

Universitas Terbuka hadir membuka pendaftaran mahasiswa baru jalur Non RPL dan RPL Tahun Akademik 2025/2026 Genap.

Dengan sistem pembelajaran terbuka dan jarak jauh, kamu bebas mengatur waktu belajar sesuai ritme hidupmu.

📌 Yuk segera daftar di laman resmi 👉 admisi-sia.ut.ac.id
Wujudkan mimpimu kuliah tanpa batas!

-------

Semua Bisa Kuliah di Kampus Negeri📚👨🏻🎓🧑🏻🎓✨
Fleksibel Kuliahnya✨, Murah Biayanya, Terjamin Kualitasnya🤩, Terakreditasi A oleh BAN-PT🌟, Tanpa Uang Gedung💵, Tanpa Tes Masuk📝, Tanpa DO🙅🏻

www.ut.ac.id

📝🧑🏻💻Pendaftaran di admisi-sia.ut.ac.id

Daaan...Informasi ini jangan berhenti di kamu. Ayo share informasi ini ke seluruh Indonesia yaa.. 😊✈🇮🇩

#UniversitasTerbuka #KuliahJarakJauh #KuliahOnline #KampusNegeri #KampusBerdampak",1697,281,428,2025-10-01,"kalo mau daftar kuliah tuh yang harus di persiapkan apa sih? duit sih pasti, tapi untuk materi gitu ada ngga? kaya ujian sebelum masuk jurusan mana gitu ada ngga sih ujiannya? bingung😭"
Universitas Terbuka,@univterbuka,73100,"Ini Waktunya Kamu Upgrade Diri! 🫵🔥

🎓 Kuliah itu bukan soal usia, status, atau kesibukan. Kuliah itu soal keberanian untuk melangkah.

Universitas Terbuka hadir membuka pendaftaran mahasiswa baru jalur Non RPL dan RPL Tahun Akademik 2025/2026 Genap.

Dengan sistem pembelajaran terbuka dan jarak jauh, kamu bebas mengatur waktu belajar sesuai ritme hidupmu.

📌 Yuk segera daftar di laman resmi 👉 admisi-sia.ut.ac.id
Wujudkan mimpimu kuliah tanpa batas!

-------

Semua Bisa Kuliah di Kampus Negeri📚👨🏻🎓🧑🏻🎓✨
Fleksibel Kuliahnya✨, Murah Biayanya, Terjamin Kualitasnya🤩, Terakreditasi A oleh BAN-PT🌟, Tanpa Uang Gedung💵, Tanpa Tes Masuk📝, Tanpa DO🙅🏻

www.ut.ac.id

📝🧑🏻💻Pendaftaran di admisi-sia.ut.ac.id

Daaan...Informasi ini jangan berhenti di kamu. Ayo share informasi ini ke seluruh Indonesia yaa.. 😊✈🇮🇩

#UniversitasTerbuka #KuliahJarakJauh #KuliahOnline #KampusNegeri #KampusBerdampak",1697,281,428,2025-10-01,guys ada yg baru mau daftar ga buat 2026? jurusan ilkom yu temenan biar ga lintang lantung
Universitas Terbuka,@univterbuka,73100,"🚀 Mau Glow Up Skill Biar Makin Relevan & Ready Hadapi Masa Depan!? ✨

🎯 Jadi mahasiswa UT itu artinya kamu udah terbiasa fleksibel & mandiri. Nah, biar makin relevan sama dunia kerja & masa depan, skill juga harus terus di-upgrade! 🚀

Dan good news-nya buat kamu, Sahabat UT 🎉, ada banyak info pelatihan kece yang bisa bikin kamu naik level 🚀. Dari soft skill sampe skill teknis, semua ada dan pastinya bermanfaat banget buat mahasiswa maupun umum.

📲 Gak mau ketinggalan kan? Langsung aja cek akun Instagram berikut buat tau update terbaru tentang pelatihan-pelatihan keren yang bisa jadi jalan kamu buat grow & glow! 🌟

✨ Rekomendasi Pelatihan:
Bahasa Isyarat → @pusbisindo
Bahasa Korea → @sangsangunivid
Jurnalistik, Foto, & Menulis Berita → @tempo.institute
Desain Kreatif → @rubrikgrafis
Komunikasi & Public Speaking → @bravespeakers.id
Coding & Teknologi → @dicoding

👉 Follow sekarang biar gak FOMO! 🔥

-------

Semua Bisa Kuliah di Kampus Negeri📚👨🏻🎓🧑🏻🎓✨
Fleksibel Kuliahnya✨, Murah Biayanya, Terjamin Kualitasnya🤩, Terakreditasi A oleh BAN-PT🌟, Tanpa Uang Gedung💵, Tanpa Tes Masuk📝, Tanpa DO🙅🏻

www.ut.ac.id

📝🧑🏻💻Pendaftaran di admisi-sia.ut.ac.id

Daaan...Informasi ini jangan berhenti di kamu. Ayo share informasi ini ke seluruh Indonesia yaa.. 😊✈🇮🇩

#UniversitasTerbuka #KuliahJarakJauh #KuliahOnline #KampusNegeri #KampusBerdampak",199,8,9,2025-09-30,"Kak kapan buka pendaftaran mahasiswa baru lagi
"
Universitas Terbuka,@univterbuka,73100,"🚀 Mau Glow Up Skill Biar Makin Relevan & Ready Hadapi Masa Depan!? ✨

🎯 Jadi mahasiswa UT itu artinya kamu udah terbiasa fleksibel & mandiri. Nah, biar makin relevan sama dunia kerja & masa depan, skill juga harus terus di-upgrade! 🚀

Dan good news-nya buat kamu, Sahabat UT 🎉, ada banyak info pelatihan kece yang bisa bikin kamu naik level 🚀. Dari soft skill sampe skill teknis, semua ada dan pastinya bermanfaat banget buat mahasiswa maupun umum.

📲 Gak mau ketinggalan kan? Langsung aja cek akun Instagram berikut buat tau update terbaru tentang pelatihan-pelatihan keren yang bisa jadi jalan kamu buat grow & glow! 🌟

✨ Rekomendasi Pelatihan:
Bahasa Isyarat → @pusbisindo
Bahasa Korea → @sangsangunivid
Jurnalistik, Foto, & Menulis Berita → @tempo.institute
Desain Kreatif → @rubrikgrafis
Komunikasi & Public Speaking → @bravespeakers.id
Coding & Teknologi → @dicoding

👉 Follow sekarang biar gak FOMO! 🔥

-------

Semua Bisa Kuliah di Kampus Negeri📚👨🏻🎓🧑🏻🎓✨
Fleksibel Kuliahnya✨, Murah Biayanya, Terjamin Kualitasnya🤩, Terakreditasi A oleh BAN-PT🌟, Tanpa Uang Gedung💵, Tanpa Tes Masuk📝, Tanpa DO🙅🏻

www.ut.ac.id

📝🧑🏻💻Pendaftaran di admisi-sia.ut.ac.id

Daaan...Informasi ini jangan berhenti di kamu. Ayo share informasi ini ke seluruh Indonesia yaa.. 😊✈🇮🇩

#UniversitasTerbuka #KuliahJarakJauh #KuliahOnline #KampusNegeri #KampusBerdampak",199,8,9,2025-09-30,aku daftar ut tapi gak nerima gmail verifikasi min pdhl gmail udah bener🥲
Universitas Terbuka,@univterbuka,73100,"🚀 Mau Glow Up Skill Biar Makin Relevan & Ready Hadapi Masa Depan!? ✨

🎯 Jadi mahasiswa UT itu artinya kamu udah terbiasa fleksibel & mandiri. Nah, biar makin relevan sama dunia kerja & masa depan, skill juga harus terus di-upgrade! 🚀

Dan good news-nya buat kamu, Sahabat UT 🎉, ada banyak info pelatihan kece yang bisa bikin kamu naik level 🚀. Dari soft skill sampe skill teknis, semua ada dan pastinya bermanfaat banget buat mahasiswa maupun umum.

📲 Gak mau ketinggalan kan? Langsung aja cek akun Instagram berikut buat tau update terbaru tentang pelatihan-pelatihan keren yang bisa jadi jalan kamu buat grow & glow! 🌟

✨ Rekomendasi Pelatihan:
Bahasa Isyarat → @pusbisindo
Bahasa Korea → @sangsangunivid
Jurnalistik, Foto, & Menulis Berita → @tempo.institute
Desain Kreatif → @rubrikgrafis
Komunikasi & Public Speaking → @bravespeakers.id
Coding & Teknologi → @dicoding

👉 Follow sekarang biar gak FOMO! 🔥

-------

Semua Bisa Kuliah di Kampus Negeri📚👨🏻🎓🧑🏻🎓✨
Fleksibel Kuliahnya✨, Murah Biayanya, Terjamin Kualitasnya🤩, Terakreditasi A oleh BAN-PT🌟, Tanpa Uang Gedung💵, Tanpa Tes Masuk📝, Tanpa DO🙅🏻

www.ut.ac.id

📝🧑🏻💻Pendaftaran di admisi-sia.ut.ac.id

Daaan...Informasi ini jangan berhenti di kamu. Ayo share informasi ini ke seluruh Indonesia yaa.. 😊✈🇮🇩

#UniversitasTerbuka #KuliahJarakJauh #KuliahOnline #KampusNegeri #KampusBerdampak",199,8,9,2025-09-30,🥰
Universitas Terbuka,@univterbuka,73100,"🚀 Mau Glow Up Skill Biar Makin Relevan & Ready Hadapi Masa Depan!? ✨

🎯 Jadi mahasiswa UT itu artinya kamu udah terbiasa fleksibel & mandiri. Nah, biar makin relevan sama dunia kerja & masa depan, skill juga harus terus di-upgrade! 🚀

Dan good news-nya buat kamu, Sahabat UT 🎉, ada banyak info pelatihan kece yang bisa bikin kamu naik level 🚀. Dari soft skill sampe skill teknis, semua ada dan pastinya bermanfaat banget buat mahasiswa maupun umum.

📲 Gak mau ketinggalan kan? Langsung aja cek akun Instagram berikut buat tau update terbaru tentang pelatihan-pelatihan keren yang bisa jadi jalan kamu buat grow & glow! 🌟

✨ Rekomendasi Pelatihan:
Bahasa Isyarat → @pusbisindo
Bahasa Korea → @sangsangunivid
Jurnalistik, Foto, & Menulis Berita → @tempo.institute
Desain Kreatif → @rubrikgrafis
Komunikasi & Public Speaking → @bravespeakers.id
Coding & Teknologi → @dicoding

👉 Follow sekarang biar gak FOMO! 🔥

-------

Semua Bisa Kuliah di Kampus Negeri📚👨🏻🎓🧑🏻🎓✨
Fleksibel Kuliahnya✨, Murah Biayanya, Terjamin Kualitasnya🤩, Terakreditasi A oleh BAN-PT🌟, Tanpa Uang Gedung💵, Tanpa Tes Masuk📝, Tanpa DO🙅🏻

www.ut.ac.id

📝🧑🏻💻Pendaftaran di admisi-sia.ut.ac.id

Daaan...Informasi ini jangan berhenti di kamu. Ayo share informasi ini ke seluruh Indonesia yaa.. 😊✈🇮🇩

#UniversitasTerbuka #KuliahJarakJauh #KuliahOnline #KampusNegeri #KampusBerdampak",199,8,9,2025-09-30,🥺
Universitas Terbuka,@univterbuka,73100,"🚀 Mau Glow Up Skill Biar Makin Relevan & Ready Hadapi Masa Depan!? ✨

🎯 Jadi mahasiswa UT itu artinya kamu udah terbiasa fleksibel & mandiri. Nah, biar makin relevan sama dunia kerja & masa depan, skill juga harus terus di-upgrade! 🚀

Dan good news-nya buat kamu, Sahabat UT 🎉, ada banyak info pelatihan kece yang bisa bikin kamu naik level 🚀. Dari soft skill sampe skill teknis, semua ada dan pastinya bermanfaat banget buat mahasiswa maupun umum.

📲 Gak mau ketinggalan kan? Langsung aja cek akun Instagram berikut buat tau update terbaru tentang pelatihan-pelatihan keren yang bisa jadi jalan kamu buat grow & glow! 🌟

✨ Rekomendasi Pelatihan:
Bahasa Isyarat → @pusbisindo
Bahasa Korea → @sangsangunivid
Jurnalistik, Foto, & Menulis Berita → @tempo.institute
Desain Kreatif → @rubrikgrafis
Komunikasi & Public Speaking → @bravespeakers.id
Coding & Teknologi → @dicoding

👉 Follow sekarang biar gak FOMO! 🔥

-------

Semua Bisa Kuliah di Kampus Negeri📚👨🏻🎓🧑🏻🎓✨
Fleksibel Kuliahnya✨, Murah Biayanya, Terjamin Kualitasnya🤩, Terakreditasi A oleh BAN-PT🌟, Tanpa Uang Gedung💵, Tanpa Tes Masuk📝, Tanpa DO🙅🏻

www.ut.ac.id

📝🧑🏻💻Pendaftaran di admisi-sia.ut.ac.id

Daaan...Informasi ini jangan berhenti di kamu. Ayo share informasi ini ke seluruh Indonesia yaa.. 😊✈🇮🇩

#UniversitasTerbuka #KuliahJarakJauh #KuliahOnline #KampusNegeri #KampusBerdampak",199,8,9,2025-09-30,Udah masuk blm kak?aku jg daftar ga ada email masuk
Universitas Terbuka,@univterbuka,73100,"✨ Kuliah Ala PJJ Itu Menyenangkan ✨

Banyak yang masih mikir kuliah harus berjam-jam duduk di kelas, izin kerja ribet, atau bolak-balik ke kampus. Padahal sejak 1984, Universitas Terbuka sudah hadir dengan sistem Pembelajaran Jarak Jauh (PJJ) yang bikin kuliah jadi lebih fleksibel, terbuka, bisa diikuti oleh siapa aja dan kapan aja.

Bayangin, belajar bisa di mana aja: di tempat kerja, waktu nunggu klien, di rumah, di kafe, bahkan sambil nunggu transportasi saat perjalanan pulang kantorpun tetap bisa. Atau di waktu luang bisa pagi, siang, ataupun malam tanpa harus ngorbanin aktivitas yang kamu sukai. Semua aktivitas tetap jalan, tapi ilmu juga terus bertambah 📚.

Sebagai kampus negeri terakreditasi A BAN-PT, UT kasih jaminan kualitas dengan biaya terjangkau 💵, tanpa uang gedung, tanpa tes masuk, dan… tanpa DO 🙅🏻.

Kuliah di UT bukan cuma soal akademik, tapi juga tentang kebebasan mengatur waktu dengan cara yang fleksibel. Di sini, mahasiswa dilatih mandiri, sekaligus membuka peluang karier yang lebih luas. PJJ di UT sendiri bukan sekadar kuliah online, tapi jadi ajang glow up buat otak dan CV kita 🤩. Selain itu, kita tetap bisa aktif di organisasi mahasiswa, sambil terus mengasah kemandirian dan jadi lebih tech-savvy

Inilah serunya PJJ di Universitas Terbuka: fleksibel, terpercaya, dan pastinya relevan buat generasi sekarang 🚀.

-------

Semua Bisa Kuliah di Kampus Negeri📚👨🏻🎓🧑🏻🎓✨
Fleksibel Kuliahnya✨, Murah Biayanya, Terjamin Kualitasnya🤩, Terakreditasi A oleh BAN-PT🌟, Tanpa Uang Gedung💵, Tanpa Tes Masuk📝, Tanpa DO🙅🏻

www.ut.ac.id

📝🧑🏻💻Pendaftaran di admisi-sia.ut.ac.id

Daaan...Informasi ini jangan berhenti di kamu. Ayo share informasi ini ke seluruh Indonesia yaa.. 😊✈🇮🇩

#UniversitasTerbuka #KuliahJarakJauh #KuliahOnline #KampusNegeri #KampusBerdampak",118,13,9,2025-08-25,"Admin, mohon bantuannya, bulan kemaren saya mintak tolong perpanjangan waktu pembayaran uang kuliah melalui Hallo UT, kemudian dibalas dan diberikan perpanjangan sampai tgl 30 sept, dan status billing berubah menjadi aktif. Tapi hari ini saya mau membayar, tapi kode billing nya berubah jadi ""Out Of Payment"" , mohon bantuannya admin🙏"
Universitas Terbuka,@univterbuka,73100,"✨ Kuliah Ala PJJ Itu Menyenangkan ✨

Banyak yang masih mikir kuliah harus berjam-jam duduk di kelas, izin kerja ribet, atau bolak-balik ke kampus. Padahal sejak 1984, Universitas Terbuka sudah hadir dengan sistem Pembelajaran Jarak Jauh (PJJ) yang bikin kuliah jadi lebih fleksibel, terbuka, bisa diikuti oleh siapa aja dan kapan aja.

Bayangin, belajar bisa di mana aja: di tempat kerja, waktu nunggu klien, di rumah, di kafe, bahkan sambil nunggu transportasi saat perjalanan pulang kantorpun tetap bisa. Atau di waktu luang bisa pagi, siang, ataupun malam tanpa harus ngorbanin aktivitas yang kamu sukai. Semua aktivitas tetap jalan, tapi ilmu juga terus bertambah 📚.

Sebagai kampus negeri terakreditasi A BAN-PT, UT kasih jaminan kualitas dengan biaya terjangkau 💵, tanpa uang gedung, tanpa tes masuk, dan… tanpa DO 🙅🏻.

Kuliah di UT bukan cuma soal akademik, tapi juga tentang kebebasan mengatur waktu dengan cara yang fleksibel. Di sini, mahasiswa dilatih mandiri, sekaligus membuka peluang karier yang lebih luas. PJJ di UT sendiri bukan sekadar kuliah online, tapi jadi ajang glow up buat otak dan CV kita 🤩. Selain itu, kita tetap bisa aktif di organisasi mahasiswa, sambil terus mengasah kemandirian dan jadi lebih tech-savvy

Inilah serunya PJJ di Universitas Terbuka: fleksibel, terpercaya, dan pastinya relevan buat generasi sekarang 🚀.

-------

Semua Bisa Kuliah di Kampus Negeri📚👨🏻🎓🧑🏻🎓✨
Fleksibel Kuliahnya✨, Murah Biayanya, Terjamin Kualitasnya🤩, Terakreditasi A oleh BAN-PT🌟, Tanpa Uang Gedung💵, Tanpa Tes Masuk📝, Tanpa DO🙅🏻

www.ut.ac.id

📝🧑🏻💻Pendaftaran di admisi-sia.ut.ac.id

Daaan...Informasi ini jangan berhenti di kamu. Ayo share informasi ini ke seluruh Indonesia yaa.. 😊✈🇮🇩

#UniversitasTerbuka #KuliahJarakJauh #KuliahOnline #KampusNegeri #KampusBerdampak",118,13,9,2025-08-25,"Ka, aku mau alih kredit ka. Cuma aku pernah daftar tahun 2022. Pas aku mau daftar lagi malah keterangannya ""Nama dan NIK berikut sudah terdaftar"" aku mesti hubungin ke siapa ya ka?"
Universitas Terbuka,@univterbuka,73100,"✨ Kuliah Ala PJJ Itu Menyenangkan ✨

Banyak yang masih mikir kuliah harus berjam-jam duduk di kelas, izin kerja ribet, atau bolak-balik ke kampus. Padahal sejak 1984, Universitas Terbuka sudah hadir dengan sistem Pembelajaran Jarak Jauh (PJJ) yang bikin kuliah jadi lebih fleksibel, terbuka, bisa diikuti oleh siapa aja dan kapan aja.

Bayangin, belajar bisa di mana aja: di tempat kerja, waktu nunggu klien, di rumah, di kafe, bahkan sambil nunggu transportasi saat perjalanan pulang kantorpun tetap bisa. Atau di waktu luang bisa pagi, siang, ataupun malam tanpa harus ngorbanin aktivitas yang kamu sukai. Semua aktivitas tetap jalan, tapi ilmu juga terus bertambah 📚.

Sebagai kampus negeri terakreditasi A BAN-PT, UT kasih jaminan kualitas dengan biaya terjangkau 💵, tanpa uang gedung, tanpa tes masuk, dan… tanpa DO 🙅🏻.

Kuliah di UT bukan cuma soal akademik, tapi juga tentang kebebasan mengatur waktu dengan cara yang fleksibel. Di sini, mahasiswa dilatih mandiri, sekaligus membuka peluang karier yang lebih luas. PJJ di UT sendiri bukan sekadar kuliah online, tapi jadi ajang glow up buat otak dan CV kita 🤩. Selain itu, kita tetap bisa aktif di organisasi mahasiswa, sambil terus mengasah kemandirian dan jadi lebih tech-savvy

Inilah serunya PJJ di Universitas Terbuka: fleksibel, terpercaya, dan pastinya relevan buat generasi sekarang 🚀.

-------

Semua Bisa Kuliah di Kampus Negeri📚👨🏻🎓🧑🏻🎓✨
Fleksibel Kuliahnya✨, Murah Biayanya, Terjamin Kualitasnya🤩, Terakreditasi A oleh BAN-PT🌟, Tanpa Uang Gedung💵, Tanpa Tes Masuk📝, Tanpa DO🙅🏻

www.ut.ac.id

📝🧑🏻💻Pendaftaran di admisi-sia.ut.ac.id

Daaan...Informasi ini jangan berhenti di kamu. Ayo share informasi ini ke seluruh Indonesia yaa.. 😊✈🇮🇩

#UniversitasTerbuka #KuliahJarakJauh #KuliahOnline #KampusNegeri #KampusBerdampak",118,13,9,2025-08-25,aku kirim dm di instagram jawabannya bot dan ga ada salah satu pertanyaan yang aku mau
Universitas Terbuka,@univterbuka,73100,"✨ Kuliah Ala PJJ Itu Menyenangkan ✨

Banyak yang masih mikir kuliah harus berjam-jam duduk di kelas, izin kerja ribet, atau bolak-balik ke kampus. Padahal sejak 1984, Universitas Terbuka sudah hadir dengan sistem Pembelajaran Jarak Jauh (PJJ) yang bikin kuliah jadi lebih fleksibel, terbuka, bisa diikuti oleh siapa aja dan kapan aja.

Bayangin, belajar bisa di mana aja: di tempat kerja, waktu nunggu klien, di rumah, di kafe, bahkan sambil nunggu transportasi saat perjalanan pulang kantorpun tetap bisa. Atau di waktu luang bisa pagi, siang, ataupun malam tanpa harus ngorbanin aktivitas yang kamu sukai. Semua aktivitas tetap jalan, tapi ilmu juga terus bertambah 📚.

Sebagai kampus negeri terakreditasi A BAN-PT, UT kasih jaminan kualitas dengan biaya terjangkau 💵, tanpa uang gedung, tanpa tes masuk, dan… tanpa DO 🙅🏻.

Kuliah di UT bukan cuma soal akademik, tapi juga tentang kebebasan mengatur waktu dengan cara yang fleksibel. Di sini, mahasiswa dilatih mandiri, sekaligus membuka peluang karier yang lebih luas. PJJ di UT sendiri bukan sekadar kuliah online, tapi jadi ajang glow up buat otak dan CV kita 🤩. Selain itu, kita tetap bisa aktif di organisasi mahasiswa, sambil terus mengasah kemandirian dan jadi lebih tech-savvy

Inilah serunya PJJ di Universitas Terbuka: fleksibel, terpercaya, dan pastinya relevan buat generasi sekarang 🚀.

-------

Semua Bisa Kuliah di Kampus Negeri📚👨🏻🎓🧑🏻🎓✨
Fleksibel Kuliahnya✨, Murah Biayanya, Terjamin Kualitasnya🤩, Terakreditasi A oleh BAN-PT🌟, Tanpa Uang Gedung💵, Tanpa Tes Masuk📝, Tanpa DO🙅🏻

www.ut.ac.id

📝🧑🏻💻Pendaftaran di admisi-sia.ut.ac.id

Daaan...Informasi ini jangan berhenti di kamu. Ayo share informasi ini ke seluruh Indonesia yaa.. 😊✈🇮🇩

#UniversitasTerbuka #KuliahJarakJauh #KuliahOnline #KampusNegeri #KampusBerdampak",118,13,9,2025-08-25,😭😭😭
Universitas Terbuka,@univterbuka,73100,"✨ Kuliah Ala PJJ Itu Menyenangkan ✨

Banyak yang masih mikir kuliah harus berjam-jam duduk di kelas, izin kerja ribet, atau bolak-balik ke kampus. Padahal sejak 1984, Universitas Terbuka sudah hadir dengan sistem Pembelajaran Jarak Jauh (PJJ) yang bikin kuliah jadi lebih fleksibel, terbuka, bisa diikuti oleh siapa aja dan kapan aja.

Bayangin, belajar bisa di mana aja: di tempat kerja, waktu nunggu klien, di rumah, di kafe, bahkan sambil nunggu transportasi saat perjalanan pulang kantorpun tetap bisa. Atau di waktu luang bisa pagi, siang, ataupun malam tanpa harus ngorbanin aktivitas yang kamu sukai. Semua aktivitas tetap jalan, tapi ilmu juga terus bertambah 📚.

Sebagai kampus negeri terakreditasi A BAN-PT, UT kasih jaminan kualitas dengan biaya terjangkau 💵, tanpa uang gedung, tanpa tes masuk, dan… tanpa DO 🙅🏻.

Kuliah di UT bukan cuma soal akademik, tapi juga tentang kebebasan mengatur waktu dengan cara yang fleksibel. Di sini, mahasiswa dilatih mandiri, sekaligus membuka peluang karier yang lebih luas. PJJ di UT sendiri bukan sekadar kuliah online, tapi jadi ajang glow up buat otak dan CV kita 🤩. Selain itu, kita tetap bisa aktif di organisasi mahasiswa, sambil terus mengasah kemandirian dan jadi lebih tech-savvy

Inilah serunya PJJ di Universitas Terbuka: fleksibel, terpercaya, dan pastinya relevan buat generasi sekarang 🚀.

-------

Semua Bisa Kuliah di Kampus Negeri📚👨🏻🎓🧑🏻🎓✨
Fleksibel Kuliahnya✨, Murah Biayanya, Terjamin Kualitasnya🤩, Terakreditasi A oleh BAN-PT🌟, Tanpa Uang Gedung💵, Tanpa Tes Masuk📝, Tanpa DO🙅🏻

www.ut.ac.id

📝🧑🏻💻Pendaftaran di admisi-sia.ut.ac.id

Daaan...Informasi ini jangan berhenti di kamu. Ayo share informasi ini ke seluruh Indonesia yaa.. 😊✈🇮🇩

#UniversitasTerbuka #KuliahJarakJauh #KuliahOnline #KampusNegeri #KampusBerdampak",118,13,9,2025-08-25,"plisss, jawab dm ku kaa"
Universitas Terbuka,@univterbuka,73100,"Di Balik Angka IPK, Ada Drama yang Nggak Semua Orang Tau 🎭

Setiap kali ada yang nanya soal IPK, kepala langsung penuh pilihan jawaban:
Harus jujur apa adanya? Bercanda biar nggak tegang? atau harus jawab dengan kata mutiara ala motivator: ‘IPK tinggi belum tentu bahagia, IPK rendah belum tentu gagal.’ 🤡

Padahal, intinya di balik angka IPK ada banyak cerita yang nggak semua orang tau. Dan itu yang bikin perjalanan kuliah kita sebenarnya unik ✨

-------

Semua Bisa Kuliah di Kampus Negeri📚👨🏻🎓🧑🏻🎓✨
Fleksibel Kuliahnya✨, Murah Biayanya, Terjamin Kualitasnya🤩, Terakreditasi A oleh BAN-PT🌟, Tanpa Uang Gedung💵, Tanpa Tes Masuk📝, Tanpa DO🙅🏻

www.ut.ac.id

📝🧑🏻💻Pendaftaran di admisi-sia.ut.ac.id

Daaan...Informasi ini jangan berhenti di kamu. Ayo share informasi ini ke seluruh Indonesia yaa.. 😊✈🇮🇩

#UniversitasTerbuka #KuliahJarakJauh #KuliahOnline #KampusNegeri #KampusBerdampak",46,5,1,2025-09-21,min pendaftaran bisa nya kapan ya?
Universitas Terbuka,@univterbuka,73100,"Di Balik Angka IPK, Ada Drama yang Nggak Semua Orang Tau 🎭

Setiap kali ada yang nanya soal IPK, kepala langsung penuh pilihan jawaban:
Harus jujur apa adanya? Bercanda biar nggak tegang? atau harus jawab dengan kata mutiara ala motivator: ‘IPK tinggi belum tentu bahagia, IPK rendah belum tentu gagal.’ 🤡

Padahal, intinya di balik angka IPK ada banyak cerita yang nggak semua orang tau. Dan itu yang bikin perjalanan kuliah kita sebenarnya unik ✨

-------

Semua Bisa Kuliah di Kampus Negeri📚👨🏻🎓🧑🏻🎓✨
Fleksibel Kuliahnya✨, Murah Biayanya, Terjamin Kualitasnya🤩, Terakreditasi A oleh BAN-PT🌟, Tanpa Uang Gedung💵, Tanpa Tes Masuk📝, Tanpa DO🙅🏻

www.ut.ac.id

📝🧑🏻💻Pendaftaran di admisi-sia.ut.ac.id

Daaan...Informasi ini jangan berhenti di kamu. Ayo share informasi ini ke seluruh Indonesia yaa.. 😊✈🇮🇩

#UniversitasTerbuka #KuliahJarakJauh #KuliahOnline #KampusNegeri #KampusBerdampak",46,5,1,2025-09-21,"Halo kak. Terima kasih atas ketertarikan kakak terhadap UT. Untuk pendaftaran Program Diploma dan Sarjana ditunggu infonya kak di web UT ut.ac.id dan medsos UT.
Terima kasih
CC_Reno"
Universitas Terbuka,@univterbuka,73100,"Di Balik Angka IPK, Ada Drama yang Nggak Semua Orang Tau 🎭

Setiap kali ada yang nanya soal IPK, kepala langsung penuh pilihan jawaban:
Harus jujur apa adanya? Bercanda biar nggak tegang? atau harus jawab dengan kata mutiara ala motivator: ‘IPK tinggi belum tentu bahagia, IPK rendah belum tentu gagal.’ 🤡

Padahal, intinya di balik angka IPK ada banyak cerita yang nggak semua orang tau. Dan itu yang bikin perjalanan kuliah kita sebenarnya unik ✨

-------

Semua Bisa Kuliah di Kampus Negeri📚👨🏻🎓🧑🏻🎓✨
Fleksibel Kuliahnya✨, Murah Biayanya, Terjamin Kualitasnya🤩, Terakreditasi A oleh BAN-PT🌟, Tanpa Uang Gedung💵, Tanpa Tes Masuk📝, Tanpa DO🙅🏻

www.ut.ac.id

📝🧑🏻💻Pendaftaran di admisi-sia.ut.ac.id

Daaan...Informasi ini jangan berhenti di kamu. Ayo share informasi ini ke seluruh Indonesia yaa.. 😊✈🇮🇩

#UniversitasTerbuka #KuliahJarakJauh #KuliahOnline #KampusNegeri #KampusBerdampak",46,5,1,2025-09-21,"Min udah mau tuton nih kok bahan ajar belum dikirim, udah 2 bulan loh nunggu, ga semua mahasiswa nyaman pakai bahan ajar via ba interaktif min, sakit mata lama2 bacanya🙏🏻"
Universitas Terbuka,@univterbuka,73100,"Di Balik Angka IPK, Ada Drama yang Nggak Semua Orang Tau 🎭

Setiap kali ada yang nanya soal IPK, kepala langsung penuh pilihan jawaban:
Harus jujur apa adanya? Bercanda biar nggak tegang? atau harus jawab dengan kata mutiara ala motivator: ‘IPK tinggi belum tentu bahagia, IPK rendah belum tentu gagal.’ 🤡

Padahal, intinya di balik angka IPK ada banyak cerita yang nggak semua orang tau. Dan itu yang bikin perjalanan kuliah kita sebenarnya unik ✨

-------

Semua Bisa Kuliah di Kampus Negeri📚👨🏻🎓🧑🏻🎓✨
Fleksibel Kuliahnya✨, Murah Biayanya, Terjamin Kualitasnya🤩, Terakreditasi A oleh BAN-PT🌟, Tanpa Uang Gedung💵, Tanpa Tes Masuk📝, Tanpa DO🙅🏻

www.ut.ac.id

📝🧑🏻💻Pendaftaran di admisi-sia.ut.ac.id

Daaan...Informasi ini jangan berhenti di kamu. Ayo share informasi ini ke seluruh Indonesia yaa.. 😊✈🇮🇩

#UniversitasTerbuka #KuliahJarakJauh #KuliahOnline #KampusNegeri #KampusBerdampak",46,5,1,2025-09-21,"min, kapan mulai tuton?"
Universitas Terbuka,@univterbuka,73100,"Di Balik Angka IPK, Ada Drama yang Nggak Semua Orang Tau 🎭

Setiap kali ada yang nanya soal IPK, kepala langsung penuh pilihan jawaban:
Harus jujur apa adanya? Bercanda biar nggak tegang? atau harus jawab dengan kata mutiara ala motivator: ‘IPK tinggi belum tentu bahagia, IPK rendah belum tentu gagal.’ 🤡

Padahal, intinya di balik angka IPK ada banyak cerita yang nggak semua orang tau. Dan itu yang bikin perjalanan kuliah kita sebenarnya unik ✨

-------

Semua Bisa Kuliah di Kampus Negeri📚👨🏻🎓🧑🏻🎓✨
Fleksibel Kuliahnya✨, Murah Biayanya, Terjamin Kualitasnya🤩, Terakreditasi A oleh BAN-PT🌟, Tanpa Uang Gedung💵, Tanpa Tes Masuk📝, Tanpa DO🙅🏻

www.ut.ac.id

📝🧑🏻💻Pendaftaran di admisi-sia.ut.ac.id

Daaan...Informasi ini jangan berhenti di kamu. Ayo share informasi ini ke seluruh Indonesia yaa.. 😊✈🇮🇩

#UniversitasTerbuka #KuliahJarakJauh #KuliahOnline #KampusNegeri #KampusBerdampak",46,5,1,2025-09-21,"Halo kak. Perihal Tuton dimulai 6 Oktober 2025 ya kak.
Terima kasih
CC_Reno"
Universitas Terbuka,@univterbuka,73100,"✨ Maba UT Wajib Tahu! ✨

Baru gabung di Universitas Terbuka? 🚀
Nah, biar lancar kuliah jarak jauh di UT, ini 4 kunci yang wajib kamu pegang 👇

1️⃣ Ikuti OSMB, PKBJJ, WT, dan KU supaya kamu paham sistem akademik UT dan cara belajar jarak jauh/online. Cek juga Katalog UT dan cek kalender akademik UT biar tahu informasi akademik dan jadwal-jadwalnya.

2️⃣ Aktif di Tuton (8 sesi: absensi, diskusi, tugas). Ingat, Tuton akan berkontribusi 30% ke nilai akhir mata kuliah dengan ketentuan:
(a) skor UAS mencapai minimal 30% dari skor maksimal UAS mata kuliah,
(b) nilai Tuton harus lebih besar dari nilai UAS.

Sedangkan bagi kamu yang ikut TTM/Tuweb silakan aktif di TTM/Tuweb ya, kontribusi nilai TTM/Tuweb adalah sebesar 50% terhadap nilai akhir mata kuliah dengan ketentuan:
(a) skor UAS mencapai minimal 30% dari skor maksimal UAS mata kuliah,
(b) nilai TTM/Tuweb lebih besar dari nilai UAS.

3️⃣ Rajin baca Buku Materi Pokok (BMP) sebagai sumber belajar utama. Bisa juga pakai bahan ajar interaktif kayak Kotobee/ABADI biar makin seru.

4️⃣ Maksimalkan nilai UAS. Caranya? Pelajari modul + sering latihan soal/quiz di modul ataupun di Tuton karena UAS punya porsi besar dalam penentuan nilai akhir 🎯. Namun perlu kamu ketahui ada juga mata kuliah jenis praktik/praktikum (tanpa UAS) nilainya 100% dari praktik/praktikum. Cek mata kuliahnya melalui Katalog Kurikulum ya 😉

So, UT udah siap dengan semua fasilitasnya, tinggal kamu yang tentuin Langkah agar siap jadi Mahasiswa UT yang sukses 🚀💙

-------

Semua Bisa Kuliah di Kampus Negeri📚👨🏻🎓🧑🏻🎓✨
Fleksibel Kuliahnya✨, Murah Biayanya, Terjamin Kualitasnya🤩, Terakreditasi A oleh BAN-PT🌟, Tanpa Uang Gedung💵, Tanpa Tes Masuk📝, Tanpa DO🙅🏻

www.ut.ac.id

📝🧑🏻💻Pendaftaran di admisi-sia.ut.ac.id

Daaan...Informasi ini jangan berhenti di kamu. Ayo share informasi ini ke seluruh Indonesia yaa.. 😊✈🇮🇩

#UniversitasTerbuka #KuliahJarakJauh #KuliahOnline #KampusNegeri #KampusBerdampak",90,6,5,2025-09-19,min bukanya kurba sekarang nilai tuton berkontribusi 40%?
Universitas Terbuka,@univterbuka,73100,"✨ Maba UT Wajib Tahu! ✨

Baru gabung di Universitas Terbuka? 🚀
Nah, biar lancar kuliah jarak jauh di UT, ini 4 kunci yang wajib kamu pegang 👇

1️⃣ Ikuti OSMB, PKBJJ, WT, dan KU supaya kamu paham sistem akademik UT dan cara belajar jarak jauh/online. Cek juga Katalog UT dan cek kalender akademik UT biar tahu informasi akademik dan jadwal-jadwalnya.

2️⃣ Aktif di Tuton (8 sesi: absensi, diskusi, tugas). Ingat, Tuton akan berkontribusi 30% ke nilai akhir mata kuliah dengan ketentuan:
(a) skor UAS mencapai minimal 30% dari skor maksimal UAS mata kuliah,
(b) nilai Tuton harus lebih besar dari nilai UAS.

Sedangkan bagi kamu yang ikut TTM/Tuweb silakan aktif di TTM/Tuweb ya, kontribusi nilai TTM/Tuweb adalah sebesar 50% terhadap nilai akhir mata kuliah dengan ketentuan:
(a) skor UAS mencapai minimal 30% dari skor maksimal UAS mata kuliah,
(b) nilai TTM/Tuweb lebih besar dari nilai UAS.

3️⃣ Rajin baca Buku Materi Pokok (BMP) sebagai sumber belajar utama. Bisa juga pakai bahan ajar interaktif kayak Kotobee/ABADI biar makin seru.

4️⃣ Maksimalkan nilai UAS. Caranya? Pelajari modul + sering latihan soal/quiz di modul ataupun di Tuton karena UAS punya porsi besar dalam penentuan nilai akhir 🎯. Namun perlu kamu ketahui ada juga mata kuliah jenis praktik/praktikum (tanpa UAS) nilainya 100% dari praktik/praktikum. Cek mata kuliahnya melalui Katalog Kurikulum ya 😉

So, UT udah siap dengan semua fasilitasnya, tinggal kamu yang tentuin Langkah agar siap jadi Mahasiswa UT yang sukses 🚀💙

-------

Semua Bisa Kuliah di Kampus Negeri📚👨🏻🎓🧑🏻🎓✨
Fleksibel Kuliahnya✨, Murah Biayanya, Terjamin Kualitasnya🤩, Terakreditasi A oleh BAN-PT🌟, Tanpa Uang Gedung💵, Tanpa Tes Masuk📝, Tanpa DO🙅🏻

www.ut.ac.id

📝🧑🏻💻Pendaftaran di admisi-sia.ut.ac.id

Daaan...Informasi ini jangan berhenti di kamu. Ayo share informasi ini ke seluruh Indonesia yaa.. 😊✈🇮🇩

#UniversitasTerbuka #KuliahJarakJauh #KuliahOnline #KampusNegeri #KampusBerdampak",90,6,5,2025-09-19,"Halo kak. Di Kurba kontribusi Tuton tetap 30% ke nilai akhir mata kuliah, dengan syarat dan ketentuan seperti pada caption. Tks CC_Reno"
Universitas Terbuka,@univterbuka,73100,"✨ Maba UT Wajib Tahu! ✨

Baru gabung di Universitas Terbuka? 🚀
Nah, biar lancar kuliah jarak jauh di UT, ini 4 kunci yang wajib kamu pegang 👇

1️⃣ Ikuti OSMB, PKBJJ, WT, dan KU supaya kamu paham sistem akademik UT dan cara belajar jarak jauh/online. Cek juga Katalog UT dan cek kalender akademik UT biar tahu informasi akademik dan jadwal-jadwalnya.

2️⃣ Aktif di Tuton (8 sesi: absensi, diskusi, tugas). Ingat, Tuton akan berkontribusi 30% ke nilai akhir mata kuliah dengan ketentuan:
(a) skor UAS mencapai minimal 30% dari skor maksimal UAS mata kuliah,
(b) nilai Tuton harus lebih besar dari nilai UAS.

Sedangkan bagi kamu yang ikut TTM/Tuweb silakan aktif di TTM/Tuweb ya, kontribusi nilai TTM/Tuweb adalah sebesar 50% terhadap nilai akhir mata kuliah dengan ketentuan:
(a) skor UAS mencapai minimal 30% dari skor maksimal UAS mata kuliah,
(b) nilai TTM/Tuweb lebih besar dari nilai UAS.

3️⃣ Rajin baca Buku Materi Pokok (BMP) sebagai sumber belajar utama. Bisa juga pakai bahan ajar interaktif kayak Kotobee/ABADI biar makin seru.

4️⃣ Maksimalkan nilai UAS. Caranya? Pelajari modul + sering latihan soal/quiz di modul ataupun di Tuton karena UAS punya porsi besar dalam penentuan nilai akhir 🎯. Namun perlu kamu ketahui ada juga mata kuliah jenis praktik/praktikum (tanpa UAS) nilainya 100% dari praktik/praktikum. Cek mata kuliahnya melalui Katalog Kurikulum ya 😉

So, UT udah siap dengan semua fasilitasnya, tinggal kamu yang tentuin Langkah agar siap jadi Mahasiswa UT yang sukses 🚀💙

-------

Semua Bisa Kuliah di Kampus Negeri📚👨🏻🎓🧑🏻🎓✨
Fleksibel Kuliahnya✨, Murah Biayanya, Terjamin Kualitasnya🤩, Terakreditasi A oleh BAN-PT🌟, Tanpa Uang Gedung💵, Tanpa Tes Masuk📝, Tanpa DO🙅🏻

www.ut.ac.id

📝🧑🏻💻Pendaftaran di admisi-sia.ut.ac.id

Daaan...Informasi ini jangan berhenti di kamu. Ayo share informasi ini ke seluruh Indonesia yaa.. 😊✈🇮🇩

#UniversitasTerbuka #KuliahJarakJauh #KuliahOnline #KampusNegeri #KampusBerdampak",90,6,5,2025-09-19,min aku blum dpt undgn osmb
Universitas Terbuka,@univterbuka,73100,"✨ Maba UT Wajib Tahu! ✨

Baru gabung di Universitas Terbuka? 🚀
Nah, biar lancar kuliah jarak jauh di UT, ini 4 kunci yang wajib kamu pegang 👇

1️⃣ Ikuti OSMB, PKBJJ, WT, dan KU supaya kamu paham sistem akademik UT dan cara belajar jarak jauh/online. Cek juga Katalog UT dan cek kalender akademik UT biar tahu informasi akademik dan jadwal-jadwalnya.

2️⃣ Aktif di Tuton (8 sesi: absensi, diskusi, tugas). Ingat, Tuton akan berkontribusi 30% ke nilai akhir mata kuliah dengan ketentuan:
(a) skor UAS mencapai minimal 30% dari skor maksimal UAS mata kuliah,
(b) nilai Tuton harus lebih besar dari nilai UAS.

Sedangkan bagi kamu yang ikut TTM/Tuweb silakan aktif di TTM/Tuweb ya, kontribusi nilai TTM/Tuweb adalah sebesar 50% terhadap nilai akhir mata kuliah dengan ketentuan:
(a) skor UAS mencapai minimal 30% dari skor maksimal UAS mata kuliah,
(b) nilai TTM/Tuweb lebih besar dari nilai UAS.

3️⃣ Rajin baca Buku Materi Pokok (BMP) sebagai sumber belajar utama. Bisa juga pakai bahan ajar interaktif kayak Kotobee/ABADI biar makin seru.

4️⃣ Maksimalkan nilai UAS. Caranya? Pelajari modul + sering latihan soal/quiz di modul ataupun di Tuton karena UAS punya porsi besar dalam penentuan nilai akhir 🎯. Namun perlu kamu ketahui ada juga mata kuliah jenis praktik/praktikum (tanpa UAS) nilainya 100% dari praktik/praktikum. Cek mata kuliahnya melalui Katalog Kurikulum ya 😉

So, UT udah siap dengan semua fasilitasnya, tinggal kamu yang tentuin Langkah agar siap jadi Mahasiswa UT yang sukses 🚀💙

-------

Semua Bisa Kuliah di Kampus Negeri📚👨🏻🎓🧑🏻🎓✨
Fleksibel Kuliahnya✨, Murah Biayanya, Terjamin Kualitasnya🤩, Terakreditasi A oleh BAN-PT🌟, Tanpa Uang Gedung💵, Tanpa Tes Masuk📝, Tanpa DO🙅🏻

www.ut.ac.id

📝🧑🏻💻Pendaftaran di admisi-sia.ut.ac.id

Daaan...Informasi ini jangan berhenti di kamu. Ayo share informasi ini ke seluruh Indonesia yaa.. 😊✈🇮🇩

#UniversitasTerbuka #KuliahJarakJauh #KuliahOnline #KampusNegeri #KampusBerdampak",90,6,5,2025-09-19,"Halo kak. Perihal OSMB silakan ditanyakan melalui UT Daerah ya kak.
Terima kasih
CC_Reno"
Universitas Terbuka,@univterbuka,73100,"✨ Maba UT Wajib Tahu! ✨

Baru gabung di Universitas Terbuka? 🚀
Nah, biar lancar kuliah jarak jauh di UT, ini 4 kunci yang wajib kamu pegang 👇

1️⃣ Ikuti OSMB, PKBJJ, WT, dan KU supaya kamu paham sistem akademik UT dan cara belajar jarak jauh/online. Cek juga Katalog UT dan cek kalender akademik UT biar tahu informasi akademik dan jadwal-jadwalnya.

2️⃣ Aktif di Tuton (8 sesi: absensi, diskusi, tugas). Ingat, Tuton akan berkontribusi 30% ke nilai akhir mata kuliah dengan ketentuan:
(a) skor UAS mencapai minimal 30% dari skor maksimal UAS mata kuliah,
(b) nilai Tuton harus lebih besar dari nilai UAS.

Sedangkan bagi kamu yang ikut TTM/Tuweb silakan aktif di TTM/Tuweb ya, kontribusi nilai TTM/Tuweb adalah sebesar 50% terhadap nilai akhir mata kuliah dengan ketentuan:
(a) skor UAS mencapai minimal 30% dari skor maksimal UAS mata kuliah,
(b) nilai TTM/Tuweb lebih besar dari nilai UAS.

3️⃣ Rajin baca Buku Materi Pokok (BMP) sebagai sumber belajar utama. Bisa juga pakai bahan ajar interaktif kayak Kotobee/ABADI biar makin seru.

4️⃣ Maksimalkan nilai UAS. Caranya? Pelajari modul + sering latihan soal/quiz di modul ataupun di Tuton karena UAS punya porsi besar dalam penentuan nilai akhir 🎯. Namun perlu kamu ketahui ada juga mata kuliah jenis praktik/praktikum (tanpa UAS) nilainya 100% dari praktik/praktikum. Cek mata kuliahnya melalui Katalog Kurikulum ya 😉

So, UT udah siap dengan semua fasilitasnya, tinggal kamu yang tentuin Langkah agar siap jadi Mahasiswa UT yang sukses 🚀💙

-------

Semua Bisa Kuliah di Kampus Negeri📚👨🏻🎓🧑🏻🎓✨
Fleksibel Kuliahnya✨, Murah Biayanya, Terjamin Kualitasnya🤩, Terakreditasi A oleh BAN-PT🌟, Tanpa Uang Gedung💵, Tanpa Tes Masuk📝, Tanpa DO🙅🏻

www.ut.ac.id

📝🧑🏻💻Pendaftaran di admisi-sia.ut.ac.id

Daaan...Informasi ini jangan berhenti di kamu. Ayo share informasi ini ke seluruh Indonesia yaa.. 😊✈🇮🇩

#UniversitasTerbuka #KuliahJarakJauh #KuliahOnline #KampusNegeri #KampusBerdampak",90,6,5,2025-09-19,"minn mau nanya, kalo ut itu bisa tatap muka ga apaa online semuaaa"
Universitas Terbuka,@univterbuka,73100,"🎬 Actors. 🎤 Singers. 🏛 Politicians.
Guess what? Many of them chose Universitas Terbuka as their study place! 💙 Why? Because UT gives what others can’t: ultimate flexibility + trusted quality.

They can shine on stage, lead in politics, or perform in front of millions while still chasing their degree. 🚀 That’s the UT way.

Now here’s the real question 👀 👉 Are YOU ready to join their path?

A big update is on the way… So, when will new student registration officially open? ⏳ Hold on, the announcement is coming very soon. One thing’s for sure: you don’t wanna miss it.

⚡ Stay close to our page.
⚡ Keep your eyes wide open for the drop.
⚡ Your future with UT is closer than you think.

Your stage, your spotlight, your success story starts here. Are you in? 🎓✨

‎-------
‎
‎Semua Bisa Kuliah di Kampus Negeri📚👨🏻‍🎓🧑🏻‍🎓✨
‎Fleksibel Kuliahnya✨, Murah Biayanya, Terjamin Kualitasnya🤩, Terakreditasi A oleh BAN-PT🌟, Tanpa Uang Gedung💵, Tanpa Tes Masuk📝, Tanpa DO🙅🏻
‎
‎www.ut.ac.id
‎
‎📝🧑🏻‍💻Pendaftaran di admisi-sia.ut.ac.id
‎
‎Daaan...Informasi ini jangan berhenti di kamu. Ayo share informasi ini ke seluruh teman-temanmu di Indonesia yaa.. 😊✈🇮🇩
‎
‎#UniversitasTerbuka #KuliahJarakJauh #KuliahOnline #OnlineLearning #BiayaMurah #KampusNegeri #KuliahFleksibelSesuaiGayamu #KuliahSambilKerja #UT #KualitasDunia #SemuaBisaKuliah #JanganTakutKuliah #UTBerdampak #KampusBerdampak #UTVibes #StayTuned #FutureStartsHere #PendaftaranMahasiswaBaru2025Genap #Diploma #Sarjana",573,13,31,2025-09-17,buka pendaftaran kpn nih
Universitas Terbuka,@univterbuka,73100,"🎬 Actors. 🎤 Singers. 🏛 Politicians.
Guess what? Many of them chose Universitas Terbuka as their study place! 💙 Why? Because UT gives what others can’t: ultimate flexibility + trusted quality.

They can shine on stage, lead in politics, or perform in front of millions while still chasing their degree. 🚀 That’s the UT way.

Now here’s the real question 👀 👉 Are YOU ready to join their path?

A big update is on the way… So, when will new student registration officially open? ⏳ Hold on, the announcement is coming very soon. One thing’s for sure: you don’t wanna miss it.

⚡ Stay close to our page.
⚡ Keep your eyes wide open for the drop.
⚡ Your future with UT is closer than you think.

Your stage, your spotlight, your success story starts here. Are you in? 🎓✨

‎-------
‎
‎Semua Bisa Kuliah di Kampus Negeri📚👨🏻‍🎓🧑🏻‍🎓✨
‎Fleksibel Kuliahnya✨, Murah Biayanya, Terjamin Kualitasnya🤩, Terakreditasi A oleh BAN-PT🌟, Tanpa Uang Gedung💵, Tanpa Tes Masuk📝, Tanpa DO🙅🏻
‎
‎www.ut.ac.id
‎
‎📝🧑🏻‍💻Pendaftaran di admisi-sia.ut.ac.id
‎
‎Daaan...Informasi ini jangan berhenti di kamu. Ayo share informasi ini ke seluruh teman-temanmu di Indonesia yaa.. 😊✈🇮🇩
‎
‎#UniversitasTerbuka #KuliahJarakJauh #KuliahOnline #OnlineLearning #BiayaMurah #KampusNegeri #KuliahFleksibelSesuaiGayamu #KuliahSambilKerja #UT #KualitasDunia #SemuaBisaKuliah #JanganTakutKuliah #UTBerdampak #KampusBerdampak #UTVibes #StayTuned #FutureStartsHere #PendaftaranMahasiswaBaru2025Genap #Diploma #Sarjana",573,13,31,2025-09-17,"Halo kak. Terima kasih atas ketertarikan kakak terhadap UT. Untuk pendaftaran Program Diploma dan Sarjana, menurut kalender akademik Jalur RPL dibuka bulan September 2025 dan Jalur Non-RPL buka Oktober 2025. Silakan kakak dapat cek berkala info di medsos UT dan kalender akademik. Untuk link pendaftaran di admisi-sia.ut.ac.id ya kak.
Terima kasih
CC_Reno"
Universitas Terbuka,@univterbuka,73100,"🎬 Actors. 🎤 Singers. 🏛 Politicians.
Guess what? Many of them chose Universitas Terbuka as their study place! 💙 Why? Because UT gives what others can’t: ultimate flexibility + trusted quality.

They can shine on stage, lead in politics, or perform in front of millions while still chasing their degree. 🚀 That’s the UT way.

Now here’s the real question 👀 👉 Are YOU ready to join their path?

A big update is on the way… So, when will new student registration officially open? ⏳ Hold on, the announcement is coming very soon. One thing’s for sure: you don’t wanna miss it.

⚡ Stay close to our page.
⚡ Keep your eyes wide open for the drop.
⚡ Your future with UT is closer than you think.

Your stage, your spotlight, your success story starts here. Are you in? 🎓✨

‎-------
‎
‎Semua Bisa Kuliah di Kampus Negeri📚👨🏻‍🎓🧑🏻‍🎓✨
‎Fleksibel Kuliahnya✨, Murah Biayanya, Terjamin Kualitasnya🤩, Terakreditasi A oleh BAN-PT🌟, Tanpa Uang Gedung💵, Tanpa Tes Masuk📝, Tanpa DO🙅🏻
‎
‎www.ut.ac.id
‎
‎📝🧑🏻‍💻Pendaftaran di admisi-sia.ut.ac.id
‎
‎Daaan...Informasi ini jangan berhenti di kamu. Ayo share informasi ini ke seluruh teman-temanmu di Indonesia yaa.. 😊✈🇮🇩
‎
‎#UniversitasTerbuka #KuliahJarakJauh #KuliahOnline #OnlineLearning #BiayaMurah #KampusNegeri #KuliahFleksibelSesuaiGayamu #KuliahSambilKerja #UT #KualitasDunia #SemuaBisaKuliah #JanganTakutKuliah #UTBerdampak #KampusBerdampak #UTVibes #StayTuned #FutureStartsHere #PendaftaranMahasiswaBaru2025Genap #Diploma #Sarjana",573,13,31,2025-09-17,apakah yg usia 38thn bole mendaftar ??
Universitas Terbuka,@univterbuka,73100,"🎬 Actors. 🎤 Singers. 🏛 Politicians.
Guess what? Many of them chose Universitas Terbuka as their study place! 💙 Why? Because UT gives what others can’t: ultimate flexibility + trusted quality.

They can shine on stage, lead in politics, or perform in front of millions while still chasing their degree. 🚀 That’s the UT way.

Now here’s the real question 👀 👉 Are YOU ready to join their path?

A big update is on the way… So, when will new student registration officially open? ⏳ Hold on, the announcement is coming very soon. One thing’s for sure: you don’t wanna miss it.

⚡ Stay close to our page.
⚡ Keep your eyes wide open for the drop.
⚡ Your future with UT is closer than you think.

Your stage, your spotlight, your success story starts here. Are you in? 🎓✨

‎-------
‎
‎Semua Bisa Kuliah di Kampus Negeri📚👨🏻‍🎓🧑🏻‍🎓✨
‎Fleksibel Kuliahnya✨, Murah Biayanya, Terjamin Kualitasnya🤩, Terakreditasi A oleh BAN-PT🌟, Tanpa Uang Gedung💵, Tanpa Tes Masuk📝, Tanpa DO🙅🏻
‎
‎www.ut.ac.id
‎
‎📝🧑🏻‍💻Pendaftaran di admisi-sia.ut.ac.id
‎
‎Daaan...Informasi ini jangan berhenti di kamu. Ayo share informasi ini ke seluruh teman-temanmu di Indonesia yaa.. 😊✈🇮🇩
‎
‎#UniversitasTerbuka #KuliahJarakJauh #KuliahOnline #OnlineLearning #BiayaMurah #KampusNegeri #KuliahFleksibelSesuaiGayamu #KuliahSambilKerja #UT #KualitasDunia #SemuaBisaKuliah #JanganTakutKuliah #UTBerdampak #KampusBerdampak #UTVibes #StayTuned #FutureStartsHere #PendaftaranMahasiswaBaru2025Genap #Diploma #Sarjana",573,13,31,2025-09-17,di salut ambil modul harus bayar 250k
Universitas Terbuka,@univterbuka,73100,"🎬 Actors. 🎤 Singers. 🏛 Politicians.
Guess what? Many of them chose Universitas Terbuka as their study place! 💙 Why? Because UT gives what others can’t: ultimate flexibility + trusted quality.

They can shine on stage, lead in politics, or perform in front of millions while still chasing their degree. 🚀 That’s the UT way.

Now here’s the real question 👀 👉 Are YOU ready to join their path?

A big update is on the way… So, when will new student registration officially open? ⏳ Hold on, the announcement is coming very soon. One thing’s for sure: you don’t wanna miss it.

⚡ Stay close to our page.
⚡ Keep your eyes wide open for the drop.
⚡ Your future with UT is closer than you think.

Your stage, your spotlight, your success story starts here. Are you in? 🎓✨

‎-------
‎
‎Semua Bisa Kuliah di Kampus Negeri📚👨🏻‍🎓🧑🏻‍🎓✨
‎Fleksibel Kuliahnya✨, Murah Biayanya, Terjamin Kualitasnya🤩, Terakreditasi A oleh BAN-PT🌟, Tanpa Uang Gedung💵, Tanpa Tes Masuk📝, Tanpa DO🙅🏻
‎
‎www.ut.ac.id
‎
‎📝🧑🏻‍💻Pendaftaran di admisi-sia.ut.ac.id
‎
‎Daaan...Informasi ini jangan berhenti di kamu. Ayo share informasi ini ke seluruh teman-temanmu di Indonesia yaa.. 😊✈🇮🇩
‎
‎#UniversitasTerbuka #KuliahJarakJauh #KuliahOnline #OnlineLearning #BiayaMurah #KampusNegeri #KuliahFleksibelSesuaiGayamu #KuliahSambilKerja #UT #KualitasDunia #SemuaBisaKuliah #JanganTakutKuliah #UTBerdampak #KampusBerdampak #UTVibes #StayTuned #FutureStartsHere #PendaftaranMahasiswaBaru2025Genap #Diploma #Sarjana",573,13,31,2025-09-17,salam perubahan biar ga begini sikonx terus menerus cetak generasi hebat mumpuni ilmunya biar siap kerja bangun negara shgg Indonesia besar super powe
Universitas Terbuka,@univterbuka,73100,"UT Tau Banget Tempat Nongkrong Gen Z! 🔥

🎬 Lagi sibuk ngejar karier atau lanjut kuliah? Jangan lupa kasih self reward juga, misalnya nonton! 🍿✨

Kemarin kita ke Cinepolis dan surprise banget— ada brosur kece di kasir dan bahkan film pendek UT sebelum layar utama. 🔥

UT emang selalu hadir di momen seru anak muda, fleksibel banget kayak kuliahnya yang bisa kapan aja, di mana aja. 🚀

Siap-siap, UT bakal hadir di seluruh Cinepolis Indonesia. Kuliah tetap penting, tapi harus menyenangkan juga—kayak di UT! 💯

👉 Kalau kamu, lagi nonton film apa sekarang?

-------

Semua Bisa Kuliah di Kampus Negeri📚👨🏻🎓🧑🏻🎓✨
Fleksibel Kuliahnya✨, Murah Biayanya, Terjamin Kualitasnya🤩, Terakreditasi A oleh BAN-PT🌟, Tanpa Uang Gedung💵, Tanpa Tes Masuk📝, Tanpa DO🙅🏻

www.ut.ac.id

📝🧑🏻💻Pendaftaran di admisi-sia.ut.ac.id

Daaan...Informasi ini jangan berhenti di kamu. Ayo share informasi ini ke seluruh Indonesia yaa.. 😊✈🇮🇩

#UniversitasTerbuka #KuliahJarakJauh #KuliahOnline #KampusNegeri #KampusBerdampak",111,11,6,2025-09-16,lulusan SMA bisa daftar gk ka samaa sambill kerjaaa apakah bisaa akuu masuk dari senin sampee sabtu tapi pengen punya pendidikan jugaa huhuu🥺
Universitas Terbuka,@univterbuka,73100,"UT Tau Banget Tempat Nongkrong Gen Z! 🔥

🎬 Lagi sibuk ngejar karier atau lanjut kuliah? Jangan lupa kasih self reward juga, misalnya nonton! 🍿✨

Kemarin kita ke Cinepolis dan surprise banget— ada brosur kece di kasir dan bahkan film pendek UT sebelum layar utama. 🔥

UT emang selalu hadir di momen seru anak muda, fleksibel banget kayak kuliahnya yang bisa kapan aja, di mana aja. 🚀

Siap-siap, UT bakal hadir di seluruh Cinepolis Indonesia. Kuliah tetap penting, tapi harus menyenangkan juga—kayak di UT! 💯

👉 Kalau kamu, lagi nonton film apa sekarang?

-------

Semua Bisa Kuliah di Kampus Negeri📚👨🏻🎓🧑🏻🎓✨
Fleksibel Kuliahnya✨, Murah Biayanya, Terjamin Kualitasnya🤩, Terakreditasi A oleh BAN-PT🌟, Tanpa Uang Gedung💵, Tanpa Tes Masuk📝, Tanpa DO🙅🏻

www.ut.ac.id

📝🧑🏻💻Pendaftaran di admisi-sia.ut.ac.id

Daaan...Informasi ini jangan berhenti di kamu. Ayo share informasi ini ke seluruh Indonesia yaa.. 😊✈🇮🇩

#UniversitasTerbuka #KuliahJarakJauh #KuliahOnline #KampusNegeri #KampusBerdampak",111,11,6,2025-09-16,Info penerimaan maba
Universitas Terbuka,@univterbuka,73100,"UT Tau Banget Tempat Nongkrong Gen Z! 🔥

🎬 Lagi sibuk ngejar karier atau lanjut kuliah? Jangan lupa kasih self reward juga, misalnya nonton! 🍿✨

Kemarin kita ke Cinepolis dan surprise banget— ada brosur kece di kasir dan bahkan film pendek UT sebelum layar utama. 🔥

UT emang selalu hadir di momen seru anak muda, fleksibel banget kayak kuliahnya yang bisa kapan aja, di mana aja. 🚀

Siap-siap, UT bakal hadir di seluruh Cinepolis Indonesia. Kuliah tetap penting, tapi harus menyenangkan juga—kayak di UT! 💯

👉 Kalau kamu, lagi nonton film apa sekarang?

-------

Semua Bisa Kuliah di Kampus Negeri📚👨🏻🎓🧑🏻🎓✨
Fleksibel Kuliahnya✨, Murah Biayanya, Terjamin Kualitasnya🤩, Terakreditasi A oleh BAN-PT🌟, Tanpa Uang Gedung💵, Tanpa Tes Masuk📝, Tanpa DO🙅🏻

www.ut.ac.id

📝🧑🏻💻Pendaftaran di admisi-sia.ut.ac.id

Daaan...Informasi ini jangan berhenti di kamu. Ayo share informasi ini ke seluruh Indonesia yaa.. 😊✈🇮🇩

#UniversitasTerbuka #KuliahJarakJauh #KuliahOnline #KampusNegeri #KampusBerdampak",111,11,6,2025-09-16,asikkkkkkkkk
Universitas Terbuka,@univterbuka,73100,"UT Tau Banget Tempat Nongkrong Gen Z! 🔥

🎬 Lagi sibuk ngejar karier atau lanjut kuliah? Jangan lupa kasih self reward juga, misalnya nonton! 🍿✨

Kemarin kita ke Cinepolis dan surprise banget— ada brosur kece di kasir dan bahkan film pendek UT sebelum layar utama. 🔥

UT emang selalu hadir di momen seru anak muda, fleksibel banget kayak kuliahnya yang bisa kapan aja, di mana aja. 🚀

Siap-siap, UT bakal hadir di seluruh Cinepolis Indonesia. Kuliah tetap penting, tapi harus menyenangkan juga—kayak di UT! 💯

👉 Kalau kamu, lagi nonton film apa sekarang?

-------

Semua Bisa Kuliah di Kampus Negeri📚👨🏻🎓🧑🏻🎓✨
Fleksibel Kuliahnya✨, Murah Biayanya, Terjamin Kualitasnya🤩, Terakreditasi A oleh BAN-PT🌟, Tanpa Uang Gedung💵, Tanpa Tes Masuk📝, Tanpa DO🙅🏻

www.ut.ac.id

📝🧑🏻💻Pendaftaran di admisi-sia.ut.ac.id

Daaan...Informasi ini jangan berhenti di kamu. Ayo share informasi ini ke seluruh Indonesia yaa.. 😊✈🇮🇩

#UniversitasTerbuka #KuliahJarakJauh #KuliahOnline #KampusNegeri #KampusBerdampak",111,11,6,2025-09-16,"soalnya aku ambil non sipas, dan tuton. Dan full online"
Universitas Terbuka,@univterbuka,73100,"UT Tau Banget Tempat Nongkrong Gen Z! 🔥

🎬 Lagi sibuk ngejar karier atau lanjut kuliah? Jangan lupa kasih self reward juga, misalnya nonton! 🍿✨

Kemarin kita ke Cinepolis dan surprise banget— ada brosur kece di kasir dan bahkan film pendek UT sebelum layar utama. 🔥

UT emang selalu hadir di momen seru anak muda, fleksibel banget kayak kuliahnya yang bisa kapan aja, di mana aja. 🚀

Siap-siap, UT bakal hadir di seluruh Cinepolis Indonesia. Kuliah tetap penting, tapi harus menyenangkan juga—kayak di UT! 💯

👉 Kalau kamu, lagi nonton film apa sekarang?

-------

Semua Bisa Kuliah di Kampus Negeri📚👨🏻🎓🧑🏻🎓✨
Fleksibel Kuliahnya✨, Murah Biayanya, Terjamin Kualitasnya🤩, Terakreditasi A oleh BAN-PT🌟, Tanpa Uang Gedung💵, Tanpa Tes Masuk📝, Tanpa DO🙅🏻

www.ut.ac.id

📝🧑🏻💻Pendaftaran di admisi-sia.ut.ac.id

Daaan...Informasi ini jangan berhenti di kamu. Ayo share informasi ini ke seluruh Indonesia yaa.. 😊✈🇮🇩

#UniversitasTerbuka #KuliahJarakJauh #KuliahOnline #KampusNegeri #KampusBerdampak",111,11,6,2025-09-16,Asik!
Universitas Terbuka,@univterbuka,73100,"
📚✨ Sudah tahu belum? Mahasiswa Universitas Terbuka punya banyak fasilitas keren yang bisa dimanfaatkan untuk mendukung proses belajar, lho!

Belajar di UT itu fleksibel, tapi tetap berkualitas tinggi berkat berbagai layanan digital dan sumber daya pembelajaran yang lengkap. Yuk kenali satu per satu fasilitas yang bisa kamu akses sebagai mahasiswa UT! 👇

💻 E-Resources
📖 E-Journal & E-Book
🏫 Smart Library
📧 Email & Microsoft 365
💻 RBV (Ruang Baca Virtual)
📱 Bahan Ajar Digital
📶 Akses Wifi.id
🎓 MOOCs (Kuliah Online Terbuka)
🧑‍🏫 Tutorial Online

✨ Semua fasilitas ini dirancang untuk membuat pengalaman belajar kamu di UT jadi makin maksimal, fleksibel, dan tentunya menyenangkan!

Sudah pakai fasilitas yang mana aja, nih? Yuk, manfaatkan semuanya! 💪

-------

Semua Bisa Kuliah di Kampus Negeri📚👨🏻🎓🧑🏻🎓✨
Fleksibel Kuliahnya✨, Murah Biayanya, Terjamin Kualitasnya🤩, Terakreditasi A oleh BAN-PT🌟, Tanpa Uang Gedung💵, Tanpa Tes Masuk📝, Tanpa DO🙅🏻

www.ut.ac.id

📝🧑🏻💻Pendaftaran di admisi-sia.ut.ac.id

Daaan...Informasi ini jangan berhenti di kamu. Ayo share informasi ini ke seluruh Indonesia yaa.. 😊✈🇮🇩

#UniversitasTerbuka #KuliahJarakJauh #KampusNegeri #KampusBerdampak #FasilitasMahasiswaUT",104,14,2,2025-09-14,@13:kak help ga bisa unduh sertifikat OSMB + stuck 91 % padahal udh beres semua😭 tapi ga bisa isi kehadiran dan sertifikat ga muncul
Universitas Terbuka,@univterbuka,73100,"
📚✨ Sudah tahu belum? Mahasiswa Universitas Terbuka punya banyak fasilitas keren yang bisa dimanfaatkan untuk mendukung proses belajar, lho!

Belajar di UT itu fleksibel, tapi tetap berkualitas tinggi berkat berbagai layanan digital dan sumber daya pembelajaran yang lengkap. Yuk kenali satu per satu fasilitas yang bisa kamu akses sebagai mahasiswa UT! 👇

💻 E-Resources
📖 E-Journal & E-Book
🏫 Smart Library
📧 Email & Microsoft 365
💻 RBV (Ruang Baca Virtual)
📱 Bahan Ajar Digital
📶 Akses Wifi.id
🎓 MOOCs (Kuliah Online Terbuka)
🧑‍🏫 Tutorial Online

✨ Semua fasilitas ini dirancang untuk membuat pengalaman belajar kamu di UT jadi makin maksimal, fleksibel, dan tentunya menyenangkan!

Sudah pakai fasilitas yang mana aja, nih? Yuk, manfaatkan semuanya! 💪

-------

Semua Bisa Kuliah di Kampus Negeri📚👨🏻🎓🧑🏻🎓✨
Fleksibel Kuliahnya✨, Murah Biayanya, Terjamin Kualitasnya🤩, Terakreditasi A oleh BAN-PT🌟, Tanpa Uang Gedung💵, Tanpa Tes Masuk📝, Tanpa DO🙅🏻

www.ut.ac.id

📝🧑🏻💻Pendaftaran di admisi-sia.ut.ac.id

Daaan...Informasi ini jangan berhenti di kamu. Ayo share informasi ini ke seluruh Indonesia yaa.. 😊✈🇮🇩

#UniversitasTerbuka #KuliahJarakJauh #KampusNegeri #KampusBerdampak #FasilitasMahasiswaUT",104,14,2,2025-09-14,maba udah selesai ospek blm kak?
Universitas Terbuka,@univterbuka,73100,"
📚✨ Sudah tahu belum? Mahasiswa Universitas Terbuka punya banyak fasilitas keren yang bisa dimanfaatkan untuk mendukung proses belajar, lho!

Belajar di UT itu fleksibel, tapi tetap berkualitas tinggi berkat berbagai layanan digital dan sumber daya pembelajaran yang lengkap. Yuk kenali satu per satu fasilitas yang bisa kamu akses sebagai mahasiswa UT! 👇

💻 E-Resources
📖 E-Journal & E-Book
🏫 Smart Library
📧 Email & Microsoft 365
💻 RBV (Ruang Baca Virtual)
📱 Bahan Ajar Digital
📶 Akses Wifi.id
🎓 MOOCs (Kuliah Online Terbuka)
🧑‍🏫 Tutorial Online

✨ Semua fasilitas ini dirancang untuk membuat pengalaman belajar kamu di UT jadi makin maksimal, fleksibel, dan tentunya menyenangkan!

Sudah pakai fasilitas yang mana aja, nih? Yuk, manfaatkan semuanya! 💪

-------

Semua Bisa Kuliah di Kampus Negeri📚👨🏻🎓🧑🏻🎓✨
Fleksibel Kuliahnya✨, Murah Biayanya, Terjamin Kualitasnya🤩, Terakreditasi A oleh BAN-PT🌟, Tanpa Uang Gedung💵, Tanpa Tes Masuk📝, Tanpa DO🙅🏻

www.ut.ac.id

📝🧑🏻💻Pendaftaran di admisi-sia.ut.ac.id

Daaan...Informasi ini jangan berhenti di kamu. Ayo share informasi ini ke seluruh Indonesia yaa.. 😊✈🇮🇩

#UniversitasTerbuka #KuliahJarakJauh #KampusNegeri #KampusBerdampak #FasilitasMahasiswaUT",104,14,2,2025-09-14,masih bisa daftar ga min?
Universitas Terbuka,@univterbuka,73100,"
📚✨ Sudah tahu belum? Mahasiswa Universitas Terbuka punya banyak fasilitas keren yang bisa dimanfaatkan untuk mendukung proses belajar, lho!

Belajar di UT itu fleksibel, tapi tetap berkualitas tinggi berkat berbagai layanan digital dan sumber daya pembelajaran yang lengkap. Yuk kenali satu per satu fasilitas yang bisa kamu akses sebagai mahasiswa UT! 👇

💻 E-Resources
📖 E-Journal & E-Book
🏫 Smart Library
📧 Email & Microsoft 365
💻 RBV (Ruang Baca Virtual)
📱 Bahan Ajar Digital
📶 Akses Wifi.id
🎓 MOOCs (Kuliah Online Terbuka)
🧑‍🏫 Tutorial Online

✨ Semua fasilitas ini dirancang untuk membuat pengalaman belajar kamu di UT jadi makin maksimal, fleksibel, dan tentunya menyenangkan!

Sudah pakai fasilitas yang mana aja, nih? Yuk, manfaatkan semuanya! 💪

-------

Semua Bisa Kuliah di Kampus Negeri📚👨🏻🎓🧑🏻🎓✨
Fleksibel Kuliahnya✨, Murah Biayanya, Terjamin Kualitasnya🤩, Terakreditasi A oleh BAN-PT🌟, Tanpa Uang Gedung💵, Tanpa Tes Masuk📝, Tanpa DO🙅🏻

www.ut.ac.id

📝🧑🏻💻Pendaftaran di admisi-sia.ut.ac.id

Daaan...Informasi ini jangan berhenti di kamu. Ayo share informasi ini ke seluruh Indonesia yaa.. 😊✈🇮🇩

#UniversitasTerbuka #KuliahJarakJauh #KampusNegeri #KampusBerdampak #FasilitasMahasiswaUT",104,14,2,2025-09-14,min bulan Oktober buka pendaftaran gak yh?
Universitas Terbuka,@univterbuka,73100,"
📚✨ Sudah tahu belum? Mahasiswa Universitas Terbuka punya banyak fasilitas keren yang bisa dimanfaatkan untuk mendukung proses belajar, lho!

Belajar di UT itu fleksibel, tapi tetap berkualitas tinggi berkat berbagai layanan digital dan sumber daya pembelajaran yang lengkap. Yuk kenali satu per satu fasilitas yang bisa kamu akses sebagai mahasiswa UT! 👇

💻 E-Resources
📖 E-Journal & E-Book
🏫 Smart Library
📧 Email & Microsoft 365
💻 RBV (Ruang Baca Virtual)
📱 Bahan Ajar Digital
📶 Akses Wifi.id
🎓 MOOCs (Kuliah Online Terbuka)
🧑‍🏫 Tutorial Online

✨ Semua fasilitas ini dirancang untuk membuat pengalaman belajar kamu di UT jadi makin maksimal, fleksibel, dan tentunya menyenangkan!

Sudah pakai fasilitas yang mana aja, nih? Yuk, manfaatkan semuanya! 💪

-------

Semua Bisa Kuliah di Kampus Negeri📚👨🏻🎓🧑🏻🎓✨
Fleksibel Kuliahnya✨, Murah Biayanya, Terjamin Kualitasnya🤩, Terakreditasi A oleh BAN-PT🌟, Tanpa Uang Gedung💵, Tanpa Tes Masuk📝, Tanpa DO🙅🏻

www.ut.ac.id

📝🧑🏻💻Pendaftaran di admisi-sia.ut.ac.id

Daaan...Informasi ini jangan berhenti di kamu. Ayo share informasi ini ke seluruh Indonesia yaa.. 😊✈🇮🇩

#UniversitasTerbuka #KuliahJarakJauh #KampusNegeri #KampusBerdampak #FasilitasMahasiswaUT",104,14,2,2025-09-14,"Sertipikat OSMB cara dptnya gmn ya. Selesai isi form angket trus isi apalagi , pliis info dong"
Universitas Terbuka,@univterbuka,73100,"⏳✨ “Kalau bisa mengulang waktu, aku akan memilih UT sebagai titik awal menuju masa depanku.”

Bukan hanya karena fleksibilitas belajarnya.
Bukan hanya karena sistemnya yang mendukung semua kalangan.
Tapi karena di sini… aku menemukan rumah kedua. 🏡

📚 Di Universitas Terbuka, aku belajar lebih dari sekadar teori.
Aku belajar tentang keteguhan hati, konsistensi, dan arti dari sebuah perjuangan.
Belajar menyeimbangkan waktu, menghadapi tantangan, dan tetap berjalan saat semua terasa berat.

Mungkin kita tak bertemu setiap hari.
Mungkin pertemuan kita seringnya lewat layar.
Tapi koneksi yang terjalin… justru terasa sangat nyata.
Kami belajar bersama, berjuang bersama, dan tumbuh bersama. 🌱

Universitas Terbuka telah menjadi bagian penting dalam hidup kami.
📖 Terima kasih, UT
Telah menghadirkan pengalaman yang tidak hanya memberi ilmu,
tapi juga membentuk karakter dan membuka jalan menuju masa depan. 🌟

-------

Semua Bisa Kuliah di Kampus Negeri📚👨🏻🎓🧑🏻🎓✨
Fleksibel Kuliahnya✨, Murah Biayanya, Terjamin Kualitasnya🤩, Terakreditasi A oleh BAN-PT🌟, Tanpa Uang Gedung💵, Tanpa Tes Masuk📝, Tanpa DO🙅🏻

www.ut.ac.id

📝🧑🏻💻Pendaftaran di admisi-sia.ut.ac.id

Daaan...Informasi ini jangan berhenti di kamu. Ayo share informasi ini ke seluruh Indonesia yaa.. 😊✈🇮🇩

‎#UniversitasTerbuka #KuliahJarakJauh #KampusNegeri #KampusBerdampak #AlumniUT",155,11,5,2025-09-13,ka izin bertanya ko saya gabisa baca modul di kotobee ya? Bacaannya “book access denied” trs ka?
Universitas Terbuka,@univterbuka,73100,"⏳✨ “Kalau bisa mengulang waktu, aku akan memilih UT sebagai titik awal menuju masa depanku.”

Bukan hanya karena fleksibilitas belajarnya.
Bukan hanya karena sistemnya yang mendukung semua kalangan.
Tapi karena di sini… aku menemukan rumah kedua. 🏡

📚 Di Universitas Terbuka, aku belajar lebih dari sekadar teori.
Aku belajar tentang keteguhan hati, konsistensi, dan arti dari sebuah perjuangan.
Belajar menyeimbangkan waktu, menghadapi tantangan, dan tetap berjalan saat semua terasa berat.

Mungkin kita tak bertemu setiap hari.
Mungkin pertemuan kita seringnya lewat layar.
Tapi koneksi yang terjalin… justru terasa sangat nyata.
Kami belajar bersama, berjuang bersama, dan tumbuh bersama. 🌱

Universitas Terbuka telah menjadi bagian penting dalam hidup kami.
📖 Terima kasih, UT
Telah menghadirkan pengalaman yang tidak hanya memberi ilmu,
tapi juga membentuk karakter dan membuka jalan menuju masa depan. 🌟

-------

Semua Bisa Kuliah di Kampus Negeri📚👨🏻🎓🧑🏻🎓✨
Fleksibel Kuliahnya✨, Murah Biayanya, Terjamin Kualitasnya🤩, Terakreditasi A oleh BAN-PT🌟, Tanpa Uang Gedung💵, Tanpa Tes Masuk📝, Tanpa DO🙅🏻

www.ut.ac.id

📝🧑🏻💻Pendaftaran di admisi-sia.ut.ac.id

Daaan...Informasi ini jangan berhenti di kamu. Ayo share informasi ini ke seluruh Indonesia yaa.. 😊✈🇮🇩

‎#UniversitasTerbuka #KuliahJarakJauh #KampusNegeri #KampusBerdampak #AlumniUT",155,11,5,2025-09-13,"Halo kak. Untuk akses ke kotobee silakan login dulu ke MyUT lalu scroll ke bawah pada menu ""Digital Library"" > pilih Bahan Ajar Digital""
Tks CC_Reno"
Universitas Terbuka,@univterbuka,73100,"⏳✨ “Kalau bisa mengulang waktu, aku akan memilih UT sebagai titik awal menuju masa depanku.”

Bukan hanya karena fleksibilitas belajarnya.
Bukan hanya karena sistemnya yang mendukung semua kalangan.
Tapi karena di sini… aku menemukan rumah kedua. 🏡

📚 Di Universitas Terbuka, aku belajar lebih dari sekadar teori.
Aku belajar tentang keteguhan hati, konsistensi, dan arti dari sebuah perjuangan.
Belajar menyeimbangkan waktu, menghadapi tantangan, dan tetap berjalan saat semua terasa berat.

Mungkin kita tak bertemu setiap hari.
Mungkin pertemuan kita seringnya lewat layar.
Tapi koneksi yang terjalin… justru terasa sangat nyata.
Kami belajar bersama, berjuang bersama, dan tumbuh bersama. 🌱

Universitas Terbuka telah menjadi bagian penting dalam hidup kami.
📖 Terima kasih, UT
Telah menghadirkan pengalaman yang tidak hanya memberi ilmu,
tapi juga membentuk karakter dan membuka jalan menuju masa depan. 🌟

-------

Semua Bisa Kuliah di Kampus Negeri📚👨🏻🎓🧑🏻🎓✨
Fleksibel Kuliahnya✨, Murah Biayanya, Terjamin Kualitasnya🤩, Terakreditasi A oleh BAN-PT🌟, Tanpa Uang Gedung💵, Tanpa Tes Masuk📝, Tanpa DO🙅🏻

www.ut.ac.id

📝🧑🏻💻Pendaftaran di admisi-sia.ut.ac.id

Daaan...Informasi ini jangan berhenti di kamu. Ayo share informasi ini ke seluruh Indonesia yaa.. 😊✈🇮🇩

‎#UniversitasTerbuka #KuliahJarakJauh #KampusNegeri #KampusBerdampak #AlumniUT",155,11,5,2025-09-13,Please kak jangan pelit nilai😭soalnya otaknya gadibagi kuliah aja tapi kerja juga😭
Universitas Terbuka,@univterbuka,73100,"⏳✨ “Kalau bisa mengulang waktu, aku akan memilih UT sebagai titik awal menuju masa depanku.”

Bukan hanya karena fleksibilitas belajarnya.
Bukan hanya karena sistemnya yang mendukung semua kalangan.
Tapi karena di sini… aku menemukan rumah kedua. 🏡

📚 Di Universitas Terbuka, aku belajar lebih dari sekadar teori.
Aku belajar tentang keteguhan hati, konsistensi, dan arti dari sebuah perjuangan.
Belajar menyeimbangkan waktu, menghadapi tantangan, dan tetap berjalan saat semua terasa berat.

Mungkin kita tak bertemu setiap hari.
Mungkin pertemuan kita seringnya lewat layar.
Tapi koneksi yang terjalin… justru terasa sangat nyata.
Kami belajar bersama, berjuang bersama, dan tumbuh bersama. 🌱

Universitas Terbuka telah menjadi bagian penting dalam hidup kami.
📖 Terima kasih, UT
Telah menghadirkan pengalaman yang tidak hanya memberi ilmu,
tapi juga membentuk karakter dan membuka jalan menuju masa depan. 🌟

-------

Semua Bisa Kuliah di Kampus Negeri📚👨🏻🎓🧑🏻🎓✨
Fleksibel Kuliahnya✨, Murah Biayanya, Terjamin Kualitasnya🤩, Terakreditasi A oleh BAN-PT🌟, Tanpa Uang Gedung💵, Tanpa Tes Masuk📝, Tanpa DO🙅🏻

www.ut.ac.id

📝🧑🏻💻Pendaftaran di admisi-sia.ut.ac.id

Daaan...Informasi ini jangan berhenti di kamu. Ayo share informasi ini ke seluruh Indonesia yaa.. 😊✈🇮🇩

‎#UniversitasTerbuka #KuliahJarakJauh #KampusNegeri #KampusBerdampak #AlumniUT",155,11,5,2025-09-13,"Halo kak. Perihal nilai sesuai ketentuan di Katalog UT ya kak, tetap semangat. Terima kasih CC_Reno"
Universitas Terbuka,@univterbuka,73100,"⏳✨ “Kalau bisa mengulang waktu, aku akan memilih UT sebagai titik awal menuju masa depanku.”

Bukan hanya karena fleksibilitas belajarnya.
Bukan hanya karena sistemnya yang mendukung semua kalangan.
Tapi karena di sini… aku menemukan rumah kedua. 🏡

📚 Di Universitas Terbuka, aku belajar lebih dari sekadar teori.
Aku belajar tentang keteguhan hati, konsistensi, dan arti dari sebuah perjuangan.
Belajar menyeimbangkan waktu, menghadapi tantangan, dan tetap berjalan saat semua terasa berat.

Mungkin kita tak bertemu setiap hari.
Mungkin pertemuan kita seringnya lewat layar.
Tapi koneksi yang terjalin… justru terasa sangat nyata.
Kami belajar bersama, berjuang bersama, dan tumbuh bersama. 🌱

Universitas Terbuka telah menjadi bagian penting dalam hidup kami.
📖 Terima kasih, UT
Telah menghadirkan pengalaman yang tidak hanya memberi ilmu,
tapi juga membentuk karakter dan membuka jalan menuju masa depan. 🌟

-------

Semua Bisa Kuliah di Kampus Negeri📚👨🏻🎓🧑🏻🎓✨
Fleksibel Kuliahnya✨, Murah Biayanya, Terjamin Kualitasnya🤩, Terakreditasi A oleh BAN-PT🌟, Tanpa Uang Gedung💵, Tanpa Tes Masuk📝, Tanpa DO🙅🏻

www.ut.ac.id

📝🧑🏻💻Pendaftaran di admisi-sia.ut.ac.id

Daaan...Informasi ini jangan berhenti di kamu. Ayo share informasi ini ke seluruh Indonesia yaa.. 😊✈🇮🇩

‎#UniversitasTerbuka #KuliahJarakJauh #KampusNegeri #KampusBerdampak #AlumniUT",155,11,5,2025-09-13,Min kenapa proses ijazah lama banget ya dari april sampe sekarang masih proses DAAK 🥲
Universitas Terbuka,@univterbuka,73100,"Sambil Kuliah, Sambil Kerja di BUMN? Bisa Banget! ✨
Karena masa depan itu dibangun dari sekarang, bukan nanti. Jadi, jangan sampai kamu terjebak pilihan: kuliah dulu atau kerja dulu. Faktanya, keduanya bisa berjalan beriringan asal kamu pintar mengatur prioritas. Di BUMN, kamu bakal dapat banyak pengalaman berharga, mulai dari skill profesional sampai jejaring luas. Di sisi lain, kuliah tetap memberi kamu bekal teori untuk mendukung kariermu. 🌟📚

👉 Yuk, cek daftar website karier resmi BUMN di slide ke-2, siapa tahu ada peluang yang cocok buat kamu.

-------

Semua Bisa Kuliah di Kampus Negeri📚👨🏻🎓🧑🏻🎓✨
Fleksibel Kuliahnya✨, Murah Biayanya, Terjamin Kualitasnya🤩, Terakreditasi A oleh BAN-PT🌟, Tanpa Uang Gedung💵, Tanpa Tes Masuk📝, Tanpa DO🙅🏻

www.ut.ac.id

📝🧑🏻💻Pendaftaran di admisi-sia.ut.ac.id

Daaan...Informasi ini jangan berhenti di kamu. Ayo share informasi ini ke seluruh Indonesia yaa.. 😊✈🇮🇩

‎#UniversitasTerbuka #KuliahJarakJauh #KampusNegeri #KampusBerdampak #BUMN",999,13,58,2025-09-11,min pendaftaran buat 2026 bulan apa?
Universitas Terbuka,@univterbuka,73100,"Sambil Kuliah, Sambil Kerja di BUMN? Bisa Banget! ✨
Karena masa depan itu dibangun dari sekarang, bukan nanti. Jadi, jangan sampai kamu terjebak pilihan: kuliah dulu atau kerja dulu. Faktanya, keduanya bisa berjalan beriringan asal kamu pintar mengatur prioritas. Di BUMN, kamu bakal dapat banyak pengalaman berharga, mulai dari skill profesional sampai jejaring luas. Di sisi lain, kuliah tetap memberi kamu bekal teori untuk mendukung kariermu. 🌟📚

👉 Yuk, cek daftar website karier resmi BUMN di slide ke-2, siapa tahu ada peluang yang cocok buat kamu.

-------

Semua Bisa Kuliah di Kampus Negeri📚👨🏻🎓🧑🏻🎓✨
Fleksibel Kuliahnya✨, Murah Biayanya, Terjamin Kualitasnya🤩, Terakreditasi A oleh BAN-PT🌟, Tanpa Uang Gedung💵, Tanpa Tes Masuk📝, Tanpa DO🙅🏻

www.ut.ac.id

📝🧑🏻💻Pendaftaran di admisi-sia.ut.ac.id

Daaan...Informasi ini jangan berhenti di kamu. Ayo share informasi ini ke seluruh Indonesia yaa.. 😊✈🇮🇩

‎#UniversitasTerbuka #KuliahJarakJauh #KampusNegeri #KampusBerdampak #BUMN",999,13,58,2025-09-11,"min, mau tanya beli Almamater UT dimana ya?"
Universitas Terbuka,@univterbuka,73100,"Sambil Kuliah, Sambil Kerja di BUMN? Bisa Banget! ✨
Karena masa depan itu dibangun dari sekarang, bukan nanti. Jadi, jangan sampai kamu terjebak pilihan: kuliah dulu atau kerja dulu. Faktanya, keduanya bisa berjalan beriringan asal kamu pintar mengatur prioritas. Di BUMN, kamu bakal dapat banyak pengalaman berharga, mulai dari skill profesional sampai jejaring luas. Di sisi lain, kuliah tetap memberi kamu bekal teori untuk mendukung kariermu. 🌟📚

👉 Yuk, cek daftar website karier resmi BUMN di slide ke-2, siapa tahu ada peluang yang cocok buat kamu.

-------

Semua Bisa Kuliah di Kampus Negeri📚👨🏻🎓🧑🏻🎓✨
Fleksibel Kuliahnya✨, Murah Biayanya, Terjamin Kualitasnya🤩, Terakreditasi A oleh BAN-PT🌟, Tanpa Uang Gedung💵, Tanpa Tes Masuk📝, Tanpa DO🙅🏻

www.ut.ac.id

📝🧑🏻💻Pendaftaran di admisi-sia.ut.ac.id

Daaan...Informasi ini jangan berhenti di kamu. Ayo share informasi ini ke seluruh Indonesia yaa.. 😊✈🇮🇩

‎#UniversitasTerbuka #KuliahJarakJauh #KampusNegeri #KampusBerdampak #BUMN",999,13,58,2025-09-11,kak bantu jawab.belinya bisa online dan bisa juga ketempat ut nya kak.biasany kalau pas osmb ada yg jualan di tempat osmbny kak
Universitas Terbuka,@univterbuka,73100,"Sambil Kuliah, Sambil Kerja di BUMN? Bisa Banget! ✨
Karena masa depan itu dibangun dari sekarang, bukan nanti. Jadi, jangan sampai kamu terjebak pilihan: kuliah dulu atau kerja dulu. Faktanya, keduanya bisa berjalan beriringan asal kamu pintar mengatur prioritas. Di BUMN, kamu bakal dapat banyak pengalaman berharga, mulai dari skill profesional sampai jejaring luas. Di sisi lain, kuliah tetap memberi kamu bekal teori untuk mendukung kariermu. 🌟📚

👉 Yuk, cek daftar website karier resmi BUMN di slide ke-2, siapa tahu ada peluang yang cocok buat kamu.

-------

Semua Bisa Kuliah di Kampus Negeri📚👨🏻🎓🧑🏻🎓✨
Fleksibel Kuliahnya✨, Murah Biayanya, Terjamin Kualitasnya🤩, Terakreditasi A oleh BAN-PT🌟, Tanpa Uang Gedung💵, Tanpa Tes Masuk📝, Tanpa DO🙅🏻

www.ut.ac.id

📝🧑🏻💻Pendaftaran di admisi-sia.ut.ac.id

Daaan...Informasi ini jangan berhenti di kamu. Ayo share informasi ini ke seluruh Indonesia yaa.. 😊✈🇮🇩

‎#UniversitasTerbuka #KuliahJarakJauh #KampusNegeri #KampusBerdampak #BUMN",999,13,58,2025-09-11,min mau nanya kalau masuk universitas ini harus dapat nilai sempurna kah untuk diterima atau meski nilai jelek tetap diterima?
Universitas Terbuka,@univterbuka,73100,"Sambil Kuliah, Sambil Kerja di BUMN? Bisa Banget! ✨
Karena masa depan itu dibangun dari sekarang, bukan nanti. Jadi, jangan sampai kamu terjebak pilihan: kuliah dulu atau kerja dulu. Faktanya, keduanya bisa berjalan beriringan asal kamu pintar mengatur prioritas. Di BUMN, kamu bakal dapat banyak pengalaman berharga, mulai dari skill profesional sampai jejaring luas. Di sisi lain, kuliah tetap memberi kamu bekal teori untuk mendukung kariermu. 🌟📚

👉 Yuk, cek daftar website karier resmi BUMN di slide ke-2, siapa tahu ada peluang yang cocok buat kamu.

-------

Semua Bisa Kuliah di Kampus Negeri📚👨🏻🎓🧑🏻🎓✨
Fleksibel Kuliahnya✨, Murah Biayanya, Terjamin Kualitasnya🤩, Terakreditasi A oleh BAN-PT🌟, Tanpa Uang Gedung💵, Tanpa Tes Masuk📝, Tanpa DO🙅🏻

www.ut.ac.id

📝🧑🏻💻Pendaftaran di admisi-sia.ut.ac.id

Daaan...Informasi ini jangan berhenti di kamu. Ayo share informasi ini ke seluruh Indonesia yaa.. 😊✈🇮🇩

‎#UniversitasTerbuka #KuliahJarakJauh #KampusNegeri #KampusBerdampak #BUMN",999,13,58,2025-09-11,"Halo kak. Untuk mendaftar ke UT syaratnya lulus SMA sederajat, tidak ada syarat nilai. Terima kasih CC_Reno"
Universitas Terbuka,@univterbuka,73100,"Belum dapat bahan ajar cetakmu? Tenang ya, Sobat UT 💙
Saat ini pengiriman sedikit tertunda karena ada penyesuaian kurikulum. Bahan ajar sedang direstok, tapi tenang... bahan ajar kamu tetap akan dikirim ke alamat yang terdaftar kok 🤗

Sambil nunggu paket datang, kamu bisa langsung pakai versi digital melalui MyUT.ut.ac.id. Cara loginnya gampang banget:
1. Login laman MyUT.ut.ac.id dengan username: nim@ecampus.ut.ac.id dan password: Ut[tanggal lahir][bulan lahir][tahun lahir].
Contoh:
Username: 0546xxxxx@ecampus.ut.ac.id
Password: Ut21091997
2. Setelah login pada MyUT, scroll ke bawah pada menu ""Digital Library""
3. Pilih sub menu ""Bahan Ajar Digital""
4. Kemudian, akan muncul buku-buku yang diregistrasikan

Kalau masih bingung atau ada kendala, silakan buat tiket pengaduan di 👉 https://hallo-ut.ut.ac.id/create/ticket atau email ke puslabapeduli@ecampus.ut.ac.id

UT selalu nemenin kamu di setiap langkah 💙
Tetap semangat belajar ya, Sobat UT! 🚀✨

-------

Semua Bisa Kuliah di Kampus Negeri📚👨🏻🎓🧑🏻🎓✨
Fleksibel Kuliahnya✨, Murah Biayanya, Terjamin Kualitas",69,8,6,2025-09-11,UT ngga jelas. JANGAN KULIAH DI SINI guys
Universitas Terbuka,@univterbuka,73100,"Belum dapat bahan ajar cetakmu? Tenang ya, Sobat UT 💙
Saat ini pengiriman sedikit tertunda karena ada penyesuaian kurikulum. Bahan ajar sedang direstok, tapi tenang... bahan ajar kamu tetap akan dikirim ke alamat yang terdaftar kok 🤗

Sambil nunggu paket datang, kamu bisa langsung pakai versi digital melalui MyUT.ut.ac.id. Cara loginnya gampang banget:
1. Login laman MyUT.ut.ac.id dengan username: nim@ecampus.ut.ac.id dan password: Ut[tanggal lahir][bulan lahir][tahun lahir].
Contoh:
Username: 0546xxxxx@ecampus.ut.ac.id
Password: Ut21091997
2. Setelah login pada MyUT, scroll ke bawah pada menu ""Digital Library""
3. Pilih sub menu ""Bahan Ajar Digital""
4. Kemudian, akan muncul buku-buku yang diregistrasikan

Kalau masih bingung atau ada kendala, silakan buat tiket pengaduan di 👉 https://hallo-ut.ut.ac.id/create/ticket atau email ke puslabapeduli@ecampus.ut.ac.id

UT selalu nemenin kamu di setiap langkah 💙
Tetap semangat belajar ya, Sobat UT! 🚀✨

-------

Semua Bisa Kuliah di Kampus Negeri📚👨🏻🎓🧑🏻🎓✨
Fleksibel Kuliahnya✨, Murah Biayanya, Terjamin Kualitas",69,8,6,2025-09-11,"Sudah saya coba tapi yang muncul ""Access Denied"""
Universitas Terbuka,@univterbuka,73100,"Belum dapat bahan ajar cetakmu? Tenang ya, Sobat UT 💙
Saat ini pengiriman sedikit tertunda karena ada penyesuaian kurikulum. Bahan ajar sedang direstok, tapi tenang... bahan ajar kamu tetap akan dikirim ke alamat yang terdaftar kok 🤗

Sambil nunggu paket datang, kamu bisa langsung pakai versi digital melalui MyUT.ut.ac.id. Cara loginnya gampang banget:
1. Login laman MyUT.ut.ac.id dengan username: nim@ecampus.ut.ac.id dan password: Ut[tanggal lahir][bulan lahir][tahun lahir].
Contoh:
Username: 0546xxxxx@ecampus.ut.ac.id
Password: Ut21091997
2. Setelah login pada MyUT, scroll ke bawah pada menu ""Digital Library""
3. Pilih sub menu ""Bahan Ajar Digital""
4. Kemudian, akan muncul buku-buku yang diregistrasikan

Kalau masih bingung atau ada kendala, silakan buat tiket pengaduan di 👉 https://hallo-ut.ut.ac.id/create/ticket atau email ke puslabapeduli@ecampus.ut.ac.id

UT selalu nemenin kamu di setiap langkah 💙
Tetap semangat belajar ya, Sobat UT! 🚀✨

-------

Semua Bisa Kuliah di Kampus Negeri📚👨🏻🎓🧑🏻🎓✨
Fleksibel Kuliahnya✨, Murah Biayanya, Terjamin Kualitas",69,8,6,2025-09-11,Adakah no whatsapp UT Jakarta min? Saya ingin konsultasi sebelum mendaftar
Universitas Terbuka,@univterbuka,73100,"Belum dapat bahan ajar cetakmu? Tenang ya, Sobat UT 💙
Saat ini pengiriman sedikit tertunda karena ada penyesuaian kurikulum. Bahan ajar sedang direstok, tapi tenang... bahan ajar kamu tetap akan dikirim ke alamat yang terdaftar kok 🤗

Sambil nunggu paket datang, kamu bisa langsung pakai versi digital melalui MyUT.ut.ac.id. Cara loginnya gampang banget:
1. Login laman MyUT.ut.ac.id dengan username: nim@ecampus.ut.ac.id dan password: Ut[tanggal lahir][bulan lahir][tahun lahir].
Contoh:
Username: 0546xxxxx@ecampus.ut.ac.id
Password: Ut21091997
2. Setelah login pada MyUT, scroll ke bawah pada menu ""Digital Library""
3. Pilih sub menu ""Bahan Ajar Digital""
4. Kemudian, akan muncul buku-buku yang diregistrasikan

Kalau masih bingung atau ada kendala, silakan buat tiket pengaduan di 👉 https://hallo-ut.ut.ac.id/create/ticket atau email ke puslabapeduli@ecampus.ut.ac.id

UT selalu nemenin kamu di setiap langkah 💙
Tetap semangat belajar ya, Sobat UT! 🚀✨

-------

Semua Bisa Kuliah di Kampus Negeri📚👨🏻🎓🧑🏻🎓✨
Fleksibel Kuliahnya✨, Murah Biayanya, Terjamin Kualitas",69,8,6,2025-09-11,"kak saya selalu gagal masuk untuk BA digital dari my UT, padahal username dan password benar."
Universitas Terbuka,@univterbuka,73100,"Belum dapat bahan ajar cetakmu? Tenang ya, Sobat UT 💙
Saat ini pengiriman sedikit tertunda karena ada penyesuaian kurikulum. Bahan ajar sedang direstok, tapi tenang... bahan ajar kamu tetap akan dikirim ke alamat yang terdaftar kok 🤗

Sambil nunggu paket datang, kamu bisa langsung pakai versi digital melalui MyUT.ut.ac.id. Cara loginnya gampang banget:
1. Login laman MyUT.ut.ac.id dengan username: nim@ecampus.ut.ac.id dan password: Ut[tanggal lahir][bulan lahir][tahun lahir].
Contoh:
Username: 0546xxxxx@ecampus.ut.ac.id
Password: Ut21091997
2. Setelah login pada MyUT, scroll ke bawah pada menu ""Digital Library""
3. Pilih sub menu ""Bahan Ajar Digital""
4. Kemudian, akan muncul buku-buku yang diregistrasikan

Kalau masih bingung atau ada kendala, silakan buat tiket pengaduan di 👉 https://hallo-ut.ut.ac.id/create/ticket atau email ke puslabapeduli@ecampus.ut.ac.id

UT selalu nemenin kamu di setiap langkah 💙
Tetap semangat belajar ya, Sobat UT! 🚀✨

-------

Semua Bisa Kuliah di Kampus Negeri📚👨🏻🎓🧑🏻🎓✨
Fleksibel Kuliahnya✨, Murah Biayanya, Terjamin Kualitas",69,8,6,2025-09-11,👍👍👍👍👍👍👍👍👍👍👍
Universitas Terbuka,@univterbuka,73100,"🏆🌍 UT Mendunia, Bikin Bangga Indonesia! 🌍🏆
‎
‎Big news, guys! 🚀 Universitas Terbuka baru aja meraih penghargaan Global SDGs Leadership in Borderless and Inclusive Higher Education 🔥
‎
‎Ini bukan sekadar piala, tapi pengakuan dunia atas perjuangan UT menghadirkan pendidikan tanpa batas & inklusif:
‎🌱 Menjangkau daerah 3T
‎🌏 Mendukung pekerja migran
‎💸 Biaya yang tetap terjangkau
‎📚 Akses belajar di mana aja & kapan aja
‎
‎Semua ini sejalan dengan Sustainable Development Goals (SDGs) atau Tujuan Pembangunan Berkelanjutan 🌍 buat pendidikan, kesejahteraan, dan masa depan ekonomi bangsa.
‎
‎👏 Selamat buat seluruh Sivitas UT—mahasiswa, dosen, staf, dan semua pejuang pendidikan jarak jauh. Kalianlah bukti nyata bahwa kuliah gak kenal jarak & gak kenal batas.
‎
‎💙 Universitas Terbuka, kontribusi nyata untuk Indonesia Emas 2045!
‎
‎Penasaran gimana UT bisa sampai di titik ini? 👀
‎🎥 Tonton videonya sampai habis biar makin bangga jadi bagian dari Keluarga Besar UT 💙
‎
-------

Semua Bisa Kuliah di Kampus Negeri📚👨🏻🎓🧑🏻🎓✨
Fleksibel Kuliahnya✨, Murah Biayanya, Terjamin Kualitasnya🤩, Terakreditasi A oleh BAN-PT🌟, Tanpa Uang Gedung💵, Tanpa Tes Masuk📝, Tanpa DO🙅🏻

www.ut.ac.id

📝🧑🏻💻Pendaftaran di admisi-sia.ut.ac.id

Daaan...Informasi ini jangan berhenti di kamu. Ayo share informasi ini ke seluruh Indonesia yaa.. 😊✈🇮🇩

#UniversitasTerbuka #KuliahJarakJauh #KuliahOnline #KampusNegeri #KampusBerdampak",1569,30,97,2025-09-10,Congratulations UT aku nitip 2 anak saya semoga lulus tepat waktu 🥰
Universitas Terbuka,@univterbuka,73100,"🏆🌍 UT Mendunia, Bikin Bangga Indonesia! 🌍🏆
‎
‎Big news, guys! 🚀 Universitas Terbuka baru aja meraih penghargaan Global SDGs Leadership in Borderless and Inclusive Higher Education 🔥
‎
‎Ini bukan sekadar piala, tapi pengakuan dunia atas perjuangan UT menghadirkan pendidikan tanpa batas & inklusif:
‎🌱 Menjangkau daerah 3T
‎🌏 Mendukung pekerja migran
‎💸 Biaya yang tetap terjangkau
‎📚 Akses belajar di mana aja & kapan aja
‎
‎Semua ini sejalan dengan Sustainable Development Goals (SDGs) atau Tujuan Pembangunan Berkelanjutan 🌍 buat pendidikan, kesejahteraan, dan masa depan ekonomi bangsa.
‎
‎👏 Selamat buat seluruh Sivitas UT—mahasiswa, dosen, staf, dan semua pejuang pendidikan jarak jauh. Kalianlah bukti nyata bahwa kuliah gak kenal jarak & gak kenal batas.
‎
‎💙 Universitas Terbuka, kontribusi nyata untuk Indonesia Emas 2045!
‎
‎Penasaran gimana UT bisa sampai di titik ini? 👀
‎🎥 Tonton videonya sampai habis biar makin bangga jadi bagian dari Keluarga Besar UT 💙
‎
-------

Semua Bisa Kuliah di Kampus Negeri📚👨🏻🎓🧑🏻🎓✨
Fleksibel Kuliahnya✨, Murah Biayanya, Terjamin Kualitasnya🤩, Terakreditasi A oleh BAN-PT🌟, Tanpa Uang Gedung💵, Tanpa Tes Masuk📝, Tanpa DO🙅🏻

www.ut.ac.id

📝🧑🏻💻Pendaftaran di admisi-sia.ut.ac.id

Daaan...Informasi ini jangan berhenti di kamu. Ayo share informasi ini ke seluruh Indonesia yaa.. 😊✈🇮🇩

#UniversitasTerbuka #KuliahJarakJauh #KuliahOnline #KampusNegeri #KampusBerdampak",1569,30,97,2025-09-10,kenapa ya ambil modul sekarang harus bayar 250 GK kek dl gratis ktnya biaya admin salut
Universitas Terbuka,@univterbuka,73100,"🏆🌍 UT Mendunia, Bikin Bangga Indonesia! 🌍🏆
‎
‎Big news, guys! 🚀 Universitas Terbuka baru aja meraih penghargaan Global SDGs Leadership in Borderless and Inclusive Higher Education 🔥
‎
‎Ini bukan sekadar piala, tapi pengakuan dunia atas perjuangan UT menghadirkan pendidikan tanpa batas & inklusif:
‎🌱 Menjangkau daerah 3T
‎🌏 Mendukung pekerja migran
‎💸 Biaya yang tetap terjangkau
‎📚 Akses belajar di mana aja & kapan aja
‎
‎Semua ini sejalan dengan Sustainable Development Goals (SDGs) atau Tujuan Pembangunan Berkelanjutan 🌍 buat pendidikan, kesejahteraan, dan masa depan ekonomi bangsa.
‎
‎👏 Selamat buat seluruh Sivitas UT—mahasiswa, dosen, staf, dan semua pejuang pendidikan jarak jauh. Kalianlah bukti nyata bahwa kuliah gak kenal jarak & gak kenal batas.
‎
‎💙 Universitas Terbuka, kontribusi nyata untuk Indonesia Emas 2045!
‎
‎Penasaran gimana UT bisa sampai di titik ini? 👀
‎🎥 Tonton videonya sampai habis biar makin bangga jadi bagian dari Keluarga Besar UT 💙
‎
-------

Semua Bisa Kuliah di Kampus Negeri📚👨🏻🎓🧑🏻🎓✨
Fleksibel Kuliahnya✨, Murah Biayanya, Terjamin Kualitasnya🤩, Terakreditasi A oleh BAN-PT🌟, Tanpa Uang Gedung💵, Tanpa Tes Masuk📝, Tanpa DO🙅🏻

www.ut.ac.id

📝🧑🏻💻Pendaftaran di admisi-sia.ut.ac.id

Daaan...Informasi ini jangan berhenti di kamu. Ayo share informasi ini ke seluruh Indonesia yaa.. 😊✈🇮🇩

#UniversitasTerbuka #KuliahJarakJauh #KuliahOnline #KampusNegeri #KampusBerdampak",1569,30,97,2025-09-10,keren UT
Universitas Terbuka,@univterbuka,73100,"🏆🌍 UT Mendunia, Bikin Bangga Indonesia! 🌍🏆
‎
‎Big news, guys! 🚀 Universitas Terbuka baru aja meraih penghargaan Global SDGs Leadership in Borderless and Inclusive Higher Education 🔥
‎
‎Ini bukan sekadar piala, tapi pengakuan dunia atas perjuangan UT menghadirkan pendidikan tanpa batas & inklusif:
‎🌱 Menjangkau daerah 3T
‎🌏 Mendukung pekerja migran
‎💸 Biaya yang tetap terjangkau
‎📚 Akses belajar di mana aja & kapan aja
‎
‎Semua ini sejalan dengan Sustainable Development Goals (SDGs) atau Tujuan Pembangunan Berkelanjutan 🌍 buat pendidikan, kesejahteraan, dan masa depan ekonomi bangsa.
‎
‎👏 Selamat buat seluruh Sivitas UT—mahasiswa, dosen, staf, dan semua pejuang pendidikan jarak jauh. Kalianlah bukti nyata bahwa kuliah gak kenal jarak & gak kenal batas.
‎
‎💙 Universitas Terbuka, kontribusi nyata untuk Indonesia Emas 2045!
‎
‎Penasaran gimana UT bisa sampai di titik ini? 👀
‎🎥 Tonton videonya sampai habis biar makin bangga jadi bagian dari Keluarga Besar UT 💙
‎
-------

Semua Bisa Kuliah di Kampus Negeri📚👨🏻🎓🧑🏻🎓✨
Fleksibel Kuliahnya✨, Murah Biayanya, Terjamin Kualitasnya🤩, Terakreditasi A oleh BAN-PT🌟, Tanpa Uang Gedung💵, Tanpa Tes Masuk📝, Tanpa DO🙅🏻

www.ut.ac.id

📝🧑🏻💻Pendaftaran di admisi-sia.ut.ac.id

Daaan...Informasi ini jangan berhenti di kamu. Ayo share informasi ini ke seluruh Indonesia yaa.. 😊✈🇮🇩

#UniversitasTerbuka #KuliahJarakJauh #KuliahOnline #KampusNegeri #KampusBerdampak",1569,30,97,2025-09-10,modul kenapa kurang 3 ya?? takut ga sampek pas TTM 😭🙏
Universitas Terbuka,@univterbuka,73100,"🏆🌍 UT Mendunia, Bikin Bangga Indonesia! 🌍🏆
‎
‎Big news, guys! 🚀 Universitas Terbuka baru aja meraih penghargaan Global SDGs Leadership in Borderless and Inclusive Higher Education 🔥
‎
‎Ini bukan sekadar piala, tapi pengakuan dunia atas perjuangan UT menghadirkan pendidikan tanpa batas & inklusif:
‎🌱 Menjangkau daerah 3T
‎🌏 Mendukung pekerja migran
‎💸 Biaya yang tetap terjangkau
‎📚 Akses belajar di mana aja & kapan aja
‎
‎Semua ini sejalan dengan Sustainable Development Goals (SDGs) atau Tujuan Pembangunan Berkelanjutan 🌍 buat pendidikan, kesejahteraan, dan masa depan ekonomi bangsa.
‎
‎👏 Selamat buat seluruh Sivitas UT—mahasiswa, dosen, staf, dan semua pejuang pendidikan jarak jauh. Kalianlah bukti nyata bahwa kuliah gak kenal jarak & gak kenal batas.
‎
‎💙 Universitas Terbuka, kontribusi nyata untuk Indonesia Emas 2045!
‎
‎Penasaran gimana UT bisa sampai di titik ini? 👀
‎🎥 Tonton videonya sampai habis biar makin bangga jadi bagian dari Keluarga Besar UT 💙
‎
-------

Semua Bisa Kuliah di Kampus Negeri📚👨🏻🎓🧑🏻🎓✨
Fleksibel Kuliahnya✨, Murah Biayanya, Terjamin Kualitasnya🤩, Terakreditasi A oleh BAN-PT🌟, Tanpa Uang Gedung💵, Tanpa Tes Masuk📝, Tanpa DO🙅🏻

www.ut.ac.id

📝🧑🏻💻Pendaftaran di admisi-sia.ut.ac.id

Daaan...Informasi ini jangan berhenti di kamu. Ayo share informasi ini ke seluruh Indonesia yaa.. 😊✈🇮🇩

#UniversitasTerbuka #KuliahJarakJauh #KuliahOnline #KampusNegeri #KampusBerdampak",1569,30,97,2025-09-10,Bangga jadi anak UT..🥰🥰🥰
Universitas Terbuka,@univterbuka,73100,"🔥✨ Pesona Maba UT 2025, Kalian Beda! ✨🔥

Siapa nih yang sudah ikut OSMB & PKBJJ? Momen seru buat saling kenal sesama Maba.
Sadar gak sih, kamu itu luar biasa wahai Mahasiswa Baru (Maba) UT 2025? 🚀
Yes, bukan Maba biasa—apapun generasimu (Gen Z, milenial, atau lainnya), yang pasti kamu kece, siap warnai masa depan dengan mimpi besar & energi tanpa batas 💙

📌 Di OSMB & PKBJJ, semua bisa lihat pesona Maba UT yang bikin bangga:
💡 Semangat belajar yang membara
🌍 Hadir dari berbagai kota, tanpa batas jarak
🎓 Tangguh, fleksibel, tapi tetap kompak

Universitas Terbuka bangga banget punya kamu 🙌
Kamu bukan cuma mahasiswa baru, tapi changemakers masa depan yang bakal nunjukin kalau kuliah bisa tetap keren, bermakna, & impactful di mana aja & kapan aja.

So, yuk kasih tepuk tangan meriah buat Maba UT 2025! 🎉
Karena dari sinilah perjalanan seru kamu dimulai 👉 bersama Universitas Terbuka.

‎-------
‎
‎Semua Bisa Kuliah di Kampus Negeri📚👨🏻‍🎓🧑🏻‍🎓✨
‎Fleksibel Kuliahnya✨, Murah Biayanya, Terjamin Kualitasnya🤩, Terakreditasi A oleh BAN-PT🌟, Tanpa Uang Gedung💵, Tanpa Tes Masuk📝, Tanpa DO🙅🏻
‎
‎www.ut.ac.id
‎
‎📝🧑🏻‍💻Pendaftaran di admisi-sia.ut.ac.id
‎
‎Daaan...Informasi ini jangan berhenti di kamu. Ayo share informasi ini ke seluruh teman-temanmu di Indonesia yaa.. 😊✈🇮🇩
‎
‎#UniversitasTerbuka #KuliahJarakJauh #KampusBerdampak #PesonaMabaUT2025 #OSMB",195,6,4,2025-09-09,klo ijazah sedang proses DAAK. Apakah bisa minta salinan ijazah dan transkrip nilai?
Universitas Terbuka,@univterbuka,73100,"🔥✨ Pesona Maba UT 2025, Kalian Beda! ✨🔥

Siapa nih yang sudah ikut OSMB & PKBJJ? Momen seru buat saling kenal sesama Maba.
Sadar gak sih, kamu itu luar biasa wahai Mahasiswa Baru (Maba) UT 2025? 🚀
Yes, bukan Maba biasa—apapun generasimu (Gen Z, milenial, atau lainnya), yang pasti kamu kece, siap warnai masa depan dengan mimpi besar & energi tanpa batas 💙

📌 Di OSMB & PKBJJ, semua bisa lihat pesona Maba UT yang bikin bangga:
💡 Semangat belajar yang membara
🌍 Hadir dari berbagai kota, tanpa batas jarak
🎓 Tangguh, fleksibel, tapi tetap kompak

Universitas Terbuka bangga banget punya kamu 🙌
Kamu bukan cuma mahasiswa baru, tapi changemakers masa depan yang bakal nunjukin kalau kuliah bisa tetap keren, bermakna, & impactful di mana aja & kapan aja.

So, yuk kasih tepuk tangan meriah buat Maba UT 2025! 🎉
Karena dari sinilah perjalanan seru kamu dimulai 👉 bersama Universitas Terbuka.

‎-------
‎
‎Semua Bisa Kuliah di Kampus Negeri📚👨🏻‍🎓🧑🏻‍🎓✨
‎Fleksibel Kuliahnya✨, Murah Biayanya, Terjamin Kualitasnya🤩, Terakreditasi A oleh BAN-PT🌟, Tanpa Uang Gedung💵, Tanpa Tes Masuk📝, Tanpa DO🙅🏻
‎
‎www.ut.ac.id
‎
‎📝🧑🏻‍💻Pendaftaran di admisi-sia.ut.ac.id
‎
‎Daaan...Informasi ini jangan berhenti di kamu. Ayo share informasi ini ke seluruh teman-temanmu di Indonesia yaa.. 😊✈🇮🇩
‎
‎#UniversitasTerbuka #KuliahJarakJauh #KampusBerdampak #PesonaMabaUT2025 #OSMB",195,6,4,2025-09-09,"
Universitas Terbuka (UT) · Creator
Halo kak. Jika sudah ada SK Rektornya di aksi.ut.ac.id silakan kakak bisa meminta SKL melalui aksi.ut.ac.id, ataupun bila ingin meminta softcopy ijazah silakan coba hubungi UT Daerah ya kak.
Terima kasih
CC_Reno"
Universitas Terbuka,@univterbuka,73100,"🔥✨ Pesona Maba UT 2025, Kalian Beda! ✨🔥

Siapa nih yang sudah ikut OSMB & PKBJJ? Momen seru buat saling kenal sesama Maba.
Sadar gak sih, kamu itu luar biasa wahai Mahasiswa Baru (Maba) UT 2025? 🚀
Yes, bukan Maba biasa—apapun generasimu (Gen Z, milenial, atau lainnya), yang pasti kamu kece, siap warnai masa depan dengan mimpi besar & energi tanpa batas 💙

📌 Di OSMB & PKBJJ, semua bisa lihat pesona Maba UT yang bikin bangga:
💡 Semangat belajar yang membara
🌍 Hadir dari berbagai kota, tanpa batas jarak
🎓 Tangguh, fleksibel, tapi tetap kompak

Universitas Terbuka bangga banget punya kamu 🙌
Kamu bukan cuma mahasiswa baru, tapi changemakers masa depan yang bakal nunjukin kalau kuliah bisa tetap keren, bermakna, & impactful di mana aja & kapan aja.

So, yuk kasih tepuk tangan meriah buat Maba UT 2025! 🎉
Karena dari sinilah perjalanan seru kamu dimulai 👉 bersama Universitas Terbuka.

‎-------
‎
‎Semua Bisa Kuliah di Kampus Negeri📚👨🏻‍🎓🧑🏻‍🎓✨
‎Fleksibel Kuliahnya✨, Murah Biayanya, Terjamin Kualitasnya🤩, Terakreditasi A oleh BAN-PT🌟, Tanpa Uang Gedung💵, Tanpa Tes Masuk📝, Tanpa DO🙅🏻
‎
‎www.ut.ac.id
‎
‎📝🧑🏻‍💻Pendaftaran di admisi-sia.ut.ac.id
‎
‎Daaan...Informasi ini jangan berhenti di kamu. Ayo share informasi ini ke seluruh teman-temanmu di Indonesia yaa.. 😊✈🇮🇩
‎
‎#UniversitasTerbuka #KuliahJarakJauh #KampusBerdampak #PesonaMabaUT2025 #OSMB",195,6,4,2025-09-09,info wisuda th ajaran 20252 min 😭😭😭
Universitas Terbuka,@univterbuka,73100,"🔥✨ Pesona Maba UT 2025, Kalian Beda! ✨🔥

Siapa nih yang sudah ikut OSMB & PKBJJ? Momen seru buat saling kenal sesama Maba.
Sadar gak sih, kamu itu luar biasa wahai Mahasiswa Baru (Maba) UT 2025? 🚀
Yes, bukan Maba biasa—apapun generasimu (Gen Z, milenial, atau lainnya), yang pasti kamu kece, siap warnai masa depan dengan mimpi besar & energi tanpa batas 💙

📌 Di OSMB & PKBJJ, semua bisa lihat pesona Maba UT yang bikin bangga:
💡 Semangat belajar yang membara
🌍 Hadir dari berbagai kota, tanpa batas jarak
🎓 Tangguh, fleksibel, tapi tetap kompak

Universitas Terbuka bangga banget punya kamu 🙌
Kamu bukan cuma mahasiswa baru, tapi changemakers masa depan yang bakal nunjukin kalau kuliah bisa tetap keren, bermakna, & impactful di mana aja & kapan aja.

So, yuk kasih tepuk tangan meriah buat Maba UT 2025! 🎉
Karena dari sinilah perjalanan seru kamu dimulai 👉 bersama Universitas Terbuka.

‎-------
‎
‎Semua Bisa Kuliah di Kampus Negeri📚👨🏻‍🎓🧑🏻‍🎓✨
‎Fleksibel Kuliahnya✨, Murah Biayanya, Terjamin Kualitasnya🤩, Terakreditasi A oleh BAN-PT🌟, Tanpa Uang Gedung💵, Tanpa Tes Masuk📝, Tanpa DO🙅🏻
‎
‎www.ut.ac.id
‎
‎📝🧑🏻‍💻Pendaftaran di admisi-sia.ut.ac.id
‎
‎Daaan...Informasi ini jangan berhenti di kamu. Ayo share informasi ini ke seluruh teman-temanmu di Indonesia yaa.. 😊✈🇮🇩
‎
‎#UniversitasTerbuka #KuliahJarakJauh #KampusBerdampak #PesonaMabaUT2025 #OSMB",195,6,4,2025-09-09,pertama
Universitas Terbuka,@univterbuka,73100,"🔥✨ Pesona Maba UT 2025, Kalian Beda! ✨🔥

Siapa nih yang sudah ikut OSMB & PKBJJ? Momen seru buat saling kenal sesama Maba.
Sadar gak sih, kamu itu luar biasa wahai Mahasiswa Baru (Maba) UT 2025? 🚀
Yes, bukan Maba biasa—apapun generasimu (Gen Z, milenial, atau lainnya), yang pasti kamu kece, siap warnai masa depan dengan mimpi besar & energi tanpa batas 💙

📌 Di OSMB & PKBJJ, semua bisa lihat pesona Maba UT yang bikin bangga:
💡 Semangat belajar yang membara
🌍 Hadir dari berbagai kota, tanpa batas jarak
🎓 Tangguh, fleksibel, tapi tetap kompak

Universitas Terbuka bangga banget punya kamu 🙌
Kamu bukan cuma mahasiswa baru, tapi changemakers masa depan yang bakal nunjukin kalau kuliah bisa tetap keren, bermakna, & impactful di mana aja & kapan aja.

So, yuk kasih tepuk tangan meriah buat Maba UT 2025! 🎉
Karena dari sinilah perjalanan seru kamu dimulai 👉 bersama Universitas Terbuka.

‎-------
‎
‎Semua Bisa Kuliah di Kampus Negeri📚👨🏻‍🎓🧑🏻‍🎓✨
‎Fleksibel Kuliahnya✨, Murah Biayanya, Terjamin Kualitasnya🤩, Terakreditasi A oleh BAN-PT🌟, Tanpa Uang Gedung💵, Tanpa Tes Masuk📝, Tanpa DO🙅🏻
‎
‎www.ut.ac.id
‎
‎📝🧑🏻‍💻Pendaftaran di admisi-sia.ut.ac.id
‎
‎Daaan...Informasi ini jangan berhenti di kamu. Ayo share informasi ini ke seluruh teman-temanmu di Indonesia yaa.. 😊✈🇮🇩
‎
‎#UniversitasTerbuka #KuliahJarakJauh #KampusBerdampak #PesonaMabaUT2025 #OSMB",195,6,4,2025-09-09,😁
Universitas Terbuka,@univterbuka,73100,"📚✨ Belum terima bahan ajar cetak?
‎Tenang dulu, Sobat UT 💙
‎
‎Saat ini pengiriman memang sedikit tertunda karena ada penyesuaian kurikulum. Bahan ajar sedang direstok, tapi jangan khawatir… bahan ajar kamu pasti tetap dikirimkan ke alamat yang terdaftar. 🤗
‎
‎Sambil menunggu paket datang, kamu bisa langsung akses bahan ajar digital di sini:
‎🔗 https://univterbuka.kotobee.com/#/login
‎Loginnya gampang banget:
‎👤 Username: NIM@ecampus.ut.ac.id
‎🔑 Password: Ut[tanggallahir][bulan][tahun]
‎Contoh:
‎Username: 8123xxxxx@ecampus.ut.ac.id
‎Password: Ut21051999
‎
‎Kalau masih ada kendala, kamu bisa buat tiket di 👉 https://hallo-ut.ut.ac.id/create/ticket atau email ke puslabapeduli@ecampus.ut.ac.id
‎
‎UT selalu hadir buat kamu 💙 Jadi tetap semangat belajar yaa, Sobat UT! 🚀✨
‎
‎-------
‎
‎Semua Bisa Kuliah di Kampus Negeri📚👨🏻🎓🧑🏻🎓✨
‎Fleksibel Kuliahnya✨, Murah Biayanya, Terjamin Kualitasnya🤩, Terakreditasi A oleh BAN-PT🌟, Tanpa Uang Gedung💵, Tanpa Tes Masuk📝, Tanpa DO🙅🏻
‎
‎www.ut.ac.id
‎
‎📝🧑🏻💻Pendaftaran di admisi-sia.ut.ac.id
‎
‎Daaan...Informasi ini jangan berhenti di kamu. Ayo share informasi ini ke seluruh Indonesia yaa.. 😊✈🇮🇩
‎
‎#UniversitasTerbuka #KuliahJarakJauh #KampusNegeri #KampusBerdampak #BahanAjarUT",1129,134,92,2025-09-08,bahan ajarku sampe sekarang masih kurang satu dan cek resinya pun bukunya salah matkul😭
Universitas Terbuka,@univterbuka,73100,"📚✨ Belum terima bahan ajar cetak?
‎Tenang dulu, Sobat UT 💙
‎
‎Saat ini pengiriman memang sedikit tertunda karena ada penyesuaian kurikulum. Bahan ajar sedang direstok, tapi jangan khawatir… bahan ajar kamu pasti tetap dikirimkan ke alamat yang terdaftar. 🤗
‎
‎Sambil menunggu paket datang, kamu bisa langsung akses bahan ajar digital di sini:
‎🔗 https://univterbuka.kotobee.com/#/login
‎Loginnya gampang banget:
‎👤 Username: NIM@ecampus.ut.ac.id
‎🔑 Password: Ut[tanggallahir][bulan][tahun]
‎Contoh:
‎Username: 8123xxxxx@ecampus.ut.ac.id
‎Password: Ut21051999
‎
‎Kalau masih ada kendala, kamu bisa buat tiket di 👉 https://hallo-ut.ut.ac.id/create/ticket atau email ke puslabapeduli@ecampus.ut.ac.id
‎
‎UT selalu hadir buat kamu 💙 Jadi tetap semangat belajar yaa, Sobat UT! 🚀✨
‎
‎-------
‎
‎Semua Bisa Kuliah di Kampus Negeri📚👨🏻🎓🧑🏻🎓✨
‎Fleksibel Kuliahnya✨, Murah Biayanya, Terjamin Kualitasnya🤩, Terakreditasi A oleh BAN-PT🌟, Tanpa Uang Gedung💵, Tanpa Tes Masuk📝, Tanpa DO🙅🏻
‎
‎www.ut.ac.id
‎
‎📝🧑🏻💻Pendaftaran di admisi-sia.ut.ac.id
‎
‎Daaan...Informasi ini jangan berhenti di kamu. Ayo share informasi ini ke seluruh Indonesia yaa.. 😊✈🇮🇩
‎
‎#UniversitasTerbuka #KuliahJarakJauh #KampusNegeri #KampusBerdampak #BahanAjarUT",1129,134,92,2025-09-08,Sudah 1 bulan 2 minggu belum juga di kirim bahan ajar saya sudah di chat puslaba katanya dalam proses masa selama itu🔥
Universitas Terbuka,@univterbuka,73100,"📚✨ Belum terima bahan ajar cetak?
‎Tenang dulu, Sobat UT 💙
‎
‎Saat ini pengiriman memang sedikit tertunda karena ada penyesuaian kurikulum. Bahan ajar sedang direstok, tapi jangan khawatir… bahan ajar kamu pasti tetap dikirimkan ke alamat yang terdaftar. 🤗
‎
‎Sambil menunggu paket datang, kamu bisa langsung akses bahan ajar digital di sini:
‎🔗 https://univterbuka.kotobee.com/#/login
‎Loginnya gampang banget:
‎👤 Username: NIM@ecampus.ut.ac.id
‎🔑 Password: Ut[tanggallahir][bulan][tahun]
‎Contoh:
‎Username: 8123xxxxx@ecampus.ut.ac.id
‎Password: Ut21051999
‎
‎Kalau masih ada kendala, kamu bisa buat tiket di 👉 https://hallo-ut.ut.ac.id/create/ticket atau email ke puslabapeduli@ecampus.ut.ac.id
‎
‎UT selalu hadir buat kamu 💙 Jadi tetap semangat belajar yaa, Sobat UT! 🚀✨
‎
‎-------
‎
‎Semua Bisa Kuliah di Kampus Negeri📚👨🏻🎓🧑🏻🎓✨
‎Fleksibel Kuliahnya✨, Murah Biayanya, Terjamin Kualitasnya🤩, Terakreditasi A oleh BAN-PT🌟, Tanpa Uang Gedung💵, Tanpa Tes Masuk📝, Tanpa DO🙅🏻
‎
‎www.ut.ac.id
‎
‎📝🧑🏻💻Pendaftaran di admisi-sia.ut.ac.id
‎
‎Daaan...Informasi ini jangan berhenti di kamu. Ayo share informasi ini ke seluruh Indonesia yaa.. 😊✈🇮🇩
‎
‎#UniversitasTerbuka #KuliahJarakJauh #KampusNegeri #KampusBerdampak #BahanAjarUT",1129,134,92,2025-09-08,aku punya modul jurusan matematika sm 1 ada yg mau?
Universitas Terbuka,@univterbuka,73100,"📚✨ Belum terima bahan ajar cetak?
‎Tenang dulu, Sobat UT 💙
‎
‎Saat ini pengiriman memang sedikit tertunda karena ada penyesuaian kurikulum. Bahan ajar sedang direstok, tapi jangan khawatir… bahan ajar kamu pasti tetap dikirimkan ke alamat yang terdaftar. 🤗
‎
‎Sambil menunggu paket datang, kamu bisa langsung akses bahan ajar digital di sini:
‎🔗 https://univterbuka.kotobee.com/#/login
‎Loginnya gampang banget:
‎👤 Username: NIM@ecampus.ut.ac.id
‎🔑 Password: Ut[tanggallahir][bulan][tahun]
‎Contoh:
‎Username: 8123xxxxx@ecampus.ut.ac.id
‎Password: Ut21051999
‎
‎Kalau masih ada kendala, kamu bisa buat tiket di 👉 https://hallo-ut.ut.ac.id/create/ticket atau email ke puslabapeduli@ecampus.ut.ac.id
‎
‎UT selalu hadir buat kamu 💙 Jadi tetap semangat belajar yaa, Sobat UT! 🚀✨
‎
‎-------
‎
‎Semua Bisa Kuliah di Kampus Negeri📚👨🏻🎓🧑🏻🎓✨
‎Fleksibel Kuliahnya✨, Murah Biayanya, Terjamin Kualitasnya🤩, Terakreditasi A oleh BAN-PT🌟, Tanpa Uang Gedung💵, Tanpa Tes Masuk📝, Tanpa DO🙅🏻
‎
‎www.ut.ac.id
‎
‎📝🧑🏻💻Pendaftaran di admisi-sia.ut.ac.id
‎
‎Daaan...Informasi ini jangan berhenti di kamu. Ayo share informasi ini ke seluruh Indonesia yaa.. 😊✈🇮🇩
‎
‎#UniversitasTerbuka #KuliahJarakJauh #KampusNegeri #KampusBerdampak #BahanAjarUT",1129,134,92,2025-09-08,kalo login ba interaktif access denied kenapa yaa?
Universitas Terbuka,@univterbuka,73100,"📚✨ Belum terima bahan ajar cetak?
‎Tenang dulu, Sobat UT 💙
‎
‎Saat ini pengiriman memang sedikit tertunda karena ada penyesuaian kurikulum. Bahan ajar sedang direstok, tapi jangan khawatir… bahan ajar kamu pasti tetap dikirimkan ke alamat yang terdaftar. 🤗
‎
‎Sambil menunggu paket datang, kamu bisa langsung akses bahan ajar digital di sini:
‎🔗 https://univterbuka.kotobee.com/#/login
‎Loginnya gampang banget:
‎👤 Username: NIM@ecampus.ut.ac.id
‎🔑 Password: Ut[tanggallahir][bulan][tahun]
‎Contoh:
‎Username: 8123xxxxx@ecampus.ut.ac.id
‎Password: Ut21051999
‎
‎Kalau masih ada kendala, kamu bisa buat tiket di 👉 https://hallo-ut.ut.ac.id/create/ticket atau email ke puslabapeduli@ecampus.ut.ac.id
‎
‎UT selalu hadir buat kamu 💙 Jadi tetap semangat belajar yaa, Sobat UT! 🚀✨
‎
‎-------
‎
‎Semua Bisa Kuliah di Kampus Negeri📚👨🏻🎓🧑🏻🎓✨
‎Fleksibel Kuliahnya✨, Murah Biayanya, Terjamin Kualitasnya🤩, Terakreditasi A oleh BAN-PT🌟, Tanpa Uang Gedung💵, Tanpa Tes Masuk📝, Tanpa DO🙅🏻
‎
‎www.ut.ac.id
‎
‎📝🧑🏻💻Pendaftaran di admisi-sia.ut.ac.id
‎
‎Daaan...Informasi ini jangan berhenti di kamu. Ayo share informasi ini ke seluruh Indonesia yaa.. 😊✈🇮🇩
‎
‎#UniversitasTerbuka #KuliahJarakJauh #KampusNegeri #KampusBerdampak #BahanAjarUT",1129,134,92,2025-09-08,"1 bulan lebih, skrng sampe mau masuk sesi 3 belum nerima Buku!
Belum pernah sekecewa ini😂"
Universitas Terbuka,@univterbuka,73100,"🎉 Are You Ready for the Big Reveal? 🎉
‎
‎September 2025 for RPL team, it’s your time to shine! 🌟
‎October 2025 for Non-RPL team, your moment is loading! ⏳
‎
‎But hey… here’s the twist 👀 👉 the real question everyone’s asking is:
‎When will NEW STUDENT registration officially open? 🤔
‎
‎The clock hasn’t started ticking yet, but trust us—you don’t wanna blink when the update drops 🚀. This could be the game-changer moment you’ve been waiting for.
‎
‎So, guys, prepare yourself:
‎⚡ Stay close to our page.
‎⚡ Keep your eyes wide open for the announcement.
‎⚡ And don’t miss your chance to join the UT vibes.
‎
‎The future is almost here, but the when is still a mystery… are you ready to catch it the second it lands? 👩‍🎓👨‍🎓✨
‎
-------

Semua Bisa Kuliah di Kampus Negeri📚👨🏻🎓🧑🏻🎓✨
Fleksibel Kuliahnya✨, Murah Biayanya, Terjamin Kualitasnya🤩, Terakreditasi A oleh BAN-PT🌟, Tanpa Uang Gedung💵, Tanpa Tes Masuk📝, Tanpa DO🙅🏻

www.ut.ac.id

📝🧑🏻💻Pendaftaran di admisi-sia.ut.ac.id

Daaan...Informasi ini jangan berhenti di kamu. Ayo share informasi ini ke seluruh Indonesia yaa.. 😊✈🇮🇩

#UniversitasTerbuka #KuliahJarakJauh #KuliahOnline #KampusNegeri #KampusBerdampak",565,22,18,2025-09-07,coba buka link pendaftaran pas mau daftar pas pilih lokasi muncul pendaftaran sudah ditutup apakah sudah ditutup atau emng blm dibukak kak
Universitas Terbuka,@univterbuka,73100,"🎉 Are You Ready for the Big Reveal? 🎉
‎
‎September 2025 for RPL team, it’s your time to shine! 🌟
‎October 2025 for Non-RPL team, your moment is loading! ⏳
‎
‎But hey… here’s the twist 👀 👉 the real question everyone’s asking is:
‎When will NEW STUDENT registration officially open? 🤔
‎
‎The clock hasn’t started ticking yet, but trust us—you don’t wanna blink when the update drops 🚀. This could be the game-changer moment you’ve been waiting for.
‎
‎So, guys, prepare yourself:
‎⚡ Stay close to our page.
‎⚡ Keep your eyes wide open for the announcement.
‎⚡ And don’t miss your chance to join the UT vibes.
‎
‎The future is almost here, but the when is still a mystery… are you ready to catch it the second it lands? 👩‍🎓👨‍🎓✨
‎
-------

Semua Bisa Kuliah di Kampus Negeri📚👨🏻🎓🧑🏻🎓✨
Fleksibel Kuliahnya✨, Murah Biayanya, Terjamin Kualitasnya🤩, Terakreditasi A oleh BAN-PT🌟, Tanpa Uang Gedung💵, Tanpa Tes Masuk📝, Tanpa DO🙅🏻

www.ut.ac.id

📝🧑🏻💻Pendaftaran di admisi-sia.ut.ac.id

Daaan...Informasi ini jangan berhenti di kamu. Ayo share informasi ini ke seluruh Indonesia yaa.. 😊✈🇮🇩

#UniversitasTerbuka #KuliahJarakJauh #KuliahOnline #KampusNegeri #KampusBerdampak",565,22,18,2025-09-07,saya udah daftar langkah selanjutnya apa ya
Universitas Terbuka,@univterbuka,73100,"🎉 Are You Ready for the Big Reveal? 🎉
‎
‎September 2025 for RPL team, it’s your time to shine! 🌟
‎October 2025 for Non-RPL team, your moment is loading! ⏳
‎
‎But hey… here’s the twist 👀 👉 the real question everyone’s asking is:
‎When will NEW STUDENT registration officially open? 🤔
‎
‎The clock hasn’t started ticking yet, but trust us—you don’t wanna blink when the update drops 🚀. This could be the game-changer moment you’ve been waiting for.
‎
‎So, guys, prepare yourself:
‎⚡ Stay close to our page.
‎⚡ Keep your eyes wide open for the announcement.
‎⚡ And don’t miss your chance to join the UT vibes.
‎
‎The future is almost here, but the when is still a mystery… are you ready to catch it the second it lands? 👩‍🎓👨‍🎓✨
‎
-------

Semua Bisa Kuliah di Kampus Negeri📚👨🏻🎓🧑🏻🎓✨
Fleksibel Kuliahnya✨, Murah Biayanya, Terjamin Kualitasnya🤩, Terakreditasi A oleh BAN-PT🌟, Tanpa Uang Gedung💵, Tanpa Tes Masuk📝, Tanpa DO🙅🏻

www.ut.ac.id

📝🧑🏻💻Pendaftaran di admisi-sia.ut.ac.id

Daaan...Informasi ini jangan berhenti di kamu. Ayo share informasi ini ke seluruh Indonesia yaa.. 😊✈🇮🇩

#UniversitasTerbuka #KuliahJarakJauh #KuliahOnline #KampusNegeri #KampusBerdampak",565,22,18,2025-09-07,Especially tomorrow 10th September
Universitas Terbuka,@univterbuka,73100,"🎉 Are You Ready for the Big Reveal? 🎉
‎
‎September 2025 for RPL team, it’s your time to shine! 🌟
‎October 2025 for Non-RPL team, your moment is loading! ⏳
‎
‎But hey… here’s the twist 👀 👉 the real question everyone’s asking is:
‎When will NEW STUDENT registration officially open? 🤔
‎
‎The clock hasn’t started ticking yet, but trust us—you don’t wanna blink when the update drops 🚀. This could be the game-changer moment you’ve been waiting for.
‎
‎So, guys, prepare yourself:
‎⚡ Stay close to our page.
‎⚡ Keep your eyes wide open for the announcement.
‎⚡ And don’t miss your chance to join the UT vibes.
‎
‎The future is almost here, but the when is still a mystery… are you ready to catch it the second it lands? 👩‍🎓👨‍🎓✨
‎
-------

Semua Bisa Kuliah di Kampus Negeri📚👨🏻🎓🧑🏻🎓✨
Fleksibel Kuliahnya✨, Murah Biayanya, Terjamin Kualitasnya🤩, Terakreditasi A oleh BAN-PT🌟, Tanpa Uang Gedung💵, Tanpa Tes Masuk📝, Tanpa DO🙅🏻

www.ut.ac.id

📝🧑🏻💻Pendaftaran di admisi-sia.ut.ac.id

Daaan...Informasi ini jangan berhenti di kamu. Ayo share informasi ini ke seluruh Indonesia yaa.. 😊✈🇮🇩

#UniversitasTerbuka #KuliahJarakJauh #KuliahOnline #KampusNegeri #KampusBerdampak",565,22,18,2025-09-07,kaa mohon di percepat pengiriman BMP nyaa tuweb dan praktikum sudah mendekat🙂🙏rbv juga error setiap udah laporan ga ada perbaikan sama sekali🙂🙏
Universitas Terbuka,@univterbuka,73100,"🎉 Are You Ready for the Big Reveal? 🎉
‎
‎September 2025 for RPL team, it’s your time to shine! 🌟
‎October 2025 for Non-RPL team, your moment is loading! ⏳
‎
‎But hey… here’s the twist 👀 👉 the real question everyone’s asking is:
‎When will NEW STUDENT registration officially open? 🤔
‎
‎The clock hasn’t started ticking yet, but trust us—you don’t wanna blink when the update drops 🚀. This could be the game-changer moment you’ve been waiting for.
‎
‎So, guys, prepare yourself:
‎⚡ Stay close to our page.
‎⚡ Keep your eyes wide open for the announcement.
‎⚡ And don’t miss your chance to join the UT vibes.
‎
‎The future is almost here, but the when is still a mystery… are you ready to catch it the second it lands? 👩‍🎓👨‍🎓✨
‎
-------

Semua Bisa Kuliah di Kampus Negeri📚👨🏻🎓🧑🏻🎓✨
Fleksibel Kuliahnya✨, Murah Biayanya, Terjamin Kualitasnya🤩, Terakreditasi A oleh BAN-PT🌟, Tanpa Uang Gedung💵, Tanpa Tes Masuk📝, Tanpa DO🙅🏻

www.ut.ac.id

📝🧑🏻💻Pendaftaran di admisi-sia.ut.ac.id

Daaan...Informasi ini jangan berhenti di kamu. Ayo share informasi ini ke seluruh Indonesia yaa.. 😊✈🇮🇩

#UniversitasTerbuka #KuliahJarakJauh #KuliahOnline #KampusNegeri #KampusBerdampak",565,22,18,2025-09-07,Kalo daftar di bulan ini kira kira biayanya lebih mahal atau engga ya ?
Universitas Terbuka,@univterbuka,73100,"Kuliah harus selalu pagi sampai sore di kampus? 😅
Nope, itu bukan satu-satunya cara!

Di Universitas Terbuka (UT), kamu bisa kuliah fleksibel dari mana aja, kapan aja ⏰💻. Mau sambil kerja, ngurus keluarga, atau bahkan jalan-jalan tetap bisa jalan bareng kuliah.

Biayanya? Super terjangkau, tanpa uang gedung, tanpa tes masuk (untuk program Diploma & Sarjana), tapi kualitasnya tetap top karena UT sudah terakreditasi A BAN-PT. 📚✨

Buat kamu yang pengen kuliah tapi nggak mau ribet, UT adalah jawabannya. Dengan sistem belajar daring dan terbuka, impian punya gelar sarjana bahkan pascasarjana bukan lagi mimpi. 🚀

🌟 Jadi, tunggu apa lagi?

Saat ini Program Magister dan Doktor pada Sekolah Pascasarjana UT sedang buka pendaftaran semester 2025/2026 Genap dari 13 Agustus - 15 Oktober 2025.
👉 Yuk daftar sekarang di https://admisi-sia.ut.ac.id

-------

Semua Bisa Kuliah di Kampus Negeri📚👨🏻🎓🧑🏻🎓✨
Fleksibel Kuliahnya✨, Murah Biayanya, Terjamin Kualitasnya🤩, Terakreditasi A oleh BAN-PT🌟, Tanpa Uang Gedung💵, Tanpa Tes Masuk📝, Tanpa DO🙅🏻

www.ut.ac.id

📝🧑🏻💻Pendaftaran di admisi-sia.ut.ac.id

Daaan...Informasi ini jangan berhenti di kamu. Ayo share informasi ini ke seluruh Indonesia yaa.. 😊✈🇮🇩

#UniversitasTerbuka #KuliahJarakJauh #KuliahOnline #KampusNegeri #KampusBerdampak",343,14,18,2025-08-29,semangat mahasiswa ut..sy bangga jdi mahasiswa UT S1.S2 .prodi paud...
Universitas Terbuka,@univterbuka,73100,"Kuliah harus selalu pagi sampai sore di kampus? 😅
Nope, itu bukan satu-satunya cara!

Di Universitas Terbuka (UT), kamu bisa kuliah fleksibel dari mana aja, kapan aja ⏰💻. Mau sambil kerja, ngurus keluarga, atau bahkan jalan-jalan tetap bisa jalan bareng kuliah.

Biayanya? Super terjangkau, tanpa uang gedung, tanpa tes masuk (untuk program Diploma & Sarjana), tapi kualitasnya tetap top karena UT sudah terakreditasi A BAN-PT. 📚✨

Buat kamu yang pengen kuliah tapi nggak mau ribet, UT adalah jawabannya. Dengan sistem belajar daring dan terbuka, impian punya gelar sarjana bahkan pascasarjana bukan lagi mimpi. 🚀

🌟 Jadi, tunggu apa lagi?

Saat ini Program Magister dan Doktor pada Sekolah Pascasarjana UT sedang buka pendaftaran semester 2025/2026 Genap dari 13 Agustus - 15 Oktober 2025.
👉 Yuk daftar sekarang di https://admisi-sia.ut.ac.id

-------

Semua Bisa Kuliah di Kampus Negeri📚👨🏻🎓🧑🏻🎓✨
Fleksibel Kuliahnya✨, Murah Biayanya, Terjamin Kualitasnya🤩, Terakreditasi A oleh BAN-PT🌟, Tanpa Uang Gedung💵, Tanpa Tes Masuk📝, Tanpa DO🙅🏻

www.ut.ac.id

📝🧑🏻💻Pendaftaran di admisi-sia.ut.ac.id

Daaan...Informasi ini jangan berhenti di kamu. Ayo share informasi ini ke seluruh Indonesia yaa.. 😊✈🇮🇩

#UniversitasTerbuka #KuliahJarakJauh #KuliahOnline #KampusNegeri #KampusBerdampak",343,14,18,2025-08-29,oke
Universitas Terbuka,@univterbuka,73100,"Kuliah harus selalu pagi sampai sore di kampus? 😅
Nope, itu bukan satu-satunya cara!

Di Universitas Terbuka (UT), kamu bisa kuliah fleksibel dari mana aja, kapan aja ⏰💻. Mau sambil kerja, ngurus keluarga, atau bahkan jalan-jalan tetap bisa jalan bareng kuliah.

Biayanya? Super terjangkau, tanpa uang gedung, tanpa tes masuk (untuk program Diploma & Sarjana), tapi kualitasnya tetap top karena UT sudah terakreditasi A BAN-PT. 📚✨

Buat kamu yang pengen kuliah tapi nggak mau ribet, UT adalah jawabannya. Dengan sistem belajar daring dan terbuka, impian punya gelar sarjana bahkan pascasarjana bukan lagi mimpi. 🚀

🌟 Jadi, tunggu apa lagi?

Saat ini Program Magister dan Doktor pada Sekolah Pascasarjana UT sedang buka pendaftaran semester 2025/2026 Genap dari 13 Agustus - 15 Oktober 2025.
👉 Yuk daftar sekarang di https://admisi-sia.ut.ac.id

-------

Semua Bisa Kuliah di Kampus Negeri📚👨🏻🎓🧑🏻🎓✨
Fleksibel Kuliahnya✨, Murah Biayanya, Terjamin Kualitasnya🤩, Terakreditasi A oleh BAN-PT🌟, Tanpa Uang Gedung💵, Tanpa Tes Masuk📝, Tanpa DO🙅🏻

www.ut.ac.id

📝🧑🏻💻Pendaftaran di admisi-sia.ut.ac.id

Daaan...Informasi ini jangan berhenti di kamu. Ayo share informasi ini ke seluruh Indonesia yaa.. 😊✈🇮🇩

#UniversitasTerbuka #KuliahJarakJauh #KuliahOnline #KampusNegeri #KampusBerdampak",343,14,18,2025-08-29,hebat sukses buat UT
Universitas Terbuka,@univterbuka,73100,"Kuliah harus selalu pagi sampai sore di kampus? 😅
Nope, itu bukan satu-satunya cara!

Di Universitas Terbuka (UT), kamu bisa kuliah fleksibel dari mana aja, kapan aja ⏰💻. Mau sambil kerja, ngurus keluarga, atau bahkan jalan-jalan tetap bisa jalan bareng kuliah.

Biayanya? Super terjangkau, tanpa uang gedung, tanpa tes masuk (untuk program Diploma & Sarjana), tapi kualitasnya tetap top karena UT sudah terakreditasi A BAN-PT. 📚✨

Buat kamu yang pengen kuliah tapi nggak mau ribet, UT adalah jawabannya. Dengan sistem belajar daring dan terbuka, impian punya gelar sarjana bahkan pascasarjana bukan lagi mimpi. 🚀

🌟 Jadi, tunggu apa lagi?

Saat ini Program Magister dan Doktor pada Sekolah Pascasarjana UT sedang buka pendaftaran semester 2025/2026 Genap dari 13 Agustus - 15 Oktober 2025.
👉 Yuk daftar sekarang di https://admisi-sia.ut.ac.id

-------

Semua Bisa Kuliah di Kampus Negeri📚👨🏻🎓🧑🏻🎓✨
Fleksibel Kuliahnya✨, Murah Biayanya, Terjamin Kualitasnya🤩, Terakreditasi A oleh BAN-PT🌟, Tanpa Uang Gedung💵, Tanpa Tes Masuk📝, Tanpa DO🙅🏻

www.ut.ac.id

📝🧑🏻💻Pendaftaran di admisi-sia.ut.ac.id

Daaan...Informasi ini jangan berhenti di kamu. Ayo share informasi ini ke seluruh Indonesia yaa.. 😊✈🇮🇩

#UniversitasTerbuka #KuliahJarakJauh #KuliahOnline #KampusNegeri #KampusBerdampak",343,14,18,2025-08-29,boleh tau gk kapan di buka pendaftaran nya lagi?
Universitas Terbuka,@univterbuka,73100,"Kuliah harus selalu pagi sampai sore di kampus? 😅
Nope, itu bukan satu-satunya cara!

Di Universitas Terbuka (UT), kamu bisa kuliah fleksibel dari mana aja, kapan aja ⏰💻. Mau sambil kerja, ngurus keluarga, atau bahkan jalan-jalan tetap bisa jalan bareng kuliah.

Biayanya? Super terjangkau, tanpa uang gedung, tanpa tes masuk (untuk program Diploma & Sarjana), tapi kualitasnya tetap top karena UT sudah terakreditasi A BAN-PT. 📚✨

Buat kamu yang pengen kuliah tapi nggak mau ribet, UT adalah jawabannya. Dengan sistem belajar daring dan terbuka, impian punya gelar sarjana bahkan pascasarjana bukan lagi mimpi. 🚀

🌟 Jadi, tunggu apa lagi?

Saat ini Program Magister dan Doktor pada Sekolah Pascasarjana UT sedang buka pendaftaran semester 2025/2026 Genap dari 13 Agustus - 15 Oktober 2025.
👉 Yuk daftar sekarang di https://admisi-sia.ut.ac.id

-------

Semua Bisa Kuliah di Kampus Negeri📚👨🏻🎓🧑🏻🎓✨
Fleksibel Kuliahnya✨, Murah Biayanya, Terjamin Kualitasnya🤩, Terakreditasi A oleh BAN-PT🌟, Tanpa Uang Gedung💵, Tanpa Tes Masuk📝, Tanpa DO🙅🏻

www.ut.ac.id

📝🧑🏻💻Pendaftaran di admisi-sia.ut.ac.id

Daaan...Informasi ini jangan berhenti di kamu. Ayo share informasi ini ke seluruh Indonesia yaa.. 😊✈🇮🇩

#UniversitasTerbuka #KuliahJarakJauh #KuliahOnline #KampusNegeri #KampusBerdampak",343,14,18,2025-08-29,"mantap ni Ut senyap dan berhasil maha siswanya, sangat setuju, lanjut,"
Universitas Terbuka,@univterbuka,73100,"🌟 Langkah kecil hari ini bisa jadi awal kesuksesanmu!

Congrats buat kamu yang udah resmi jadi Mahasiswa Baru UT! 🎓✨
Sekarang waktunya bersiap ikut Layanan Pendukung Kesuksesan Belajar Jarak Jauh (LPKBJJ) — rangkaian kegiatan keren biar kamu makin siap kuliah di UT 💻💪

Apa aja sih isinya?
👉 Orientasi Studi Mahasiswa Baru (OSMB) – kenalan sama UT dan cara belajarnya
👉 Pelatihan Keterampilan Belajar Jarak Jauh (PKBJJ) – belajar skill belajar mandiri
👉 Workshop Tugas & Klinik Ujian (WTKU) – WT: Bimbingan tugas biar nugas nggak ngegas 😎 KU: Klinik ujian biar nilai nggak ambyar 💯

📌 Catatan penting:
Jadwal & lokasi LPKBJJ ditanyakan ke UT Daerah kamu, ya! Jangan sampai ketinggalan info pentingnya.

Yuk, ikuti semuanya dan jadi mahasiswa UT yang siap mandiri 🚀
‎
‎-------
‎
‎Semua Bisa Kuliah di Kampus Negeri📚👨🏻‍🎓🧑🏻‍🎓✨
‎Fleksibel Kuliahnya✨, Murah Biayanya, Terjamin Kualitasnya🤩, Terakreditasi A oleh BAN-PT🌟, Tanpa Uang Gedung💵, Tanpa Tes Masuk📝, Tanpa DO🙅🏻
‎
‎www.ut.ac.id
‎
‎📝🧑🏻‍💻Pendaftaran di admisi-sia.ut.ac.id
‎
‎Daaan...Informasi ini jangan berhenti di kamu. Ayo share informasi ini ke seluruh teman-temanmu di Indonesia yaa.. 😊✈🇮🇩
‎
‎#UniversitasTerbuka #KuliahJarakJauh #KuliahOnline #OnlineLearning #KampusNegeri",81,7,5,2025-08-27,Hallo kak. Sampai kapan ini bahan ajar diproses lama seperti ini kak? Registrasi dan pembayaran sudah dilakukan tepat waktu dengan harapan kami bisa menerima bahan ajar cepat dan kami punya lebih banyak waktu untuk belajar mandiri. Tolong lah dibantu juga kami mahasiswa yang sudah bayar 1jt lebih hanya untuk bahan ajar bahkan lebih mahal dari biaya semesternya sendiri. Terima kasih.
Universitas Terbuka,@univterbuka,73100,"🌟 Langkah kecil hari ini bisa jadi awal kesuksesanmu!

Congrats buat kamu yang udah resmi jadi Mahasiswa Baru UT! 🎓✨
Sekarang waktunya bersiap ikut Layanan Pendukung Kesuksesan Belajar Jarak Jauh (LPKBJJ) — rangkaian kegiatan keren biar kamu makin siap kuliah di UT 💻💪

Apa aja sih isinya?
👉 Orientasi Studi Mahasiswa Baru (OSMB) – kenalan sama UT dan cara belajarnya
👉 Pelatihan Keterampilan Belajar Jarak Jauh (PKBJJ) – belajar skill belajar mandiri
👉 Workshop Tugas & Klinik Ujian (WTKU) – WT: Bimbingan tugas biar nugas nggak ngegas 😎 KU: Klinik ujian biar nilai nggak ambyar 💯

📌 Catatan penting:
Jadwal & lokasi LPKBJJ ditanyakan ke UT Daerah kamu, ya! Jangan sampai ketinggalan info pentingnya.

Yuk, ikuti semuanya dan jadi mahasiswa UT yang siap mandiri 🚀
‎
‎-------
‎
‎Semua Bisa Kuliah di Kampus Negeri📚👨🏻‍🎓🧑🏻‍🎓✨
‎Fleksibel Kuliahnya✨, Murah Biayanya, Terjamin Kualitasnya🤩, Terakreditasi A oleh BAN-PT🌟, Tanpa Uang Gedung💵, Tanpa Tes Masuk📝, Tanpa DO🙅🏻
‎
‎www.ut.ac.id
‎
‎📝🧑🏻‍💻Pendaftaran di admisi-sia.ut.ac.id
‎
‎Daaan...Informasi ini jangan berhenti di kamu. Ayo share informasi ini ke seluruh teman-temanmu di Indonesia yaa.. 😊✈🇮🇩
‎
‎#UniversitasTerbuka #KuliahJarakJauh #KuliahOnline #OnlineLearning #KampusNegeri",81,7,5,2025-08-27,"min kalo domisili saya di Pekalongan, tp pilihan UT nya kemarin Jakarta berarti saya tanya kmana untuk jadwal dan lokasinya?"
Universitas Terbuka,@univterbuka,73100,"🌟 Langkah kecil hari ini bisa jadi awal kesuksesanmu!

Congrats buat kamu yang udah resmi jadi Mahasiswa Baru UT! 🎓✨
Sekarang waktunya bersiap ikut Layanan Pendukung Kesuksesan Belajar Jarak Jauh (LPKBJJ) — rangkaian kegiatan keren biar kamu makin siap kuliah di UT 💻💪

Apa aja sih isinya?
👉 Orientasi Studi Mahasiswa Baru (OSMB) – kenalan sama UT dan cara belajarnya
👉 Pelatihan Keterampilan Belajar Jarak Jauh (PKBJJ) – belajar skill belajar mandiri
👉 Workshop Tugas & Klinik Ujian (WTKU) – WT: Bimbingan tugas biar nugas nggak ngegas 😎 KU: Klinik ujian biar nilai nggak ambyar 💯

📌 Catatan penting:
Jadwal & lokasi LPKBJJ ditanyakan ke UT Daerah kamu, ya! Jangan sampai ketinggalan info pentingnya.

Yuk, ikuti semuanya dan jadi mahasiswa UT yang siap mandiri 🚀
‎
‎-------
‎
‎Semua Bisa Kuliah di Kampus Negeri📚👨🏻‍🎓🧑🏻‍🎓✨
‎Fleksibel Kuliahnya✨, Murah Biayanya, Terjamin Kualitasnya🤩, Terakreditasi A oleh BAN-PT🌟, Tanpa Uang Gedung💵, Tanpa Tes Masuk📝, Tanpa DO🙅🏻
‎
‎www.ut.ac.id
‎
‎📝🧑🏻‍💻Pendaftaran di admisi-sia.ut.ac.id
‎
‎Daaan...Informasi ini jangan berhenti di kamu. Ayo share informasi ini ke seluruh teman-temanmu di Indonesia yaa.. 😊✈🇮🇩
‎
‎#UniversitasTerbuka #KuliahJarakJauh #KuliahOnline #OnlineLearning #KampusNegeri",81,7,5,2025-08-27,Halo kak. Perihal bertanya jadwal dan lokasi OSMB ke UT Daerah tempat kakak teregistrasi (UT Jakarta). Terima kasih CC_Reno
Universitas Terbuka,@univterbuka,73100,"🌟 Langkah kecil hari ini bisa jadi awal kesuksesanmu!

Congrats buat kamu yang udah resmi jadi Mahasiswa Baru UT! 🎓✨
Sekarang waktunya bersiap ikut Layanan Pendukung Kesuksesan Belajar Jarak Jauh (LPKBJJ) — rangkaian kegiatan keren biar kamu makin siap kuliah di UT 💻💪

Apa aja sih isinya?
👉 Orientasi Studi Mahasiswa Baru (OSMB) – kenalan sama UT dan cara belajarnya
👉 Pelatihan Keterampilan Belajar Jarak Jauh (PKBJJ) – belajar skill belajar mandiri
👉 Workshop Tugas & Klinik Ujian (WTKU) – WT: Bimbingan tugas biar nugas nggak ngegas 😎 KU: Klinik ujian biar nilai nggak ambyar 💯

📌 Catatan penting:
Jadwal & lokasi LPKBJJ ditanyakan ke UT Daerah kamu, ya! Jangan sampai ketinggalan info pentingnya.

Yuk, ikuti semuanya dan jadi mahasiswa UT yang siap mandiri 🚀
‎
‎-------
‎
‎Semua Bisa Kuliah di Kampus Negeri📚👨🏻‍🎓🧑🏻‍🎓✨
‎Fleksibel Kuliahnya✨, Murah Biayanya, Terjamin Kualitasnya🤩, Terakreditasi A oleh BAN-PT🌟, Tanpa Uang Gedung💵, Tanpa Tes Masuk📝, Tanpa DO🙅🏻
‎
‎www.ut.ac.id
‎
‎📝🧑🏻‍💻Pendaftaran di admisi-sia.ut.ac.id
‎
‎Daaan...Informasi ini jangan berhenti di kamu. Ayo share informasi ini ke seluruh teman-temanmu di Indonesia yaa.. 😊✈🇮🇩
‎
‎#UniversitasTerbuka #KuliahJarakJauh #KuliahOnline #OnlineLearning #KampusNegeri",81,7,5,2025-08-27,min untuk Sipas Non tatap muka. OSMB nya bisa tidak hadirkan min? bagaimana solusinya ya?
Universitas Terbuka,@univterbuka,73100,"🌟 Langkah kecil hari ini bisa jadi awal kesuksesanmu!

Congrats buat kamu yang udah resmi jadi Mahasiswa Baru UT! 🎓✨
Sekarang waktunya bersiap ikut Layanan Pendukung Kesuksesan Belajar Jarak Jauh (LPKBJJ) — rangkaian kegiatan keren biar kamu makin siap kuliah di UT 💻💪

Apa aja sih isinya?
👉 Orientasi Studi Mahasiswa Baru (OSMB) – kenalan sama UT dan cara belajarnya
👉 Pelatihan Keterampilan Belajar Jarak Jauh (PKBJJ) – belajar skill belajar mandiri
👉 Workshop Tugas & Klinik Ujian (WTKU) – WT: Bimbingan tugas biar nugas nggak ngegas 😎 KU: Klinik ujian biar nilai nggak ambyar 💯

📌 Catatan penting:
Jadwal & lokasi LPKBJJ ditanyakan ke UT Daerah kamu, ya! Jangan sampai ketinggalan info pentingnya.

Yuk, ikuti semuanya dan jadi mahasiswa UT yang siap mandiri 🚀
‎
‎-------
‎
‎Semua Bisa Kuliah di Kampus Negeri📚👨🏻‍🎓🧑🏻‍🎓✨
‎Fleksibel Kuliahnya✨, Murah Biayanya, Terjamin Kualitasnya🤩, Terakreditasi A oleh BAN-PT🌟, Tanpa Uang Gedung💵, Tanpa Tes Masuk📝, Tanpa DO🙅🏻
‎
‎www.ut.ac.id
‎
‎📝🧑🏻‍💻Pendaftaran di admisi-sia.ut.ac.id
‎
‎Daaan...Informasi ini jangan berhenti di kamu. Ayo share informasi ini ke seluruh teman-temanmu di Indonesia yaa.. 😊✈🇮🇩
‎
‎#UniversitasTerbuka #KuliahJarakJauh #KuliahOnline #OnlineLearning #KampusNegeri",81,7,5,2025-08-27,info S2 UT dong periode 2025/2026
Universitas Terbuka,@univterbuka,73100,"Kuliah Hemat, Mutu Hebat di UT! ✨

Dimanapun kamu berada—kota besar, desa kecil, bahkan luar negeri—kuliah di Universitas Terbuka tetap bisa dijalani.

UT hadir dengan sistem daring dan pusat layanan di seluruh Indonesia, memberi akses pendidikan tinggi tanpa batas ruang dan waktu.

Karena semua orang berhak belajar dan berkembang. 🌍📚

-------

Semua Bisa Kuliah di Kampus Negeri📚👨🏻🎓🧑🏻🎓✨
Fleksibel Kuliahnya✨, Murah Biayanya, Terjamin Kualitasnya🤩, Terakreditasi A oleh BAN-PT🌟, Tanpa Uang Gedung💵, Tanpa Tes Masuk📝, Tanpa DO🙅🏻

www.ut.ac.id

📝🧑🏻💻Pendaftaran di admisi-sia.ut.ac.id

Daaan...Informasi ini jangan berhenti di kamu. Ayo share informasi ini ke seluruh Indonesia yaa.. 😊✈🇮🇩

‎#UniversitasTerbuka #KuliahJarakJauh #KuliahOnline #OnlineLearning #KampusNegeri",157,12,20,2025-08-21,"kak mau tanya, kenapa nama ibu saya tidak muncul di PDDIKTI? sebelumnya sudah ada, setelah mau mengurus berkas tiba-tiba tidak muncul. saya sudah mengajukan dilink yg direkomendasikan dan langsung ke UT di tempat saya. Sampai sekarang namanya tidak muncul, tolonglah bantuannya soalnya ini menyangkut pekerjaan ibu saya 🙏"
Universitas Terbuka,@univterbuka,73100,"Kuliah Hemat, Mutu Hebat di UT! ✨

Dimanapun kamu berada—kota besar, desa kecil, bahkan luar negeri—kuliah di Universitas Terbuka tetap bisa dijalani.

UT hadir dengan sistem daring dan pusat layanan di seluruh Indonesia, memberi akses pendidikan tinggi tanpa batas ruang dan waktu.

Karena semua orang berhak belajar dan berkembang. 🌍📚

-------

Semua Bisa Kuliah di Kampus Negeri📚👨🏻🎓🧑🏻🎓✨
Fleksibel Kuliahnya✨, Murah Biayanya, Terjamin Kualitasnya🤩, Terakreditasi A oleh BAN-PT🌟, Tanpa Uang Gedung💵, Tanpa Tes Masuk📝, Tanpa DO🙅🏻

www.ut.ac.id

📝🧑🏻💻Pendaftaran di admisi-sia.ut.ac.id

Daaan...Informasi ini jangan berhenti di kamu. Ayo share informasi ini ke seluruh Indonesia yaa.. 😊✈🇮🇩

‎#UniversitasTerbuka #KuliahJarakJauh #KuliahOnline #OnlineLearning #KampusNegeri",157,12,20,2025-08-21,halooo masij bisa daftar kah?
Universitas Terbuka,@univterbuka,73100,"Kuliah Hemat, Mutu Hebat di UT! ✨

Dimanapun kamu berada—kota besar, desa kecil, bahkan luar negeri—kuliah di Universitas Terbuka tetap bisa dijalani.

UT hadir dengan sistem daring dan pusat layanan di seluruh Indonesia, memberi akses pendidikan tinggi tanpa batas ruang dan waktu.

Karena semua orang berhak belajar dan berkembang. 🌍📚

-------

Semua Bisa Kuliah di Kampus Negeri📚👨🏻🎓🧑🏻🎓✨
Fleksibel Kuliahnya✨, Murah Biayanya, Terjamin Kualitasnya🤩, Terakreditasi A oleh BAN-PT🌟, Tanpa Uang Gedung💵, Tanpa Tes Masuk📝, Tanpa DO🙅🏻

www.ut.ac.id

📝🧑🏻💻Pendaftaran di admisi-sia.ut.ac.id

Daaan...Informasi ini jangan berhenti di kamu. Ayo share informasi ini ke seluruh Indonesia yaa.. 😊✈🇮🇩

‎#UniversitasTerbuka #KuliahJarakJauh #KuliahOnline #OnlineLearning #KampusNegeri",157,12,20,2025-08-21,"Alhamdulillah anak saya msuk UT,skarang mau msuk semester 3"
Universitas Terbuka,@univterbuka,73100,"Kuliah Hemat, Mutu Hebat di UT! ✨

Dimanapun kamu berada—kota besar, desa kecil, bahkan luar negeri—kuliah di Universitas Terbuka tetap bisa dijalani.

UT hadir dengan sistem daring dan pusat layanan di seluruh Indonesia, memberi akses pendidikan tinggi tanpa batas ruang dan waktu.

Karena semua orang berhak belajar dan berkembang. 🌍📚

-------

Semua Bisa Kuliah di Kampus Negeri📚👨🏻🎓🧑🏻🎓✨
Fleksibel Kuliahnya✨, Murah Biayanya, Terjamin Kualitasnya🤩, Terakreditasi A oleh BAN-PT🌟, Tanpa Uang Gedung💵, Tanpa Tes Masuk📝, Tanpa DO🙅🏻

www.ut.ac.id

📝🧑🏻💻Pendaftaran di admisi-sia.ut.ac.id

Daaan...Informasi ini jangan berhenti di kamu. Ayo share informasi ini ke seluruh Indonesia yaa.. 😊✈🇮🇩

‎#UniversitasTerbuka #KuliahJarakJauh #KuliahOnline #OnlineLearning #KampusNegeri",157,12,20,2025-08-21,Kakaa aku kuliah disituu
Universitas Terbuka,@univterbuka,73100,"Kuliah Hemat, Mutu Hebat di UT! ✨

Dimanapun kamu berada—kota besar, desa kecil, bahkan luar negeri—kuliah di Universitas Terbuka tetap bisa dijalani.

UT hadir dengan sistem daring dan pusat layanan di seluruh Indonesia, memberi akses pendidikan tinggi tanpa batas ruang dan waktu.

Karena semua orang berhak belajar dan berkembang. 🌍📚

-------

Semua Bisa Kuliah di Kampus Negeri📚👨🏻🎓🧑🏻🎓✨
Fleksibel Kuliahnya✨, Murah Biayanya, Terjamin Kualitasnya🤩, Terakreditasi A oleh BAN-PT🌟, Tanpa Uang Gedung💵, Tanpa Tes Masuk📝, Tanpa DO🙅🏻

www.ut.ac.id

📝🧑🏻💻Pendaftaran di admisi-sia.ut.ac.id

Daaan...Informasi ini jangan berhenti di kamu. Ayo share informasi ini ke seluruh Indonesia yaa.. 😊✈🇮🇩

‎#UniversitasTerbuka #KuliahJarakJauh #KuliahOnline #OnlineLearning #KampusNegeri",157,12,20,2025-08-21,"ka mau tanya,bisa alih jenjang dari D3 ke S1 ngga ya?"
Universitas Gadjah Mada,@ugm.id,626200,"Kawan UGM udah tau informasinya belum? 🤔

Yuk jalan-jalan keliling kampus pake PIT UGM 😍 Selain bikin badan lebih bugar, lingkungan kampus juga jadi terjaga 🤩 #ugm #ugmjogja",1038,38,28,2025-10-29,ceilah universitas idaman lewat🤭🤭
Universitas Gadjah Mada,@ugm.id,626200,"Kawan UGM udah tau informasinya belum? 🤔

Yuk jalan-jalan keliling kampus pake PIT UGM 😍 Selain bikin badan lebih bugar, lingkungan kampus juga jadi terjaga 🤩 #ugm #ugmjogja",1038,38,28,2025-10-29,pertama nih
Universitas Gadjah Mada,@ugm.id,626200,"Kawan UGM udah tau informasinya belum? 🤔

Yuk jalan-jalan keliling kampus pake PIT UGM 😍 Selain bikin badan lebih bugar, lingkungan kampus juga jadi terjaga 🤩 #ugm #ugmjogja",1038,38,28,2025-10-29,ugm kampuss impiannn kuu masyallah 😁
Universitas Gadjah Mada,@ugm.id,626200,"Kawan UGM udah tau informasinya belum? 🤔

Yuk jalan-jalan keliling kampus pake PIT UGM 😍 Selain bikin badan lebih bugar, lingkungan kampus juga jadi terjaga 🤩 #ugm #ugmjogja",1038,38,28,2025-10-29,ugm tunggu aku disitu yaa🤍
Universitas Gadjah Mada,@ugm.id,626200,"Kawan UGM udah tau informasinya belum? 🤔

Yuk jalan-jalan keliling kampus pake PIT UGM 😍 Selain bikin badan lebih bugar, lingkungan kampus juga jadi terjaga 🤩 #ugm #ugmjogja",1038,38,28,2025-10-29,ugm trimaaa akuuu
Universitas Gadjah Mada,@ugm.id,626200,"Selamat Hari Sumpah Pemuda, Kawan UGM!🇮🇩

Coba dong sebutin gimana caramu meneruskan semangat Sumpah Pemuda?!🤩 #ugm #ugmjogja",619,11,21,2025-10-28,ke dua nih min
Universitas Gadjah Mada,@ugm.id,626200,"Selamat Hari Sumpah Pemuda, Kawan UGM!🇮🇩

Coba dong sebutin gimana caramu meneruskan semangat Sumpah Pemuda?!🤩 #ugm #ugmjogja",619,11,21,2025-10-28,universitas impian💫
Universitas Gadjah Mada,@ugm.id,626200,"Selamat Hari Sumpah Pemuda, Kawan UGM!🇮🇩

Coba dong sebutin gimana caramu meneruskan semangat Sumpah Pemuda?!🤩 #ugm #ugmjogja",619,11,21,2025-10-28,KAK TUTOR MASUK UGM PLS💔🥰
Universitas Gadjah Mada,@ugm.id,626200,"Selamat Hari Sumpah Pemuda, Kawan UGM!🇮🇩

Coba dong sebutin gimana caramu meneruskan semangat Sumpah Pemuda?!🤩 #ugm #ugmjogja",619,11,21,2025-10-28,ih ada kakak2 teknis psm🤭
Universitas Gadjah Mada,@ugm.id,626200,"Selamat Hari Sumpah Pemuda, Kawan UGM!🇮🇩

Coba dong sebutin gimana caramu meneruskan semangat Sumpah Pemuda?!🤩 #ugm #ugmjogja",619,11,21,2025-10-28,DOAINN AKU YAA TEMAN TEMAN BIAR BISA KULIAH DI UGM PLISS 🥺✨
Universitas Gadjah Mada,@ugm.id,626200,"Akhirnya bisa menikmati jalanan indah di UGM sebagai mahasiswa🥹

Apa hal yang paling Kawan UGM impikan untuk dilakukan di UGM? Yuk, tulis di kolom komentar🥰 #ugm #ugmjogja",3655,43,153,2025-10-27,"PERTAMA, KETERIMA UGM"
Universitas Gadjah Mada,@ugm.id,626200,"Akhirnya bisa menikmati jalanan indah di UGM sebagai mahasiswa🥹

Apa hal yang paling Kawan UGM impikan untuk dilakukan di UGM? Yuk, tulis di kolom komentar🥰 #ugm #ugmjogja",3655,43,153,2025-10-27,ah kamu kemaren nolak aku mentah mentah
Universitas Gadjah Mada,@ugm.id,626200,"Akhirnya bisa menikmati jalanan indah di UGM sebagai mahasiswa🥹

Apa hal yang paling Kawan UGM impikan untuk dilakukan di UGM? Yuk, tulis di kolom komentar🥰 #ugm #ugmjogja",3655,43,153,2025-10-27,"in 2026, can u be mine? 🥹🥹"
Universitas Gadjah Mada,@ugm.id,626200,"Akhirnya bisa menikmati jalanan indah di UGM sebagai mahasiswa🥹

Apa hal yang paling Kawan UGM impikan untuk dilakukan di UGM? Yuk, tulis di kolom komentar🥰 #ugm #ugmjogja",3655,43,153,2025-10-27,WE CAN GUYS!
Universitas Gadjah Mada,@ugm.id,626200,"Akhirnya bisa menikmati jalanan indah di UGM sebagai mahasiswa🥹

Apa hal yang paling Kawan UGM impikan untuk dilakukan di UGM? Yuk, tulis di kolom komentar🥰 #ugm #ugmjogja",3655,43,153,2025-10-27,"oh ugm, i wish"
Universitas Gadjah Mada,@ugm.id,626200,Tips survive kuliah di UGM?!🧐 Gampang banget loh caranya😍 Yuk Kawan UGM simakkk! #ugm #ugmjogja,2260,48,158,2025-10-24,"ga harus ugm❎
ga,harus ugm✅"
Universitas Gadjah Mada,@ugm.id,626200,Tips survive kuliah di UGM?!🧐 Gampang banget loh caranya😍 Yuk Kawan UGM simakkk! #ugm #ugmjogja,2260,48,158,2025-10-24,ugm tunggu aku yaaa🤍🤍🤍
Universitas Gadjah Mada,@ugm.id,626200,Tips survive kuliah di UGM?!🧐 Gampang banget loh caranya😍 Yuk Kawan UGM simakkk! #ugm #ugmjogja,2260,48,158,2025-10-24,"izin nanya kak, ugm tuh nerima lulusan ponpes ga ya?"
Universitas Gadjah Mada,@ugm.id,626200,Tips survive kuliah di UGM?!🧐 Gampang banget loh caranya😍 Yuk Kawan UGM simakkk! #ugm #ugmjogja,2260,48,158,2025-10-24,padahal gak follow tapi lewat mlulu.. maksud nya apa ini UGM? 😭😭
Universitas Gadjah Mada,@ugm.id,626200,Tips survive kuliah di UGM?!🧐 Gampang banget loh caranya😍 Yuk Kawan UGM simakkk! #ugm #ugmjogja,2260,48,158,2025-10-24,first
Universitas Gadjah Mada,@ugm.id,626200,"Selamat atas wisuda pascasarjana UGM. Semoga kesuksesan selalu menyertai perjalanan wisudawan dan wisudawati🥰

#ugm",435,16,24,2025-10-22,ugm nerima lulusan SMK ga?😭🙏
Universitas Gadjah Mada,@ugm.id,626200,"Selamat atas wisuda pascasarjana UGM. Semoga kesuksesan selalu menyertai perjalanan wisudawan dan wisudawati🥰

#ugm",435,16,24,2025-10-22,"yaAllah melihat masa depann, semogaa bisaa🥺🥺🥺🥺"
Universitas Gadjah Mada,@ugm.id,626200,"Selamat atas wisuda pascasarjana UGM. Semoga kesuksesan selalu menyertai perjalanan wisudawan dan wisudawati🥰

#ugm",435,16,24,2025-10-22,"first, bismillah UGM"
Universitas Gadjah Mada,@ugm.id,626200,"Selamat atas wisuda pascasarjana UGM. Semoga kesuksesan selalu menyertai perjalanan wisudawan dan wisudawati🥰

#ugm",435,16,24,2025-10-22,"ke 4 kakk,pecinta mu 😻"
Universitas Gadjah Mada,@ugm.id,626200,"Selamat atas wisuda pascasarjana UGM. Semoga kesuksesan selalu menyertai perjalanan wisudawan dan wisudawati🥰

#ugm",435,16,24,2025-10-22,Keren kak 🤗
Universitas Gadjah Mada,@ugm.id,626200,Momen haru menyelimuti Wisuda Program Pascasarjana kali ini. Mari kita doakan yang terbaik bagi almarhum serta keluarga yang telah ditinggalkan🖤🕊️,8633,58,404,2025-10-21,tragedi berpulang nya knp min?
Universitas Gadjah Mada,@ugm.id,626200,Momen haru menyelimuti Wisuda Program Pascasarjana kali ini. Mari kita doakan yang terbaik bagi almarhum serta keluarga yang telah ditinggalkan🖤🕊️,8633,58,404,2025-10-21,"kakk km kerenn, km udh ga ada tapi masih bisa membanggakan kak 🥺

"
Universitas Gadjah Mada,@ugm.id,626200,Momen haru menyelimuti Wisuda Program Pascasarjana kali ini. Mari kita doakan yang terbaik bagi almarhum serta keluarga yang telah ditinggalkan🖤🕊️,8633,58,404,2025-10-21,gelar MA jurusan apa
Universitas Gadjah Mada,@ugm.id,626200,Momen haru menyelimuti Wisuda Program Pascasarjana kali ini. Mari kita doakan yang terbaik bagi almarhum serta keluarga yang telah ditinggalkan🖤🕊️,8633,58,404,2025-10-21,"naratornya sampe tahan tangis, turut berduka untuk almarhum 😭"
Universitas Gadjah Mada,@ugm.id,626200,Momen haru menyelimuti Wisuda Program Pascasarjana kali ini. Mari kita doakan yang terbaik bagi almarhum serta keluarga yang telah ditinggalkan🖤🕊️,8633,58,404,2025-10-21,😭😭😭😭 semoga Allah tempatkan di surga Allah tp kamu hebat nak tetep membuat orang tuamu bangga🤲
Universitas Gadjah Mada,@ugm.id,626200,"❌Maybe in another life
✅Kita usahakan S2 di UGM

#SudutUGM kali ini kita berkeliling di Gedung Pascasarjana UGM, kira-kira siapa nih Kawan UGM yang pengen S2 di sini?🥹

#ugm #ugmyogyakarta",141400,1743,6466,2025-10-18,"s1 ui+ugm
s2 itb+unpad
s3 yonsei+oxford
bismillah 🤲🏻"
Universitas Gadjah Mada,@ugm.id,626200,"❌Maybe in another life
✅Kita usahakan S2 di UGM

#SudutUGM kali ini kita berkeliling di Gedung Pascasarjana UGM, kira-kira siapa nih Kawan UGM yang pengen S2 di sini?🥹

#ugm #ugmyogyakarta",141400,1743,6466,2025-10-18,"tapi..
s2 ga ada pionirnyaaa 🥺"
Universitas Gadjah Mada,@ugm.id,626200,"❌Maybe in another life
✅Kita usahakan S2 di UGM

#SudutUGM kali ini kita berkeliling di Gedung Pascasarjana UGM, kira-kira siapa nih Kawan UGM yang pengen S2 di sini?🥹

#ugm #ugmyogyakarta",141400,1743,6466,2025-10-18,"kalau langsung jadi rektor UGM boleh min ??? maaf gugup 🙏🏻

"
Universitas Gadjah Mada,@ugm.id,626200,"❌Maybe in another life
✅Kita usahakan S2 di UGM

#SudutUGM kali ini kita berkeliling di Gedung Pascasarjana UGM, kira-kira siapa nih Kawan UGM yang pengen S2 di sini?🥹

#ugm #ugmyogyakarta",141400,1743,6466,2025-10-18,pengen bgt kuliah di UGM tapi kuliah di UGM harga nya mahal😭😭
Universitas Gadjah Mada,@ugm.id,626200,"❌Maybe in another life
✅Kita usahakan S2 di UGM

#SudutUGM kali ini kita berkeliling di Gedung Pascasarjana UGM, kira-kira siapa nih Kawan UGM yang pengen S2 di sini?🥹

#ugm #ugmyogyakarta",141400,1743,6466,2025-10-18,"
pengen kuliah di UGM tapi ga nyoba daftar"
Universitas Gadjah Mada,@ugm.id,626200,Sayaaang! Jangan lupa makan ya Kawan UGM sayaang😆💙 Lebih enak lagi kalau makannya di Pujale nih😋 #LifeatUGM #ugm,1103,29,81,2025-10-17,ugm wait for me
Universitas Gadjah Mada,@ugm.id,626200,Sayaaang! Jangan lupa makan ya Kawan UGM sayaang😆💙 Lebih enak lagi kalau makannya di Pujale nih😋 #LifeatUGM #ugm,1103,29,81,2025-10-17,pertama
Universitas Gadjah Mada,@ugm.id,626200,Sayaaang! Jangan lupa makan ya Kawan UGM sayaang😆💙 Lebih enak lagi kalau makannya di Pujale nih😋 #LifeatUGM #ugm,1103,29,81,2025-10-17,"UGM, AKU BELAJAR SUNGGUH SUNGGUH BUAT KAMUU, TUNGGU AKUU YAA
"
Universitas Gadjah Mada,@ugm.id,626200,Sayaaang! Jangan lupa makan ya Kawan UGM sayaang😆💙 Lebih enak lagi kalau makannya di Pujale nih😋 #LifeatUGM #ugm,1103,29,81,2025-10-17,"sayanggggg
terima aku di ugm yaa,,,,
"
Universitas Gadjah Mada,@ugm.id,626200,Sayaaang! Jangan lupa makan ya Kawan UGM sayaang😆💙 Lebih enak lagi kalau makannya di Pujale nih😋 #LifeatUGM #ugm,1103,29,81,2025-10-17,"️
grcpp minn
"
Universitas Gadjah Mada,@ugm.id,626200,"Yuk terapkan tepuk foodwaste versi Kawan UGM!🤭🫶 Kalo makan wajib dihabiskan dan selalu bawa botol minum kemana-mana✅
",332,14,15,2025-10-16,"ke 7
"
Universitas Gadjah Mada,@ugm.id,626200,"Yuk terapkan tepuk foodwaste versi Kawan UGM!🤭🫶 Kalo makan wajib dihabiskan dan selalu bawa botol minum kemana-mana✅
",332,14,15,2025-10-16,"min tunggu aku ya nanti insyaallah kuliah di ugm
"
Universitas Gadjah Mada,@ugm.id,626200,"Yuk terapkan tepuk foodwaste versi Kawan UGM!🤭🫶 Kalo makan wajib dihabiskan dan selalu bawa botol minum kemana-mana✅
",332,14,15,2025-10-16,"sebelum fyp
"
Universitas Gadjah Mada,@ugm.id,626200,"Yuk terapkan tepuk foodwaste versi Kawan UGM!🤭🫶 Kalo makan wajib dihabiskan dan selalu bawa botol minum kemana-mana✅
",332,14,15,2025-10-16,pertama
Universitas Gadjah Mada,@ugm.id,626200,"Yuk terapkan tepuk foodwaste versi Kawan UGM!🤭🫶 Kalo makan wajib dihabiskan dan selalu bawa botol minum kemana-mana✅
",332,14,15,2025-10-16,"Universitas Fav kuu 💗🫶🫶
"
Universitas Gadjah Mada,@ugm.id,626200,"Kawan UGM ada yang bisa ikutan nebak ga nih? Tulis di kolom komentar yaa! 🤩 #ugm
",1425,34,27,2025-10-15,kak kalau masuk ugm jalur yg gampang jalur apa kak?
Universitas Gadjah Mada,@ugm.id,626200,"Kawan UGM ada yang bisa ikutan nebak ga nih? Tulis di kolom komentar yaa! 🤩 #ugm
",1425,34,27,2025-10-15,"Grha Sabha Pramana min
"
Universitas Gadjah Mada,@ugm.id,626200,"Kawan UGM ada yang bisa ikutan nebak ga nih? Tulis di kolom komentar yaa! 🤩 #ugm
",1425,34,27,2025-10-15,"bismillah UGM
"
Universitas Gadjah Mada,@ugm.id,626200,"Kawan UGM ada yang bisa ikutan nebak ga nih? Tulis di kolom komentar yaa! 🤩 #ugm
",1425,34,27,2025-10-15,"pertama, terima aku di ugm min🥹
"
Universitas Gadjah Mada,@ugm.id,626200,"Kawan UGM ada yang bisa ikutan nebak ga nih? Tulis di kolom komentar yaa! 🤩 #ugm
",1425,34,27,2025-10-15,"halo masa depan
"
Universitas Gadjah Mada,@ugm.id,626200,"Pada 14 Oktober 2025, Workshop Nemu Upah (Nembah IImu Urusan Sampah) dilakukan dengan berkolaborasi bersama Direktorat Pengabdian Kepada Masyarakat UGM dan Komunitas Resikplus. 🤩

Workshop ini dilakukan untuk meningkatkan pemahaman, kesadaran, dan kepedulian lingkungan terhadap pentingnya pengelolaan sampah berkelanjutan, mengurangi volume sampah organik yang dihasilkan oleh sekolah menengah berasrama
se-DIY dan sekitarnya melalui pengelolaan mandiri berbasis komposter, dan mewujudkan sekolah ramah lingkungan sebagai bagian dari program Adiwiyata atau inisiatif sekolah berkelanjutan lainnya 🥰

Yuk Kawan UGM, bersama-sama turut mengelola sampah kita dengan baik ❤️ #ugm",245,15,3,2025-10-14,Kampus impian....tunggu aku yaa ugm🤩🤩🤩
Universitas Gadjah Mada,@ugm.id,626200,"Pada 14 Oktober 2025, Workshop Nemu Upah (Nembah IImu Urusan Sampah) dilakukan dengan berkolaborasi bersama Direktorat Pengabdian Kepada Masyarakat UGM dan Komunitas Resikplus. 🤩

Workshop ini dilakukan untuk meningkatkan pemahaman, kesadaran, dan kepedulian lingkungan terhadap pentingnya pengelolaan sampah berkelanjutan, mengurangi volume sampah organik yang dihasilkan oleh sekolah menengah berasrama
se-DIY dan sekitarnya melalui pengelolaan mandiri berbasis komposter, dan mewujudkan sekolah ramah lingkungan sebagai bagian dari program Adiwiyata atau inisiatif sekolah berkelanjutan lainnya 🥰

Yuk Kawan UGM, bersama-sama turut mengelola sampah kita dengan baik ❤️ #ugm",245,15,3,2025-10-14,hai UGM terima aku yaa
Universitas Gadjah Mada,@ugm.id,626200,"Pada 14 Oktober 2025, Workshop Nemu Upah (Nembah IImu Urusan Sampah) dilakukan dengan berkolaborasi bersama Direktorat Pengabdian Kepada Masyarakat UGM dan Komunitas Resikplus. 🤩

Workshop ini dilakukan untuk meningkatkan pemahaman, kesadaran, dan kepedulian lingkungan terhadap pentingnya pengelolaan sampah berkelanjutan, mengurangi volume sampah organik yang dihasilkan oleh sekolah menengah berasrama
se-DIY dan sekitarnya melalui pengelolaan mandiri berbasis komposter, dan mewujudkan sekolah ramah lingkungan sebagai bagian dari program Adiwiyata atau inisiatif sekolah berkelanjutan lainnya 🥰

Yuk Kawan UGM, bersama-sama turut mengelola sampah kita dengan baik ❤️ #ugm",245,15,3,2025-10-14,UGM tunggu akuu😽🤍🙆🏻‍♀
Universitas Gadjah Mada,@ugm.id,626200,"Pada 14 Oktober 2025, Workshop Nemu Upah (Nembah IImu Urusan Sampah) dilakukan dengan berkolaborasi bersama Direktorat Pengabdian Kepada Masyarakat UGM dan Komunitas Resikplus. 🤩

Workshop ini dilakukan untuk meningkatkan pemahaman, kesadaran, dan kepedulian lingkungan terhadap pentingnya pengelolaan sampah berkelanjutan, mengurangi volume sampah organik yang dihasilkan oleh sekolah menengah berasrama
se-DIY dan sekitarnya melalui pengelolaan mandiri berbasis komposter, dan mewujudkan sekolah ramah lingkungan sebagai bagian dari program Adiwiyata atau inisiatif sekolah berkelanjutan lainnya 🥰

Yuk Kawan UGM, bersama-sama turut mengelola sampah kita dengan baik ❤️ #ugm",245,15,3,2025-10-14,"min ada jalur kasian ga buat aku😭, udh pngn bngettt masukk UGM minn💞💞🤭🤭"
Universitas Gadjah Mada,@ugm.id,626200,"Pada 14 Oktober 2025, Workshop Nemu Upah (Nembah IImu Urusan Sampah) dilakukan dengan berkolaborasi bersama Direktorat Pengabdian Kepada Masyarakat UGM dan Komunitas Resikplus. 🤩

Workshop ini dilakukan untuk meningkatkan pemahaman, kesadaran, dan kepedulian lingkungan terhadap pentingnya pengelolaan sampah berkelanjutan, mengurangi volume sampah organik yang dihasilkan oleh sekolah menengah berasrama
se-DIY dan sekitarnya melalui pengelolaan mandiri berbasis komposter, dan mewujudkan sekolah ramah lingkungan sebagai bagian dari program Adiwiyata atau inisiatif sekolah berkelanjutan lainnya 🥰

Yuk Kawan UGM, bersama-sama turut mengelola sampah kita dengan baik ❤️ #ugm",245,15,3,2025-10-14,umg tunggu ✋aku
Universitas Gadjah Mada,@ugm.id,626200,Menikmati matahari pagi enaknya di GIK UGM☺️✨ Mana nih Kawan UGM yang udah jogging pagi di GIK?🙋🏻‍♂️ #ugm #sudutugm,676,35,30,2025-10-12,UGM tunggu aku yaaa!!
Universitas Gadjah Mada,@ugm.id,626200,Menikmati matahari pagi enaknya di GIK UGM☺️✨ Mana nih Kawan UGM yang udah jogging pagi di GIK?🙋🏻‍♂️ #ugm #sudutugm,676,35,30,2025-10-12,yu semangat semoga bisa mencapai cita-cita
Universitas Gadjah Mada,@ugm.id,626200,Menikmati matahari pagi enaknya di GIK UGM☺️✨ Mana nih Kawan UGM yang udah jogging pagi di GIK?🙋🏻‍♂️ #ugm #sudutugm,676,35,30,2025-10-12,UGM maaf aku rengking 6😞
Universitas Gadjah Mada,@ugm.id,626200,Menikmati matahari pagi enaknya di GIK UGM☺️✨ Mana nih Kawan UGM yang udah jogging pagi di GIK?🙋🏻‍♂️ #ugm #sudutugm,676,35,30,2025-10-12,UGM terimaaa akuu nantiii yaaaa😻
Universitas Gadjah Mada,@ugm.id,626200,Menikmati matahari pagi enaknya di GIK UGM☺️✨ Mana nih Kawan UGM yang udah jogging pagi di GIK?🙋🏻‍♂️ #ugm #sudutugm,676,35,30,2025-10-12,UGM terima aku pls🥺
Universitas Gadjah Mada,@ugm.id,626200,"Setiap orang berhak atas kasih sayang, ketenangan, dan kesejahteraan jiwa ❤️

Selamat Hari Kesehatan Mental Sedunia Kawan UGM 🥰

Yuk sebutkan alasan semangat dan terus bertahan kalian! 🤩 #ugm #ugmjogja",5350,54,221,2025-10-10,UGM sayang terima aku di 2026 nanti ya🥹💘
Universitas Gadjah Mada,@ugm.id,626200,"Setiap orang berhak atas kasih sayang, ketenangan, dan kesejahteraan jiwa ❤️

Selamat Hari Kesehatan Mental Sedunia Kawan UGM 🥰

Yuk sebutkan alasan semangat dan terus bertahan kalian! 🤩 #ugm #ugmjogja",5350,54,221,2025-10-10,"UGM tunggu aku,dan kakak ku ya😔🙏🏻"
Universitas Gadjah Mada,@ugm.id,626200,"Setiap orang berhak atas kasih sayang, ketenangan, dan kesejahteraan jiwa ❤️

Selamat Hari Kesehatan Mental Sedunia Kawan UGM 🥰

Yuk sebutkan alasan semangat dan terus bertahan kalian! 🤩 #ugm #ugmjogja",5350,54,221,2025-10-10,"ugm, one day or in another life?"
Universitas Gadjah Mada,@ugm.id,626200,"Setiap orang berhak atas kasih sayang, ketenangan, dan kesejahteraan jiwa ❤️

Selamat Hari Kesehatan Mental Sedunia Kawan UGM 🥰

Yuk sebutkan alasan semangat dan terus bertahan kalian! 🤩 #ugm #ugmjogja",5350,54,221,2025-10-10,TOLONG TERIMA AKU YAA EM🥺😇🫰🏻
Universitas Gadjah Mada,@ugm.id,626200,"Setiap orang berhak atas kasih sayang, ketenangan, dan kesejahteraan jiwa ❤️

Selamat Hari Kesehatan Mental Sedunia Kawan UGM 🥰

Yuk sebutkan alasan semangat dan terus bertahan kalian! 🤩 #ugm #ugmjogja",5350,54,221,2025-10-10,"yujiem, trima aku di alih jenjang nanti ya🤍❤️‍🔥
"
Universitas Gadjah Mada,@ugm.id,626200,Kalau Kawan UGM top song di playlist nya apa nih selama UTS? 🤩 Sebutin di kolom komentar yaa 😆 #ugm #ugmjogja,2391,68,236,2025-10-09,ugm ntar terima aku yaa? aku udah hafal perkalian 5 😘🫰
Universitas Gadjah Mada,@ugm.id,626200,Kalau Kawan UGM top song di playlist nya apa nih selama UTS? 🤩 Sebutin di kolom komentar yaa 😆 #ugm #ugmjogja,2391,68,236,2025-10-09,"tahun depan lolosin aku ya di UTBK (kedokteran UGM), nanti boleh kok tanya tanya ke aku🗿"
Universitas Gadjah Mada,@ugm.id,626200,Kalau Kawan UGM top song di playlist nya apa nih selama UTS? 🤩 Sebutin di kolom komentar yaa 😆 #ugm #ugmjogja,2391,68,236,2025-10-09,kak tunggu aku ya
Universitas Gadjah Mada,@ugm.id,626200,Kalau Kawan UGM top song di playlist nya apa nih selama UTS? 🤩 Sebutin di kolom komentar yaa 😆 #ugm #ugmjogja,2391,68,236,2025-10-09,UGM JANGAN TOLAK AKU LAGI YA NANTI DI UTBK 26😊
Universitas Gadjah Mada,@ugm.id,626200,Kalau Kawan UGM top song di playlist nya apa nih selama UTS? 🤩 Sebutin di kolom komentar yaa 😆 #ugm #ugmjogja,2391,68,236,2025-10-09,"RONY PARULIAN MIN😌
"
Universitas Gadjah Mada,@ugm.id,626200,Alamak🫣 Kalau ada 9 nyawa mau di UGM semua!! Cung yang setuju😆💙 #ugm,14100,177,468,2025-10-07,"kalo ada 9 nyawa~~~
terima aku disana~~
selamanyaa~~~"
Universitas Gadjah Mada,@ugm.id,626200,Alamak🫣 Kalau ada 9 nyawa mau di UGM semua!! Cung yang setuju😆💙 #ugm,14100,177,468,2025-10-07,"Kaaaa, nantii tungguinn akuu yaa disanaaaa :)"
Universitas Gadjah Mada,@ugm.id,626200,Alamak🫣 Kalau ada 9 nyawa mau di UGM semua!! Cung yang setuju😆💙 #ugm,14100,177,468,2025-10-07,kaaa pengen masuk ugm..
Universitas Gadjah Mada,@ugm.id,626200,Alamak🫣 Kalau ada 9 nyawa mau di UGM semua!! Cung yang setuju😆💙 #ugm,14100,177,468,2025-10-07,KA TUNGGUIN AKU DI SANA YAA 💕😔
Universitas Gadjah Mada,@ugm.id,626200,Alamak🫣 Kalau ada 9 nyawa mau di UGM semua!! Cung yang setuju😆💙 #ugm,14100,177,468,2025-10-07,"kalau adaa sembilan nyawaa~~~
mau di ugm saja~~~
makanya terima aku disanaa~~~
selamanyaaa~~~"
Universitas Gadjah Mada,@ugm.id,626200,"Jadi ini ya starter pack UTS mahasiswa UGM? Kira-kira kalau starter pack Kawan UGM?

Semangat menjalani ibadah UTS, Kawan UGM!🤩💙 #ugm",672,24,27,2025-10-06,kak kalo kedokteran ada ga?
Universitas Gadjah Mada,@ugm.id,626200,"Jadi ini ya starter pack UTS mahasiswa UGM? Kira-kira kalau starter pack Kawan UGM?

Semangat menjalani ibadah UTS, Kawan UGM!🤩💙 #ugm",672,24,27,2025-10-06,kak mo nanya kalau kuliah kaya gini tuh berapa tahun? aku gak tau maaf yaaaa😁
Universitas Gadjah Mada,@ugm.id,626200,"Jadi ini ya starter pack UTS mahasiswa UGM? Kira-kira kalau starter pack Kawan UGM?

Semangat menjalani ibadah UTS, Kawan UGM!🤩💙 #ugm",672,24,27,2025-10-06,ugm tunggu akuu 2028
Universitas Gadjah Mada,@ugm.id,626200,"Jadi ini ya starter pack UTS mahasiswa UGM? Kira-kira kalau starter pack Kawan UGM?

Semangat menjalani ibadah UTS, Kawan UGM!🤩💙 #ugm",672,24,27,2025-10-06,tunggu aku ya ugm
Universitas Gadjah Mada,@ugm.id,626200,"Jadi ini ya starter pack UTS mahasiswa UGM? Kira-kira kalau starter pack Kawan UGM?

Semangat menjalani ibadah UTS, Kawan UGM!🤩💙 #ugm",672,24,27,2025-10-06,ugm tunggu akuu 2030
Universitas Gadjah Mada,@ugm.id,626200,"Lagi cari tempat healing yang ada ilmunya? 😆
Main ke Museum UGM aja~
Lagi ada pameran seru lho!
Yuk mampir sebelum kelamaan ✨ #ugm",907,30,57,2025-10-05,pertama dapet apa minnnn😻
Universitas Gadjah Mada,@ugm.id,626200,"Lagi cari tempat healing yang ada ilmunya? 😆
Main ke Museum UGM aja~
Lagi ada pameran seru lho!
Yuk mampir sebelum kelamaan ✨ #ugm",907,30,57,2025-10-05,gercep min
Universitas Gadjah Mada,@ugm.id,626200,"Lagi cari tempat healing yang ada ilmunya? 😆
Main ke Museum UGM aja~
Lagi ada pameran seru lho!
Yuk mampir sebelum kelamaan ✨ #ugm",907,30,57,2025-10-05,UGM tunggu aku yaa
Universitas Gadjah Mada,@ugm.id,626200,"Lagi cari tempat healing yang ada ilmunya? 😆
Main ke Museum UGM aja~
Lagi ada pameran seru lho!
Yuk mampir sebelum kelamaan ✨ #ugm",907,30,57,2025-10-05,"UGM ( UNIVERSITAS GABUNGAN MULYONO )
😂😂😂😂😂😂😂"
Universitas Gadjah Mada,@ugm.id,626200,"Lagi cari tempat healing yang ada ilmunya? 😆
Main ke Museum UGM aja~
Lagi ada pameran seru lho!
Yuk mampir sebelum kelamaan ✨ #ugm",907,30,57,2025-10-05,Masih pengen Arkeologi nya min 😔 tapi udh keterima Gizi 💔 di univ lain
Universitas Gadjah Mada,@ugm.id,626200,Wah cantiknya blooming season di Wisdom Park🥹 Kawan UGM ada yang sudah mengunjungi bunga-bunga di Wisdom Park? #SudutUGM,18200,191,1525,2025-10-04,MIN ADAIN UGM JALUR KASIAN
Universitas Gadjah Mada,@ugm.id,626200,Wah cantiknya blooming season di Wisdom Park🥹 Kawan UGM ada yang sudah mengunjungi bunga-bunga di Wisdom Park? #SudutUGM,18200,191,1525,2025-10-04,"Bismillah mohon doanya ya, semoga di bulan Februari nanti bisa lanjut studi S2 dengan beasiswa, Aamiin 🤲🏻🤍"
Universitas Gadjah Mada,@ugm.id,626200,Wah cantiknya blooming season di Wisdom Park🥹 Kawan UGM ada yang sudah mengunjungi bunga-bunga di Wisdom Park? #SudutUGM,18200,191,1525,2025-10-04,"UGMMM, TUNGGU AKU...🤍"
Universitas Gadjah Mada,@ugm.id,626200,Wah cantiknya blooming season di Wisdom Park🥹 Kawan UGM ada yang sudah mengunjungi bunga-bunga di Wisdom Park? #SudutUGM,18200,191,1525,2025-10-04,"MINN TUNGGU AKU DISANAAA, UGM I LOVE YOUU"
Universitas Gadjah Mada,@ugm.id,626200,Wah cantiknya blooming season di Wisdom Park🥹 Kawan UGM ada yang sudah mengunjungi bunga-bunga di Wisdom Park? #SudutUGM,18200,191,1525,2025-10-04,aku masih mencintaimu sampai detik ini tunggu aku yaa? ~♥UGM~
Universitas Gadjah Mada,@ugm.id,626200,"Wah ternyata UGM punya motif batiknya sendiri loh?!🤩✨ Selamat memperingati Hari Batik Nasional, Kawan UGM! #ugm",8467,81,228,2025-10-03,calonn mahasiswi ugm nihh🤭
Universitas Gadjah Mada,@ugm.id,626200,"Wah ternyata UGM punya motif batiknya sendiri loh?!🤩✨ Selamat memperingati Hari Batik Nasional, Kawan UGM! #ugm",8467,81,228,2025-10-03,UGM TUNGGUUUUUU AKUUUUUU YAAAAAA
Universitas Gadjah Mada,@ugm.id,626200,"Wah ternyata UGM punya motif batiknya sendiri loh?!🤩✨ Selamat memperingati Hari Batik Nasional, Kawan UGM! #ugm",8467,81,228,2025-10-03,UGM TUNGGU AKU YAA✨✨🤍🫶
Universitas Gadjah Mada,@ugm.id,626200,"Wah ternyata UGM punya motif batiknya sendiri loh?!🤩✨ Selamat memperingati Hari Batik Nasional, Kawan UGM! #ugm",8467,81,228,2025-10-03,"ugm tunggu akuuuu😻🫶🏻
"
Universitas Gadjah Mada,@ugm.id,626200,"Wah ternyata UGM punya motif batiknya sendiri loh?!🤩✨ Selamat memperingati Hari Batik Nasional, Kawan UGM! #ugm",8467,81,228,2025-10-03,ugm itu di mana ya kak? aku soalnya masih di yogyakarta
Universitas Gadjah Mada,@ugm.id,626200,"Jangan sampai bikin ngambek ya, Kawan UGM!😤 Yuk, kita jaga kebersihan kampus tercinta🫰🏻#ugm #ugmjogja",214,10,11,2025-10-01,"𝐅𝐀𝐊𝐔𝐋𝐓𝐀𝐒 𝐊𝐄𝐃𝐎𝐊𝐓𝐄𝐑𝐀𝐍 𝐓𝐔𝐍𝐆𝐆𝐔 𝐀𝐊𝐔𝐔𝐔💗
"
Universitas Gadjah Mada,@ugm.id,626200,"Jangan sampai bikin ngambek ya, Kawan UGM!😤 Yuk, kita jaga kebersihan kampus tercinta🫰🏻#ugm #ugmjogja",214,10,11,2025-10-01,"aku mau ke UGM tapi gimana lagi, aku ga boleh keluar dari Jawa Barat sama keluarga😔

"
Universitas Gadjah Mada,@ugm.id,626200,"Jangan sampai bikin ngambek ya, Kawan UGM!😤 Yuk, kita jaga kebersihan kampus tercinta🫰🏻#ugm #ugmjogja",214,10,11,2025-10-01,UGM mengikuti anda ( misalnya)
Universitas Gadjah Mada,@ugm.id,626200,"Jangan sampai bikin ngambek ya, Kawan UGM!😤 Yuk, kita jaga kebersihan kampus tercinta🫰🏻#ugm #ugmjogja",214,10,11,2025-10-01,absennn sebelum ribuann😊
Universitas Gadjah Mada,@ugm.id,626200,"Jangan sampai bikin ngambek ya, Kawan UGM!😤 Yuk, kita jaga kebersihan kampus tercinta🫰🏻#ugm #ugmjogja",214,10,11,2025-10-01,smoga bisa ke ugm aminnn
Universitas Indonesia,@univ_indonesia,71500,"Halo, Sobat UI! 👋🏻, Kamu ingin memiliki gelar sarjana dari UI sekaligus universitas mitra UI di luar negeri? Yuk, berjelajah bersama MinUI di International Class Undergraduate Program Expo 2025. 🤩",129,9,12,2025-11-11,omg pertama minn
Universitas Indonesia,@univ_indonesia,71500,"Halo, Sobat UI! 👋🏻, Kamu ingin memiliki gelar sarjana dari UI sekaligus universitas mitra UI di luar negeri? Yuk, berjelajah bersama MinUI di International Class Undergraduate Program Expo 2025. 🤩",129,9,12,2025-11-11,ih udah abis telat banget😔😔
Universitas Indonesia,@univ_indonesia,71500,"Halo, Sobat UI! 👋🏻, Kamu ingin memiliki gelar sarjana dari UI sekaligus universitas mitra UI di luar negeri? Yuk, berjelajah bersama MinUI di International Class Undergraduate Program Expo 2025. 🤩",129,9,12,2025-11-11,doa in aku masuk ui uaa🤩💗
Universitas Indonesia,@univ_indonesia,71500,"Halo, Sobat UI! 👋🏻, Kamu ingin memiliki gelar sarjana dari UI sekaligus universitas mitra UI di luar negeri? Yuk, berjelajah bersama MinUI di International Class Undergraduate Program Expo 2025. 🤩",129,9,12,2025-11-11,wihh gercep nih bisa keterima ui gakk
Universitas Indonesia,@univ_indonesia,71500,"Halo, Sobat UI! 👋🏻, Kamu ingin memiliki gelar sarjana dari UI sekaligus universitas mitra UI di luar negeri? Yuk, berjelajah bersama MinUI di International Class Undergraduate Program Expo 2025. 🤩",129,9,12,2025-11-11,kakk kuota nya gabisa di tambah lagi kaaaaaaah
Universitas Indonesia,@univ_indonesia,71500,"Halo, Mahasiswa Baru Universitas Indonesia 2025! 👋🏻

Salah satu rangkaian Kegiatan Awal Mahasiswa Baru (KAMABA) 2025, yaitu Pengenalan Kehidupan Kampus Mahasiswa Baru (PKKMB), baru saja terlaksana! Semoga setiap momen yang sudah dilalui bisa menjadi salah satu kenangan berharga dalam perjalananmu sebagai Mahasiswa UI.",2017,61,177,2025-08-05,alhamdulillah anaku sdh semester 3 di sini prodi sistem informasi
Universitas Indonesia,@univ_indonesia,71500,"Halo, Mahasiswa Baru Universitas Indonesia 2025! 👋🏻

Salah satu rangkaian Kegiatan Awal Mahasiswa Baru (KAMABA) 2025, yaitu Pengenalan Kehidupan Kampus Mahasiswa Baru (PKKMB), baru saja terlaksana! Semoga setiap momen yang sudah dilalui bisa menjadi salah satu kenangan berharga dalam perjalananmu sebagai Mahasiswa UI.",2017,61,177,2025-08-05,Ilmu Komputer UI 2026 terima aku yah
Universitas Indonesia,@univ_indonesia,71500,"Halo, Mahasiswa Baru Universitas Indonesia 2025! 👋🏻

Salah satu rangkaian Kegiatan Awal Mahasiswa Baru (KAMABA) 2025, yaitu Pengenalan Kehidupan Kampus Mahasiswa Baru (PKKMB), baru saja terlaksana! Semoga setiap momen yang sudah dilalui bisa menjadi salah satu kenangan berharga dalam perjalananmu sebagai Mahasiswa UI.",2017,61,177,2025-08-05,firstt apakah keterima di ui at the futureee?? 😦🫰🏻
Universitas Indonesia,@univ_indonesia,71500,"Halo, Mahasiswa Baru Universitas Indonesia 2025! 👋🏻

Salah satu rangkaian Kegiatan Awal Mahasiswa Baru (KAMABA) 2025, yaitu Pengenalan Kehidupan Kampus Mahasiswa Baru (PKKMB), baru saja terlaksana! Semoga setiap momen yang sudah dilalui bisa menjadi salah satu kenangan berharga dalam perjalananmu sebagai Mahasiswa UI.",2017,61,177,2025-08-05,yaallohh semogaa aku bisaa☹️💗
Universitas Indonesia,@univ_indonesia,71500,"Halo, Mahasiswa Baru Universitas Indonesia 2025! 👋🏻

Salah satu rangkaian Kegiatan Awal Mahasiswa Baru (KAMABA) 2025, yaitu Pengenalan Kehidupan Kampus Mahasiswa Baru (PKKMB), baru saja terlaksana! Semoga setiap momen yang sudah dilalui bisa menjadi salah satu kenangan berharga dalam perjalananmu sebagai Mahasiswa UI.",2017,61,177,2025-08-05,sayang banget tahun ini gx ada okk🥺
Universitas Indonesia,@univ_indonesia,71500,"Ubur-ubur ikan lele
Masa libur udah kelar leee...🐟

Sobat UI, udah siap belum ni buat balik ke kampus lagi? nugas lagi, ngantin lagi, ngedate bareng doi lagi...Ga sabar pengen ngelaprak dan prepare UAS sampe subuh! hehehe😋

Selamat menempuh semester genap tahun akademik 2024/2025, sobat UI. Mari jalani semester baru dengan semangat dan optimis. ✨",449,13,10,2025-02-03,Semangat ya mba 🥰 ngampus lagi sehat selalu di semester 6
Universitas Indonesia,@univ_indonesia,71500,"Ubur-ubur ikan lele
Masa libur udah kelar leee...🐟

Sobat UI, udah siap belum ni buat balik ke kampus lagi? nugas lagi, ngantin lagi, ngedate bareng doi lagi...Ga sabar pengen ngelaprak dan prepare UAS sampe subuh! hehehe😋

Selamat menempuh semester genap tahun akademik 2024/2025, sobat UI. Mari jalani semester baru dengan semangat dan optimis. ✨",449,13,10,2025-02-03,답장 오네가이시마스 mas😭
Universitas Indonesia,@univ_indonesia,71500,"Ubur-ubur ikan lele
Masa libur udah kelar leee...🐟

Sobat UI, udah siap belum ni buat balik ke kampus lagi? nugas lagi, ngantin lagi, ngedate bareng doi lagi...Ga sabar pengen ngelaprak dan prepare UAS sampe subuh! hehehe😋

Selamat menempuh semester genap tahun akademik 2024/2025, sobat UI. Mari jalani semester baru dengan semangat dan optimis. ✨",449,13,10,2025-02-03,"UI PANGGIL AKU DI SNBP 2025!!!! BISMILLAHIRRAHMANIRRAHIM FEB AKUNTANSI 🥺💛💛💛
"
Universitas Indonesia,@univ_indonesia,71500,"Ubur-ubur ikan lele
Masa libur udah kelar leee...🐟

Sobat UI, udah siap belum ni buat balik ke kampus lagi? nugas lagi, ngantin lagi, ngedate bareng doi lagi...Ga sabar pengen ngelaprak dan prepare UAS sampe subuh! hehehe😋

Selamat menempuh semester genap tahun akademik 2024/2025, sobat UI. Mari jalani semester baru dengan semangat dan optimis. ✨",449,13,10,2025-02-03,"
SEMANGAT SEMESTER 2✨😌
"
Universitas Indonesia,@univ_indonesia,71500,"Ubur-ubur ikan lele
Masa libur udah kelar leee...🐟

Sobat UI, udah siap belum ni buat balik ke kampus lagi? nugas lagi, ngantin lagi, ngedate bareng doi lagi...Ga sabar pengen ngelaprak dan prepare UAS sampe subuh! hehehe😋

Selamat menempuh semester genap tahun akademik 2024/2025, sobat UI. Mari jalani semester baru dengan semangat dan optimis. ✨",449,13,10,2025-02-03,"bismillahirrahmanirrahim""Allahumma sholli ala sayyidina Muhammad🤲🤲💙Allahumma yassir wala tu'assir"
Universitas Indonesia,@univ_indonesia,71500,"Halo Calon Mahasiswa Baru UI 👋🏻 UI Open Days tinggal 3 hari lagi, lho!

Sudah siap belum menikmati keseruan tanggal 3 dan 4 Mei nanti?

Supaya makin semangat, kamu bisa datang ke UI Open Days dan ikut Lomba Reel UI Open Days 2025 juga yaa.. Silakan buat reel yang paling keren dan mention akun @univ_indonesia . Jangan lupa gunakan #UIOpenDays2025 dan #UIOD2025 💕

Hadiah menarik limited edition sudah kami spill di unggahan UI Open Days sebelumnya yaa 😉

Pemenang akan diumumkan tanggal 3 dan 4 di Balairung.

Pastikan kamu yang bawa pulang hadiahnyaa 🎉🎉",916,26,26,2025-04-30,Bismillah jadi maba UI 2027 aminn....
Universitas Indonesia,@univ_indonesia,71500,"Halo Calon Mahasiswa Baru UI 👋🏻 UI Open Days tinggal 3 hari lagi, lho!

Sudah siap belum menikmati keseruan tanggal 3 dan 4 Mei nanti?

Supaya makin semangat, kamu bisa datang ke UI Open Days dan ikut Lomba Reel UI Open Days 2025 juga yaa.. Silakan buat reel yang paling keren dan mention akun @univ_indonesia . Jangan lupa gunakan #UIOpenDays2025 dan #UIOD2025 💕

Hadiah menarik limited edition sudah kami spill di unggahan UI Open Days sebelumnya yaa 😉

Pemenang akan diumumkan tanggal 3 dan 4 di Balairung.

Pastikan kamu yang bawa pulang hadiahnyaa 🎉🎉",916,26,26,2025-04-30,"
ihh pengen ikut tapi jauh😭😭😭"
Universitas Indonesia,@univ_indonesia,71500,"Halo Calon Mahasiswa Baru UI 👋🏻 UI Open Days tinggal 3 hari lagi, lho!

Sudah siap belum menikmati keseruan tanggal 3 dan 4 Mei nanti?

Supaya makin semangat, kamu bisa datang ke UI Open Days dan ikut Lomba Reel UI Open Days 2025 juga yaa.. Silakan buat reel yang paling keren dan mention akun @univ_indonesia . Jangan lupa gunakan #UIOpenDays2025 dan #UIOD2025 💕

Hadiah menarik limited edition sudah kami spill di unggahan UI Open Days sebelumnya yaa 😉

Pemenang akan diumumkan tanggal 3 dan 4 di Balairung.

Pastikan kamu yang bawa pulang hadiahnyaa 🎉🎉",916,26,26,2025-04-30,ITUU YANG MAKARA MERAH PERTAMA HARUS DIUSAHAIN SIHHH MINN😭😭
Universitas Indonesia,@univ_indonesia,71500,"Halo Calon Mahasiswa Baru UI 👋🏻 UI Open Days tinggal 3 hari lagi, lho!

Sudah siap belum menikmati keseruan tanggal 3 dan 4 Mei nanti?

Supaya makin semangat, kamu bisa datang ke UI Open Days dan ikut Lomba Reel UI Open Days 2025 juga yaa.. Silakan buat reel yang paling keren dan mention akun @univ_indonesia . Jangan lupa gunakan #UIOpenDays2025 dan #UIOD2025 💕

Hadiah menarik limited edition sudah kami spill di unggahan UI Open Days sebelumnya yaa 😉

Pemenang akan diumumkan tanggal 3 dan 4 di Balairung.

Pastikan kamu yang bawa pulang hadiahnyaa 🎉🎉",916,26,26,2025-04-30,serius nii ada jurusan kriminologi? Itu urusin dulu kasus akseyna min🤭🤪💋🥵🤤
Universitas Indonesia,@univ_indonesia,71500,"Halo Calon Mahasiswa Baru UI 👋🏻 UI Open Days tinggal 3 hari lagi, lho!

Sudah siap belum menikmati keseruan tanggal 3 dan 4 Mei nanti?

Supaya makin semangat, kamu bisa datang ke UI Open Days dan ikut Lomba Reel UI Open Days 2025 juga yaa.. Silakan buat reel yang paling keren dan mention akun @univ_indonesia . Jangan lupa gunakan #UIOpenDays2025 dan #UIOD2025 💕

Hadiah menarik limited edition sudah kami spill di unggahan UI Open Days sebelumnya yaa 😉

Pemenang akan diumumkan tanggal 3 dan 4 di Balairung.

Pastikan kamu yang bawa pulang hadiahnyaa 🎉🎉",916,26,26,2025-04-30,@univ_indonesia kenapa thn ini jalur mandiri ada ipi nya? 😭😭😭
Universitas Indonesia,@univ_indonesia,71500,"Halo, Mahasiswa Baru Universitas Indonesia 2025! 🤩

Kemarin, MinUI berkesempatan untuk bertemu langsung dengan para Mahasiswa Baru UI 2025 dari berbagai fakultas, lho! 🙌🏻 Dan, inilah pendapat mereka tentang KAMABA 2025 yang dideskripsikan hanya dengan satu kata.",608,11,45,2025-08-06,Ilmu Komputer UI 2026 terima aku yah
Universitas Indonesia,@univ_indonesia,71500,"Halo, Mahasiswa Baru Universitas Indonesia 2025! 🤩

Kemarin, MinUI berkesempatan untuk bertemu langsung dengan para Mahasiswa Baru UI 2025 dari berbagai fakultas, lho! 🙌🏻 Dan, inilah pendapat mereka tentang KAMABA 2025 yang dideskripsikan hanya dengan satu kata.",608,11,45,2025-08-06,"kakak2 yg masih mencari kost dan butuh penginapan sementara, cek profil kami ya !"
Universitas Indonesia,@univ_indonesia,71500,"Halo, Mahasiswa Baru Universitas Indonesia 2025! 🤩

Kemarin, MinUI berkesempatan untuk bertemu langsung dengan para Mahasiswa Baru UI 2025 dari berbagai fakultas, lho! 🙌🏻 Dan, inilah pendapat mereka tentang KAMABA 2025 yang dideskripsikan hanya dengan satu kata.",608,11,45,2025-08-06,F Mipa donk
Universitas Indonesia,@univ_indonesia,71500,"Halo, Mahasiswa Baru Universitas Indonesia 2025! 🤩

Kemarin, MinUI berkesempatan untuk bertemu langsung dengan para Mahasiswa Baru UI 2025 dari berbagai fakultas, lho! 🙌🏻 Dan, inilah pendapat mereka tentang KAMABA 2025 yang dideskripsikan hanya dengan satu kata.",608,11,45,2025-08-06,"tunggu aku 2027 yaaa🤲🤲💛
"
Universitas Indonesia,@univ_indonesia,71500,"Halo, Mahasiswa Baru Universitas Indonesia 2025! 🤩

Kemarin, MinUI berkesempatan untuk bertemu langsung dengan para Mahasiswa Baru UI 2025 dari berbagai fakultas, lho! 🙌🏻 Dan, inilah pendapat mereka tentang KAMABA 2025 yang dideskripsikan hanya dengan satu kata.",608,11,45,2025-08-06,teknik memang gahar2
Universitas Indonesia,@univ_indonesia,71500,"Halo, Sobat UI! 🤩

Siapa, nih, yang sudah jadi Mahasiswa Universitas Indonesia, tapi belum tahu fun fact di setiap fakultas? Yuk, kenal lebih jauh dengan beberapa fakultas yang ada di UI! 💫

Kalau fakultas kamu, apa fun fact yang harus diketahui? Tulis di kolom komentar yaa.. 😉",1093,13,33,2025-09-22,ui terima akuuuu
Universitas Indonesia,@univ_indonesia,71500,"Halo, Sobat UI! 🤩

Siapa, nih, yang sudah jadi Mahasiswa Universitas Indonesia, tapi belum tahu fun fact di setiap fakultas? Yuk, kenal lebih jauh dengan beberapa fakultas yang ada di UI! 💫

Kalau fakultas kamu, apa fun fact yang harus diketahui? Tulis di kolom komentar yaa.. 😉",1093,13,33,2025-09-22,kak fisippp🙏🏻🙏🏻🙏🏻
Universitas Indonesia,@univ_indonesia,71500,"Halo, Sobat UI! 🤩

Siapa, nih, yang sudah jadi Mahasiswa Universitas Indonesia, tapi belum tahu fun fact di setiap fakultas? Yuk, kenal lebih jauh dengan beberapa fakultas yang ada di UI! 💫

Kalau fakultas kamu, apa fun fact yang harus diketahui? Tulis di kolom komentar yaa.. 😉",1093,13,33,2025-09-22,UI terima aku ya walaupun aku masih lamaa😵‍💫
Universitas Indonesia,@univ_indonesia,71500,"Halo, Sobat UI! 🤩

Siapa, nih, yang sudah jadi Mahasiswa Universitas Indonesia, tapi belum tahu fun fact di setiap fakultas? Yuk, kenal lebih jauh dengan beberapa fakultas yang ada di UI! 💫

Kalau fakultas kamu, apa fun fact yang harus diketahui? Tulis di kolom komentar yaa.. 😉",1093,13,33,2025-09-22,Wow seru banget
Universitas Indonesia,@univ_indonesia,71500,"Halo, Sobat UI! 🤩

Siapa, nih, yang sudah jadi Mahasiswa Universitas Indonesia, tapi belum tahu fun fact di setiap fakultas? Yuk, kenal lebih jauh dengan beberapa fakultas yang ada di UI! 💫

Kalau fakultas kamu, apa fun fact yang harus diketahui? Tulis di kolom komentar yaa.. 😉",1093,13,33,2025-09-22,"FEB, FIB, FIA, FISIP, Vokasi mana???
"
Universitas Indonesia,@univ_indonesia,71500,"Halo, Sobat UI 👋

Pada 19 September lalu, Universitas Indonesia mengambil langkah konkret dalam mendukung perjuangan rakyat Palestina dengan mendirikan UI-Palestine Center. Sebuah lembaga yang hadir untuk mengadvokasi hak-hak warga Palestina.

Apa saja aktivitas UI-Palestine Center? Yuk, mari kita simak unggahan di atas.

Mari bersama kita dukung perjuangan Palestina melalui UI-Palestina Center, karena setiap langkah kita adalah bagian dari perjuangan mereka menuju kebebasan.

",85,10,4,2025-09-21,Bangga dengan UI!
Universitas Indonesia,@univ_indonesia,71500,"Halo, Sobat UI 👋

Pada 19 September lalu, Universitas Indonesia mengambil langkah konkret dalam mendukung perjuangan rakyat Palestina dengan mendirikan UI-Palestine Center. Sebuah lembaga yang hadir untuk mengadvokasi hak-hak warga Palestina.

Apa saja aktivitas UI-Palestine Center? Yuk, mari kita simak unggahan di atas.

Mari bersama kita dukung perjuangan Palestina melalui UI-Palestina Center, karena setiap langkah kita adalah bagian dari perjuangan mereka menuju kebebasan.

",85,10,4,2025-09-21,pertama min sapa
Universitas Indonesia,@univ_indonesia,71500,"Halo, Sobat UI 👋

Pada 19 September lalu, Universitas Indonesia mengambil langkah konkret dalam mendukung perjuangan rakyat Palestina dengan mendirikan UI-Palestine Center. Sebuah lembaga yang hadir untuk mengadvokasi hak-hak warga Palestina.

Apa saja aktivitas UI-Palestine Center? Yuk, mari kita simak unggahan di atas.

Mari bersama kita dukung perjuangan Palestina melalui UI-Palestina Center, karena setiap langkah kita adalah bagian dari perjuangan mereka menuju kebebasan.

",85,10,4,2025-09-21,KE EMPAT DAPET JALUR UNDANGAN NGGA
Universitas Indonesia,@univ_indonesia,71500,"Halo, Sobat UI 👋

Pada 19 September lalu, Universitas Indonesia mengambil langkah konkret dalam mendukung perjuangan rakyat Palestina dengan mendirikan UI-Palestine Center. Sebuah lembaga yang hadir untuk mengadvokasi hak-hak warga Palestina.

Apa saja aktivitas UI-Palestine Center? Yuk, mari kita simak unggahan di atas.

Mari bersama kita dukung perjuangan Palestina melalui UI-Palestina Center, karena setiap langkah kita adalah bagian dari perjuangan mereka menuju kebebasan.

",85,10,4,2025-09-21,"
😳 terimakasih ok 🤣 @sahabatsurgaindonesia aduh kuliah"
Universitas Indonesia,@univ_indonesia,71500,"Halo, Sobat UI 👋

Pada 19 September lalu, Universitas Indonesia mengambil langkah konkret dalam mendukung perjuangan rakyat Palestina dengan mendirikan UI-Palestine Center. Sebuah lembaga yang hadir untuk mengadvokasi hak-hak warga Palestina.

Apa saja aktivitas UI-Palestine Center? Yuk, mari kita simak unggahan di atas.

Mari bersama kita dukung perjuangan Palestina melalui UI-Palestina Center, karena setiap langkah kita adalah bagian dari perjuangan mereka menuju kebebasan.

",85,10,4,2025-09-21,kedua
Universitas Indonesia,@univ_indonesia,71500,"Universitas Indonesia dan PT Pegadaian meresmikan Ruang Kreatif Kompak Guyub Bahagia Pegadaian pada Kamis, 7 Agustus kemarin. Peresmian dihadiri oleh Direktur Utama PT Pegadaian dan Rektor UI.",71,5,3,2025-09-08,disitu ada ka maliqa gk di psikologi
Universitas Indonesia,@univ_indonesia,71500,"Universitas Indonesia dan PT Pegadaian meresmikan Ruang Kreatif Kompak Guyub Bahagia Pegadaian pada Kamis, 7 Agustus kemarin. Peresmian dihadiri oleh Direktur Utama PT Pegadaian dan Rektor UI.",71,5,3,2025-09-08,😂
Universitas Indonesia,@univ_indonesia,71500,"Universitas Indonesia dan PT Pegadaian meresmikan Ruang Kreatif Kompak Guyub Bahagia Pegadaian pada Kamis, 7 Agustus kemarin. Peresmian dihadiri oleh Direktur Utama PT Pegadaian dan Rektor UI.",71,5,3,2025-09-08,😯
Universitas Indonesia,@univ_indonesia,71500,"Universitas Indonesia dan PT Pegadaian meresmikan Ruang Kreatif Kompak Guyub Bahagia Pegadaian pada Kamis, 7 Agustus kemarin. Peresmian dihadiri oleh Direktur Utama PT Pegadaian dan Rektor UI.",71,5,3,2025-09-08,😁
Universitas Indonesia,@univ_indonesia,71500,"Universitas Indonesia dan PT Pegadaian meresmikan Ruang Kreatif Kompak Guyub Bahagia Pegadaian pada Kamis, 7 Agustus kemarin. Peresmian dihadiri oleh Direktur Utama PT Pegadaian dan Rektor UI.",71,5,3,2025-09-08,💐
Universitas Indonesia,@univ_indonesia,71500,"Halo, Mahasiswa Baru Universitas Indonesia 2025! 👋🏻

Sudah siap untuk mengikuti rangkaian Kegiatan Mahasiswa Baru (KAMABA)? Yuk, simak baik-baik dan catat informasi berikut!

🎤 Latihan Paduan Suara: Pakaian bebas, tetap sopan, dan nyaman
🗓️ Pembukaan PKKMB, Display UKM, Pengambilan Jaket Kuning, dan Penutupan KAMABA: Pakaian putih atas bawah
📝 Materi PKKMB: Pakaian batik

Informasi lengkap mengenai tanggal untuk setiap rangkaian KAMABA telah disampaikan pada unggahan sebelumnya. Jangan lupa cek kembali, ya!",448,7,21,2025-07-29,bismillah ui 2k26
Universitas Indonesia,@univ_indonesia,71500,"Halo, Mahasiswa Baru Universitas Indonesia 2025! 👋🏻

Sudah siap untuk mengikuti rangkaian Kegiatan Mahasiswa Baru (KAMABA)? Yuk, simak baik-baik dan catat informasi berikut!

🎤 Latihan Paduan Suara: Pakaian bebas, tetap sopan, dan nyaman
🗓️ Pembukaan PKKMB, Display UKM, Pengambilan Jaket Kuning, dan Penutupan KAMABA: Pakaian putih atas bawah
📝 Materi PKKMB: Pakaian batik

Informasi lengkap mengenai tanggal untuk setiap rangkaian KAMABA telah disampaikan pada unggahan sebelumnya. Jangan lupa cek kembali, ya!",448,7,21,2025-07-29,ka doain aku semoga aku nanti kuliah bisa masuk UI(FAKULTAS KEDOKTERAN) AMINNNN🤲🤲
Universitas Indonesia,@univ_indonesia,71500,"Halo, Mahasiswa Baru Universitas Indonesia 2025! 👋🏻

Sudah siap untuk mengikuti rangkaian Kegiatan Mahasiswa Baru (KAMABA)? Yuk, simak baik-baik dan catat informasi berikut!

🎤 Latihan Paduan Suara: Pakaian bebas, tetap sopan, dan nyaman
🗓️ Pembukaan PKKMB, Display UKM, Pengambilan Jaket Kuning, dan Penutupan KAMABA: Pakaian putih atas bawah
📝 Materi PKKMB: Pakaian batik

Informasi lengkap mengenai tanggal untuk setiap rangkaian KAMABA telah disampaikan pada unggahan sebelumnya. Jangan lupa cek kembali, ya!",448,7,21,2025-07-29,kak takut kak
Universitas Indonesia,@univ_indonesia,71500,"Halo, Mahasiswa Baru Universitas Indonesia 2025! 👋🏻

Sudah siap untuk mengikuti rangkaian Kegiatan Mahasiswa Baru (KAMABA)? Yuk, simak baik-baik dan catat informasi berikut!

🎤 Latihan Paduan Suara: Pakaian bebas, tetap sopan, dan nyaman
🗓️ Pembukaan PKKMB, Display UKM, Pengambilan Jaket Kuning, dan Penutupan KAMABA: Pakaian putih atas bawah
📝 Materi PKKMB: Pakaian batik

Informasi lengkap mengenai tanggal untuk setiap rangkaian KAMABA telah disampaikan pada unggahan sebelumnya. Jangan lupa cek kembali, ya!",448,7,21,2025-07-29,semoga s2 ke Terima di sini
Universitas Indonesia,@univ_indonesia,71500,"Halo, Mahasiswa Baru Universitas Indonesia 2025! 👋🏻

Sudah siap untuk mengikuti rangkaian Kegiatan Mahasiswa Baru (KAMABA)? Yuk, simak baik-baik dan catat informasi berikut!

🎤 Latihan Paduan Suara: Pakaian bebas, tetap sopan, dan nyaman
🗓️ Pembukaan PKKMB, Display UKM, Pengambilan Jaket Kuning, dan Penutupan KAMABA: Pakaian putih atas bawah
📝 Materi PKKMB: Pakaian batik

Informasi lengkap mengenai tanggal untuk setiap rangkaian KAMABA telah disampaikan pada unggahan sebelumnya. Jangan lupa cek kembali, ya!",448,7,21,2025-07-29,🥰
Universitas Indonesia,@univ_indonesia,71500,"Sobat UI, kita istirahat dulu sejenak, yuk? 😇

Setelah semua perjalanan panjang kita lalui, apapun hasilnya pasti Tuhan memberikan yang terbaik untuk kita 🫶🏻

Besok kita bekerja lagi, belajar lagi, mengabdi lagi untuk almamater dan bangsa tercinta 💕",33100,240,1900,2025-07-10,SEMOGAA DI MASA DEPANN MASUK UII 🥹
Universitas Indonesia,@univ_indonesia,71500,"Sobat UI, kita istirahat dulu sejenak, yuk? 😇

Setelah semua perjalanan panjang kita lalui, apapun hasilnya pasti Tuhan memberikan yang terbaik untuk kita 🫶🏻

Besok kita bekerja lagi, belajar lagi, mengabdi lagi untuk almamater dan bangsa tercinta 💕",33100,240,1900,2025-07-10,semoga nanti aku bisa masuk ui ya..
Universitas Indonesia,@univ_indonesia,71500,"Sobat UI, kita istirahat dulu sejenak, yuk? 😇

Setelah semua perjalanan panjang kita lalui, apapun hasilnya pasti Tuhan memberikan yang terbaik untuk kita 🫶🏻

Besok kita bekerja lagi, belajar lagi, mengabdi lagi untuk almamater dan bangsa tercinta 💕",33100,240,1900,2025-07-10,i’ll let you go ui…. thank you 😗💛❤️
Universitas Indonesia,@univ_indonesia,71500,"Sobat UI, kita istirahat dulu sejenak, yuk? 😇

Setelah semua perjalanan panjang kita lalui, apapun hasilnya pasti Tuhan memberikan yang terbaik untuk kita 🫶🏻

Besok kita bekerja lagi, belajar lagi, mengabdi lagi untuk almamater dan bangsa tercinta 💕",33100,240,1900,2025-07-10,UI TUNGGU AKU YAAAA
Universitas Indonesia,@univ_indonesia,71500,"Sobat UI, kita istirahat dulu sejenak, yuk? 😇

Setelah semua perjalanan panjang kita lalui, apapun hasilnya pasti Tuhan memberikan yang terbaik untuk kita 🫶🏻

Besok kita bekerja lagi, belajar lagi, mengabdi lagi untuk almamater dan bangsa tercinta 💕",33100,240,1900,2025-07-10,soon keterima s2 disini haha
Universitas Indonesia,@univ_indonesia,71500,"Setelah lima kali gagal sejak 2022, Kak Mohammad Rafie Altamis, mahasiswa Fakultas Hukum, akhirnya berhasil lolos dan mewakili Indonesia dalam program Young Southeast Asian Leaders Initiative (YSEALI) Academic Fellows Program – Spring 2025.

Program ini merupakan salah satu program pertukaran paling kompetitif yang didanai penuh oleh Pemerintah Amerika Serikat melalui U.S. Department of State, lho sobat UI! Kerennya nih, hanya ada 24 pemuda terbaik dari seluruh ASEAN yang berhasil lolos.

Kak Rafie menjadi satu-satunya sekaligus perwakilan pertama dari Jakarta yang terpilih untuk tema Society and Governance",3861,34,299,2025-06-30,aku lulusan ui tp tetep susah cari kerja
Universitas Indonesia,@univ_indonesia,71500,"Setelah lima kali gagal sejak 2022, Kak Mohammad Rafie Altamis, mahasiswa Fakultas Hukum, akhirnya berhasil lolos dan mewakili Indonesia dalam program Young Southeast Asian Leaders Initiative (YSEALI) Academic Fellows Program – Spring 2025.

Program ini merupakan salah satu program pertukaran paling kompetitif yang didanai penuh oleh Pemerintah Amerika Serikat melalui U.S. Department of State, lho sobat UI! Kerennya nih, hanya ada 24 pemuda terbaik dari seluruh ASEAN yang berhasil lolos.

Kak Rafie menjadi satu-satunya sekaligus perwakilan pertama dari Jakarta yang terpilih untuk tema Society and Governance",3861,34,299,2025-06-30,gercep dapet UI ga minn???
Universitas Indonesia,@univ_indonesia,71500,"Setelah lima kali gagal sejak 2022, Kak Mohammad Rafie Altamis, mahasiswa Fakultas Hukum, akhirnya berhasil lolos dan mewakili Indonesia dalam program Young Southeast Asian Leaders Initiative (YSEALI) Academic Fellows Program – Spring 2025.

Program ini merupakan salah satu program pertukaran paling kompetitif yang didanai penuh oleh Pemerintah Amerika Serikat melalui U.S. Department of State, lho sobat UI! Kerennya nih, hanya ada 24 pemuda terbaik dari seluruh ASEAN yang berhasil lolos.

Kak Rafie menjadi satu-satunya sekaligus perwakilan pertama dari Jakarta yang terpilih untuk tema Society and Governance",3861,34,299,2025-06-30,kerennn🔥
Universitas Indonesia,@univ_indonesia,71500,"Setelah lima kali gagal sejak 2022, Kak Mohammad Rafie Altamis, mahasiswa Fakultas Hukum, akhirnya berhasil lolos dan mewakili Indonesia dalam program Young Southeast Asian Leaders Initiative (YSEALI) Academic Fellows Program – Spring 2025.

Program ini merupakan salah satu program pertukaran paling kompetitif yang didanai penuh oleh Pemerintah Amerika Serikat melalui U.S. Department of State, lho sobat UI! Kerennya nih, hanya ada 24 pemuda terbaik dari seluruh ASEAN yang berhasil lolos.

Kak Rafie menjadi satu-satunya sekaligus perwakilan pertama dari Jakarta yang terpilih untuk tema Society and Governance",3861,34,299,2025-06-30,UI
Universitas Indonesia,@univ_indonesia,71500,"Setelah lima kali gagal sejak 2022, Kak Mohammad Rafie Altamis, mahasiswa Fakultas Hukum, akhirnya berhasil lolos dan mewakili Indonesia dalam program Young Southeast Asian Leaders Initiative (YSEALI) Academic Fellows Program – Spring 2025.

Program ini merupakan salah satu program pertukaran paling kompetitif yang didanai penuh oleh Pemerintah Amerika Serikat melalui U.S. Department of State, lho sobat UI! Kerennya nih, hanya ada 24 pemuda terbaik dari seluruh ASEAN yang berhasil lolos.

Kak Rafie menjadi satu-satunya sekaligus perwakilan pertama dari Jakarta yang terpilih untuk tema Society and Governance",3861,34,299,2025-06-30,mauu UI bangett🥺❤️❤️
Universitas Indonesia,@univ_indonesia,71500,"Dua Guru Besar FMIPA UI dikukuhkan pada 25 Juni 2025:

🎓 Prof. Dr. Dewi Susiloningtyas, S.Si., M.Si.
🎓 Prof. Dr. Rokhmatuloh, S.Si., M.Eng.

Selamat dan sukses Prof! ✨",426,12,19,2025-06-25,Indonesia harus tandingan pikiran jelas.
Universitas Indonesia,@univ_indonesia,71500,"Dua Guru Besar FMIPA UI dikukuhkan pada 25 Juni 2025:

🎓 Prof. Dr. Dewi Susiloningtyas, S.Si., M.Si.
🎓 Prof. Dr. Rokhmatuloh, S.Si., M.Eng.

Selamat dan sukses Prof! ✨",426,12,19,2025-06-25,pertama
Universitas Indonesia,@univ_indonesia,71500,"Dua Guru Besar FMIPA UI dikukuhkan pada 25 Juni 2025:

🎓 Prof. Dr. Dewi Susiloningtyas, S.Si., M.Si.
🎓 Prof. Dr. Rokhmatuloh, S.Si., M.Eng.

Selamat dan sukses Prof! ✨",426,12,19,2025-06-25,"gercep, curiga masuk ui🤭"
Universitas Indonesia,@univ_indonesia,71500,"Dua Guru Besar FMIPA UI dikukuhkan pada 25 Juni 2025:

🎓 Prof. Dr. Dewi Susiloningtyas, S.Si., M.Si.
🎓 Prof. Dr. Rokhmatuloh, S.Si., M.Eng.

Selamat dan sukses Prof! ✨",426,12,19,2025-06-25,Indonesia harus tandingan pikiran jelas.
Universitas Indonesia,@univ_indonesia,71500,"Dua Guru Besar FMIPA UI dikukuhkan pada 25 Juni 2025:

🎓 Prof. Dr. Dewi Susiloningtyas, S.Si., M.Si.
🎓 Prof. Dr. Rokhmatuloh, S.Si., M.Eng.

Selamat dan sukses Prof! ✨",426,12,19,2025-06-25,😇
Universitas Indonesia,@univ_indonesia,71500,"Selamat datang, Calon Mahasiswa Baru UI Jalur SNBT-UTBK 2025! Perjuanganmu belum selesai, ini adalah awal dari cerita baru untuk selalu tumbuh, belajar, dan mewujudkan cita-cita.

Mari ciptakan cerita yang akan kamu kenang seumur hidup, di tempat di mana mimpi besar dibentuk, Kampus Perjuangan, Universitas Indonesia💛🤩

Untuk kalian yang belum lulus, jangan khawatir, kami masih menunggu kalian bergabung menjadi keluarga besar UI melalui jalur SIMAK. Tetap semangatt 💪🏻🫶🏻",1822,99,212,2025-05-28,kang edi ui nolak aku kang😭
Universitas Indonesia,@univ_indonesia,71500,"Selamat datang, Calon Mahasiswa Baru UI Jalur SNBT-UTBK 2025! Perjuanganmu belum selesai, ini adalah awal dari cerita baru untuk selalu tumbuh, belajar, dan mewujudkan cita-cita.

Mari ciptakan cerita yang akan kamu kenang seumur hidup, di tempat di mana mimpi besar dibentuk, Kampus Perjuangan, Universitas Indonesia💛🤩

Untuk kalian yang belum lulus, jangan khawatir, kami masih menunggu kalian bergabung menjadi keluarga besar UI melalui jalur SIMAK. Tetap semangatt 💪🏻🫶🏻",1822,99,212,2025-05-28,info jalur lain min saya gak lolos snbt ☺
Universitas Indonesia,@univ_indonesia,71500,"Selamat datang, Calon Mahasiswa Baru UI Jalur SNBT-UTBK 2025! Perjuanganmu belum selesai, ini adalah awal dari cerita baru untuk selalu tumbuh, belajar, dan mewujudkan cita-cita.

Mari ciptakan cerita yang akan kamu kenang seumur hidup, di tempat di mana mimpi besar dibentuk, Kampus Perjuangan, Universitas Indonesia💛🤩

Untuk kalian yang belum lulus, jangan khawatir, kami masih menunggu kalian bergabung menjadi keluarga besar UI melalui jalur SIMAK. Tetap semangatt 💪🏻🫶🏻",1822,99,212,2025-05-28,ihhh UI nolak aku pak😭
Universitas Indonesia,@univ_indonesia,71500,"Selamat datang, Calon Mahasiswa Baru UI Jalur SNBT-UTBK 2025! Perjuanganmu belum selesai, ini adalah awal dari cerita baru untuk selalu tumbuh, belajar, dan mewujudkan cita-cita.

Mari ciptakan cerita yang akan kamu kenang seumur hidup, di tempat di mana mimpi besar dibentuk, Kampus Perjuangan, Universitas Indonesia💛🤩

Untuk kalian yang belum lulus, jangan khawatir, kami masih menunggu kalian bergabung menjadi keluarga besar UI melalui jalur SIMAK. Tetap semangatt 💪🏻🫶🏻",1822,99,212,2025-05-28,"pak Dedi alhmdllah anak sya lolos utbk d unsika moga aja dpt beasiswa dr pa gubernur"
Universitas Indonesia,@univ_indonesia,71500,"Selamat datang, Calon Mahasiswa Baru UI Jalur SNBT-UTBK 2025! Perjuanganmu belum selesai, ini adalah awal dari cerita baru untuk selalu tumbuh, belajar, dan mewujudkan cita-cita.

Mari ciptakan cerita yang akan kamu kenang seumur hidup, di tempat di mana mimpi besar dibentuk, Kampus Perjuangan, Universitas Indonesia💛🤩

Untuk kalian yang belum lulus, jangan khawatir, kami masih menunggu kalian bergabung menjadi keluarga besar UI melalui jalur SIMAK. Tetap semangatt 💪🏻🫶🏻",1822,99,212,2025-05-28,amin 🙏
Universitas Indonesia,@univ_indonesia,71500,"Halo Calon Mahasiswa Baru UI! 👋🏻

Mari kita simak cerita dr. Syahrul Ramadhan -seorang dokter yang dibesarkan dari keluarga yang sederhana- mengenai perjalanannya dari Bagan Siapi-api, Riau untuk menempuh pendidikan di Fakultas Kedokteran UI.

Calon Mahasiswa Baru yang memiliki keterbatasan ekonomi seperti dr. Syahrul tidak perlu khawatir, karena UI menerapkan asas berkeadilan, yaitu besaran UKT dan IPI bergantung kepada kemampuan penanggung biaya pendidikan. Tentu, untuk mendapatkan biaya pendidikan yang sesuai dengan kemampuan, Calon Mahasiswa Baru harus jujur dalam mengisi formulir dan mengumpulkan dokumen.😇

UI sejak dulu berkomitmen “tidak ada mahasiswa yang putus kuliah karena biaya” dan terus menjalankan komitmen tersebut. ✨",1921,101,56,2025-05-23,min duh PERTANDA BGT INIMAA 28 JADI BAGIAN UI 🤭
Universitas Indonesia,@univ_indonesia,71500,"Halo Calon Mahasiswa Baru UI! 👋🏻

Mari kita simak cerita dr. Syahrul Ramadhan -seorang dokter yang dibesarkan dari keluarga yang sederhana- mengenai perjalanannya dari Bagan Siapi-api, Riau untuk menempuh pendidikan di Fakultas Kedokteran UI.

Calon Mahasiswa Baru yang memiliki keterbatasan ekonomi seperti dr. Syahrul tidak perlu khawatir, karena UI menerapkan asas berkeadilan, yaitu besaran UKT dan IPI bergantung kepada kemampuan penanggung biaya pendidikan. Tentu, untuk mendapatkan biaya pendidikan yang sesuai dengan kemampuan, Calon Mahasiswa Baru harus jujur dalam mengisi formulir dan mengumpulkan dokumen.😇

UI sejak dulu berkomitmen “tidak ada mahasiswa yang putus kuliah karena biaya” dan terus menjalankan komitmen tersebut. ✨",1921,101,56,2025-05-23,wah tanda tanda keterima ft ui tgl 28😁💛💙
Universitas Indonesia,@univ_indonesia,71500,"Halo Calon Mahasiswa Baru UI! 👋🏻

Mari kita simak cerita dr. Syahrul Ramadhan -seorang dokter yang dibesarkan dari keluarga yang sederhana- mengenai perjalanannya dari Bagan Siapi-api, Riau untuk menempuh pendidikan di Fakultas Kedokteran UI.

Calon Mahasiswa Baru yang memiliki keterbatasan ekonomi seperti dr. Syahrul tidak perlu khawatir, karena UI menerapkan asas berkeadilan, yaitu besaran UKT dan IPI bergantung kepada kemampuan penanggung biaya pendidikan. Tentu, untuk mendapatkan biaya pendidikan yang sesuai dengan kemampuan, Calon Mahasiswa Baru harus jujur dalam mengisi formulir dan mengumpulkan dokumen.😇

UI sejak dulu berkomitmen “tidak ada mahasiswa yang putus kuliah karena biaya” dan terus menjalankan komitmen tersebut. ✨",1921,101,56,2025-05-23,Bismillah nyusul min tanggal 28 Mei 2025
Universitas Indonesia,@univ_indonesia,71500,"Halo Calon Mahasiswa Baru UI! 👋🏻

Mari kita simak cerita dr. Syahrul Ramadhan -seorang dokter yang dibesarkan dari keluarga yang sederhana- mengenai perjalanannya dari Bagan Siapi-api, Riau untuk menempuh pendidikan di Fakultas Kedokteran UI.

Calon Mahasiswa Baru yang memiliki keterbatasan ekonomi seperti dr. Syahrul tidak perlu khawatir, karena UI menerapkan asas berkeadilan, yaitu besaran UKT dan IPI bergantung kepada kemampuan penanggung biaya pendidikan. Tentu, untuk mendapatkan biaya pendidikan yang sesuai dengan kemampuan, Calon Mahasiswa Baru harus jujur dalam mengisi formulir dan mengumpulkan dokumen.😇

UI sejak dulu berkomitmen “tidak ada mahasiswa yang putus kuliah karena biaya” dan terus menjalankan komitmen tersebut. ✨",1921,101,56,2025-05-23,bissmillah tanggal 28 Ya Allah
Universitas Indonesia,@univ_indonesia,71500,"Halo Calon Mahasiswa Baru UI! 👋🏻

Mari kita simak cerita dr. Syahrul Ramadhan -seorang dokter yang dibesarkan dari keluarga yang sederhana- mengenai perjalanannya dari Bagan Siapi-api, Riau untuk menempuh pendidikan di Fakultas Kedokteran UI.

Calon Mahasiswa Baru yang memiliki keterbatasan ekonomi seperti dr. Syahrul tidak perlu khawatir, karena UI menerapkan asas berkeadilan, yaitu besaran UKT dan IPI bergantung kepada kemampuan penanggung biaya pendidikan. Tentu, untuk mendapatkan biaya pendidikan yang sesuai dengan kemampuan, Calon Mahasiswa Baru harus jujur dalam mengisi formulir dan mengumpulkan dokumen.😇

UI sejak dulu berkomitmen “tidak ada mahasiswa yang putus kuliah karena biaya” dan terus menjalankan komitmen tersebut. ✨",1921,101,56,2025-05-23,"bismillah FKM UI 2025 💜"
Universitas Indonesia,@univ_indonesia,71500,"Halo Sobat UI! 👋🏻

20 Mei diperingati sebagai Hari Kebangkitan Nasional.
Mari kita dengarkan arti dan harapan Hari Kebangkitan Nasional menurut beberapa sivitas dan warga UI.
Selamat menyimak 😇",121,8,1,2025-05-20,ke 2 ni ka
Universitas Indonesia,@univ_indonesia,71500,"Halo Sobat UI! 👋🏻

20 Mei diperingati sebagai Hari Kebangkitan Nasional.
Mari kita dengarkan arti dan harapan Hari Kebangkitan Nasional menurut beberapa sivitas dan warga UI.
Selamat menyimak 😇",121,8,1,2025-05-20,ke 3 dapet UI ga min?
Universitas Indonesia,@univ_indonesia,71500,"Halo Sobat UI! 👋🏻

20 Mei diperingati sebagai Hari Kebangkitan Nasional.
Mari kita dengarkan arti dan harapan Hari Kebangkitan Nasional menurut beberapa sivitas dan warga UI.
Selamat menyimak 😇",121,8,1,2025-05-20,"@RayenAlzhr:#JusticeForAkseyna
#JusticeForAkseyna
#JusticeForAkseyna"
Universitas Indonesia,@univ_indonesia,71500,"Halo Sobat UI! 👋🏻

20 Mei diperingati sebagai Hari Kebangkitan Nasional.
Mari kita dengarkan arti dan harapan Hari Kebangkitan Nasional menurut beberapa sivitas dan warga UI.
Selamat menyimak 😇",121,8,1,2025-05-20,"#JusticeForAkseyna
#JusticeForAkseyna
#JusticeForAkseyna"
Universitas Indonesia,@univ_indonesia,71500,"Halo Sobat UI! 👋🏻

20 Mei diperingati sebagai Hari Kebangkitan Nasional.
Mari kita dengarkan arti dan harapan Hari Kebangkitan Nasional menurut beberapa sivitas dan warga UI.
Selamat menyimak 😇",121,8,1,2025-05-20,"@𝟗𝟐𝟏 renee kepci:masuk di ugm takut di tabrak, masuk di ui takut ditenggelamin.
#assalamualaikumharvard"
Universitas Indonesia,@univ_indonesia,71500,"Satu bulan penuh menjalani puasa, tibalah kita di hari raya. Taqabbalallahu Minna Wa Minkum, Minal Aidin Wal Faizin. Mohon maaf lahir dan batin☪️🕌

Keluarga Besar Universitas Indonesia mengucapkan Selamat Idulfitri 1 Syawal 1447 H untuk Sivitas Akademika Ul dan seluruh umat muslim yang merayakan.

Semoga di hari yang fitrah ini, kita bisa saling berbenah diri dan memaafkan untuk hidup yang lebih berkah.🌙",884,60,10,2025-03-30,"nanti bakal ada rengkarnasi tarwiyah d sini, awas nanti sistem UI di kritik dia wkwkw🤣"
Universitas Indonesia,@univ_indonesia,71500,"Satu bulan penuh menjalani puasa, tibalah kita di hari raya. Taqabbalallahu Minna Wa Minkum, Minal Aidin Wal Faizin. Mohon maaf lahir dan batin☪️🕌

Keluarga Besar Universitas Indonesia mengucapkan Selamat Idulfitri 1 Syawal 1447 H untuk Sivitas Akademika Ul dan seluruh umat muslim yang merayakan.

Semoga di hari yang fitrah ini, kita bisa saling berbenah diri dan memaafkan untuk hidup yang lebih berkah.🌙",884,60,10,2025-03-30,apakah UI akan mengambil tarwiyah kemasan sachet untuk angkatan tahun ini? 🤔
Universitas Indonesia,@univ_indonesia,71500,"Satu bulan penuh menjalani puasa, tibalah kita di hari raya. Taqabbalallahu Minna Wa Minkum, Minal Aidin Wal Faizin. Mohon maaf lahir dan batin☪️🕌

Keluarga Besar Universitas Indonesia mengucapkan Selamat Idulfitri 1 Syawal 1447 H untuk Sivitas Akademika Ul dan seluruh umat muslim yang merayakan.

Semoga di hari yang fitrah ini, kita bisa saling berbenah diri dan memaafkan untuk hidup yang lebih berkah.🌙",884,60,10,2025-03-30,"Mohon maaf lahir batin untuk seluruh civitas UI Dan non civitas UI, do'a aku bisa masuk ui ya💛💛💛"
Universitas Indonesia,@univ_indonesia,71500,"Satu bulan penuh menjalani puasa, tibalah kita di hari raya. Taqabbalallahu Minna Wa Minkum, Minal Aidin Wal Faizin. Mohon maaf lahir dan batin☪️🕌

Keluarga Besar Universitas Indonesia mengucapkan Selamat Idulfitri 1 Syawal 1447 H untuk Sivitas Akademika Ul dan seluruh umat muslim yang merayakan.

Semoga di hari yang fitrah ini, kita bisa saling berbenah diri dan memaafkan untuk hidup yang lebih berkah.🌙",884,60,10,2025-03-30,"Pliss, iseng mampir kesini perkara si eneng, kok udh pada duluan aja 😭"
Universitas Indonesia,@univ_indonesia,71500,"Satu bulan penuh menjalani puasa, tibalah kita di hari raya. Taqabbalallahu Minna Wa Minkum, Minal Aidin Wal Faizin. Mohon maaf lahir dan batin☪️🕌

Keluarga Besar Universitas Indonesia mengucapkan Selamat Idulfitri 1 Syawal 1447 H untuk Sivitas Akademika Ul dan seluruh umat muslim yang merayakan.

Semoga di hari yang fitrah ini, kita bisa saling berbenah diri dan memaafkan untuk hidup yang lebih berkah.🌙",884,60,10,2025-03-30,kabarin kalo aur auran cinta itu udah lulus tes disini ya
Universitas Indonesia,@univ_indonesia,71500,"Halo Sobat UI,
memasuki minggu terakhir Ramadan, yuk kita menyusuri spot ngabuburit favorit mimin di UI 😇😇
#UniversitasIndonesia
#ngabuburit
#ramadan",658,25,20,2025-03-24,UI terima aku di SNBT 2025 yh😠
Universitas Indonesia,@univ_indonesia,71500,"Halo Sobat UI,
memasuki minggu terakhir Ramadan, yuk kita menyusuri spot ngabuburit favorit mimin di UI 😇😇
#UniversitasIndonesia
#ngabuburit
#ramadan",658,25,20,2025-03-24,"min ada grup wa untuk camaba 2025 untuk snbp, snbt dsn T2
"
Universitas Indonesia,@univ_indonesia,71500,"Halo Sobat UI,
memasuki minggu terakhir Ramadan, yuk kita menyusuri spot ngabuburit favorit mimin di UI 😇😇
#UniversitasIndonesia
#ngabuburit
#ramadan",658,25,20,2025-03-24,UI abangku baru keterima disini so heppy🤭
Universitas Indonesia,@univ_indonesia,71500,"Halo Sobat UI,
memasuki minggu terakhir Ramadan, yuk kita menyusuri spot ngabuburit favorit mimin di UI 😇😇
#UniversitasIndonesia
#ngabuburit
#ramadan",658,25,20,2025-03-24,"iya kakk tahun ini masuk UI kok jalur snbt 2025 aamiin, allahumma sholi'ala sayyidina Muhammad"
Universitas Indonesia,@univ_indonesia,71500,"Halo Sobat UI,
memasuki minggu terakhir Ramadan, yuk kita menyusuri spot ngabuburit favorit mimin di UI 😇😇
#UniversitasIndonesia
#ngabuburit
#ramadan",658,25,20,2025-03-24,terima aku tahun depann di snbt
Universitas Indonesia,@univ_indonesia,71500,"Papa, papa aku dikejar UI…Goreng, Goreng,Goreng🐱🤭 Ada yang dapet biru, tapi bukan THR 50.000??💙 Cie…Selamat datang di Kampus Perjuangan, Universitas Indonesia, pejuang UI jalur SNBP 2025💛

Akhirnya, ga sia sia nangis dan OVT 24/7 atau ada yang putus karena “aku pengen fokus ngejar UI”🤭 Sekali lagi, selamat ya Sobat! Buat yang belum lolos, jangan sedih karena UI selalu menunggu kamu di jalur lainnya.🤟🏻

‼️Konten ini dibuat menggunakan AI dan hanya ditujukan untuk hiburan semata, ya sobat!😬🤭",76900,1428,15600,2025-03-18,"
Minnnnnnn😭😭"
Universitas Indonesia,@univ_indonesia,71500,"Papa, papa aku dikejar UI…Goreng, Goreng,Goreng🐱🤭 Ada yang dapet biru, tapi bukan THR 50.000??💙 Cie…Selamat datang di Kampus Perjuangan, Universitas Indonesia, pejuang UI jalur SNBP 2025💛

Akhirnya, ga sia sia nangis dan OVT 24/7 atau ada yang putus karena “aku pengen fokus ngejar UI”🤭 Sekali lagi, selamat ya Sobat! Buat yang belum lolos, jangan sedih karena UI selalu menunggu kamu di jalur lainnya.🤟🏻

‼️Konten ini dibuat menggunakan AI dan hanya ditujukan untuk hiburan semata, ya sobat!😬🤭",76900,1428,15600,2025-03-18,sekelas UI pake AI🤣🤣😂😂
Universitas Indonesia,@univ_indonesia,71500,"Papa, papa aku dikejar UI…Goreng, Goreng,Goreng🐱🤭 Ada yang dapet biru, tapi bukan THR 50.000??💙 Cie…Selamat datang di Kampus Perjuangan, Universitas Indonesia, pejuang UI jalur SNBP 2025💛

Akhirnya, ga sia sia nangis dan OVT 24/7 atau ada yang putus karena “aku pengen fokus ngejar UI”🤭 Sekali lagi, selamat ya Sobat! Buat yang belum lolos, jangan sedih karena UI selalu menunggu kamu di jalur lainnya.🤟🏻

‼️Konten ini dibuat menggunakan AI dan hanya ditujukan untuk hiburan semata, ya sobat!😬🤭",76900,1428,15600,2025-03-18,emg kenapa si kalau pakai ai? trendnya emg gini kok
Universitas Indonesia,@univ_indonesia,71500,"Papa, papa aku dikejar UI…Goreng, Goreng,Goreng🐱🤭 Ada yang dapet biru, tapi bukan THR 50.000??💙 Cie…Selamat datang di Kampus Perjuangan, Universitas Indonesia, pejuang UI jalur SNBP 2025💛

Akhirnya, ga sia sia nangis dan OVT 24/7 atau ada yang putus karena “aku pengen fokus ngejar UI”🤭 Sekali lagi, selamat ya Sobat! Buat yang belum lolos, jangan sedih karena UI selalu menunggu kamu di jalur lainnya.🤟🏻

‼️Konten ini dibuat menggunakan AI dan hanya ditujukan untuk hiburan semata, ya sobat!😬🤭",76900,1428,15600,2025-03-18,kok pake ai si
Universitas Indonesia,@univ_indonesia,71500,"Papa, papa aku dikejar UI…Goreng, Goreng,Goreng🐱🤭 Ada yang dapet biru, tapi bukan THR 50.000??💙 Cie…Selamat datang di Kampus Perjuangan, Universitas Indonesia, pejuang UI jalur SNBP 2025💛

Akhirnya, ga sia sia nangis dan OVT 24/7 atau ada yang putus karena “aku pengen fokus ngejar UI”🤭 Sekali lagi, selamat ya Sobat! Buat yang belum lolos, jangan sedih karena UI selalu menunggu kamu di jalur lainnya.🤟🏻

‼️Konten ini dibuat menggunakan AI dan hanya ditujukan untuk hiburan semata, ya sobat!😬🤭",76900,1428,15600,2025-03-18,"""kok pake ai min"" lah emng tren nya begitu gimana sih kalian"
Universitas Indonesia,@univ_indonesia,71500,"Halo, Calon Mahasiswa Baru UI!💛

Ada yang jedag jedug tapi bukan tren tiktok, Deg-degan nungguin pengumuman SNBP besok?😵Tenang, kamu nggak sendirian. Apa pun hasilnya, percayalah itu yang terbaik buat kamu✨

Buat Sobat UI yang berhasil lolos, selamat bergabung menjadi bagian dari kampus perjuangan, Universitas Indonesia! 💛🤩

Jangan patah semangat untuk Sobat UI yang masih harus berjuang lagi, karena ada banyak jalan menuju UI! Semangat, kami tunggu ya sobat👋🏻.",1356,38,31,2025-03-17,aamiin ya Allah 💙
Universitas Indonesia,@univ_indonesia,71500,"Halo, Calon Mahasiswa Baru UI!💛

Ada yang jedag jedug tapi bukan tren tiktok, Deg-degan nungguin pengumuman SNBP besok?😵Tenang, kamu nggak sendirian. Apa pun hasilnya, percayalah itu yang terbaik buat kamu✨

Buat Sobat UI yang berhasil lolos, selamat bergabung menjadi bagian dari kampus perjuangan, Universitas Indonesia! 💛🤩

Jangan patah semangat untuk Sobat UI yang masih harus berjuang lagi, karena ada banyak jalan menuju UI! Semangat, kami tunggu ya sobat👋🏻.",1356,38,31,2025-03-17,UI buka pendaftaran kuliah lanjut dari D3 ke S1 ga kak?
Universitas Indonesia,@univ_indonesia,71500,"Halo, Calon Mahasiswa Baru UI!💛

Ada yang jedag jedug tapi bukan tren tiktok, Deg-degan nungguin pengumuman SNBP besok?😵Tenang, kamu nggak sendirian. Apa pun hasilnya, percayalah itu yang terbaik buat kamu✨

Buat Sobat UI yang berhasil lolos, selamat bergabung menjadi bagian dari kampus perjuangan, Universitas Indonesia! 💛🤩

Jangan patah semangat untuk Sobat UI yang masih harus berjuang lagi, karena ada banyak jalan menuju UI! Semangat, kami tunggu ya sobat👋🏻.",1356,38,31,2025-03-17,FIRSTT BISMILLAH UI 🤩🤩💛💛
Universitas Indonesia,@univ_indonesia,71500,"Halo, Calon Mahasiswa Baru UI!💛

Ada yang jedag jedug tapi bukan tren tiktok, Deg-degan nungguin pengumuman SNBP besok?😵Tenang, kamu nggak sendirian. Apa pun hasilnya, percayalah itu yang terbaik buat kamu✨

Buat Sobat UI yang berhasil lolos, selamat bergabung menjadi bagian dari kampus perjuangan, Universitas Indonesia! 💛🤩

Jangan patah semangat untuk Sobat UI yang masih harus berjuang lagi, karena ada banyak jalan menuju UI! Semangat, kami tunggu ya sobat👋🏻.",1356,38,31,2025-03-17,"S2 aja ya ui, bolehkan?"
Universitas Indonesia,@univ_indonesia,71500,"Halo, Calon Mahasiswa Baru UI!💛

Ada yang jedag jedug tapi bukan tren tiktok, Deg-degan nungguin pengumuman SNBP besok?😵Tenang, kamu nggak sendirian. Apa pun hasilnya, percayalah itu yang terbaik buat kamu✨

Buat Sobat UI yang berhasil lolos, selamat bergabung menjadi bagian dari kampus perjuangan, Universitas Indonesia! 💛🤩

Jangan patah semangat untuk Sobat UI yang masih harus berjuang lagi, karena ada banyak jalan menuju UI! Semangat, kami tunggu ya sobat👋🏻.",1356,38,31,2025-03-17,siap bangett
Universitas Indonesia,@univ_indonesia,71500,"[Ready for Graduation? Langkah Baru, Babak Baru!🎓]

Perjalanan penuh perjuangan dan dedikasi akhirnya membawa kita ke hari yang dinanti. Sebuah akhir yang indah, sekaligus awal dari petualangan baru sebagai bagian dari Alumni UI💛

Hari yang ditunggu telah tiba, Wisuda UI Semester Gasal T.A 2024/2025 hari ini dilaksanakan, jangan lupa siapkan diri kamu dan sampai jumpa di Balairung UI!👋🏻

#UniversitasIndonesia
#WisudaUI #AlumniUI
#SemesterGasal",702,11,9,2025-02-22,ui terima akuu yaa di snbp 18 maret nanti
Universitas Indonesia,@univ_indonesia,71500,"[Ready for Graduation? Langkah Baru, Babak Baru!🎓]

Perjalanan penuh perjuangan dan dedikasi akhirnya membawa kita ke hari yang dinanti. Sebuah akhir yang indah, sekaligus awal dari petualangan baru sebagai bagian dari Alumni UI💛

Hari yang ditunggu telah tiba, Wisuda UI Semester Gasal T.A 2024/2025 hari ini dilaksanakan, jangan lupa siapkan diri kamu dan sampai jumpa di Balairung UI!👋🏻

#UniversitasIndonesia
#WisudaUI #AlumniUI
#SemesterGasal",702,11,9,2025-02-22,yihaaaa 😂😂😂
Universitas Indonesia,@univ_indonesia,71500,"[Ready for Graduation? Langkah Baru, Babak Baru!🎓]

Perjalanan penuh perjuangan dan dedikasi akhirnya membawa kita ke hari yang dinanti. Sebuah akhir yang indah, sekaligus awal dari petualangan baru sebagai bagian dari Alumni UI💛

Hari yang ditunggu telah tiba, Wisuda UI Semester Gasal T.A 2024/2025 hari ini dilaksanakan, jangan lupa siapkan diri kamu dan sampai jumpa di Balairung UI!👋🏻

#UniversitasIndonesia
#WisudaUI #AlumniUI
#SemesterGasal",702,11,9,2025-02-22,kpn demo mih pngesahan prampsan aset🙏🙏
Universitas Indonesia,@univ_indonesia,71500,"[Ready for Graduation? Langkah Baru, Babak Baru!🎓]

Perjalanan penuh perjuangan dan dedikasi akhirnya membawa kita ke hari yang dinanti. Sebuah akhir yang indah, sekaligus awal dari petualangan baru sebagai bagian dari Alumni UI💛

Hari yang ditunggu telah tiba, Wisuda UI Semester Gasal T.A 2024/2025 hari ini dilaksanakan, jangan lupa siapkan diri kamu dan sampai jumpa di Balairung UI!👋🏻

#UniversitasIndonesia
#WisudaUI #AlumniUI
#SemesterGasal",702,11,9,2025-02-22,first like 🔥🔥
Universitas Indonesia,@univ_indonesia,71500,"[Ready for Graduation? Langkah Baru, Babak Baru!🎓]

Perjalanan penuh perjuangan dan dedikasi akhirnya membawa kita ke hari yang dinanti. Sebuah akhir yang indah, sekaligus awal dari petualangan baru sebagai bagian dari Alumni UI💛

Hari yang ditunggu telah tiba, Wisuda UI Semester Gasal T.A 2024/2025 hari ini dilaksanakan, jangan lupa siapkan diri kamu dan sampai jumpa di Balairung UI!👋🏻

#UniversitasIndonesia
#WisudaUI #AlumniUI
#SemesterGasal",702,11,9,2025-02-22,kerennn🔥