userName,content,score,at,appVersion
Yuga Edit,akun gopay saya di blok,1,2022-01-21 10:52:12,4.9.3
ff burik,Lambat sekali sekarang ini bosssku apk gojek gk kaya dulu,3,2021-11-30 15:40:38,4.9.3
Anisa Suci Rahmayuliani,Kenapa sih dari kemarin sy buka aplikasi gojek malah keluar sendiri terus Saya kasih bintang 2 dulu kalo sudah normal sy kasih bintang 7,4,2021-11-29 22:58:12,4.9.3
naoki yakuza,Baru download gojek dan hape baru trus ditop u gopay transaksi dialfamart transaksi bloked transaksilaporan di pusat bantuan gak jelas yang ditanyakan apa jawaban lainlama lama gojek dikelola Tokopedia udah nyimpangapa gojek anak bangsa seperti dulu apa punya Tokopedia,1,2022-09-03 15:21:17,4.9.3
Trio Sugianto,Mantap,5,2022-01-15 10:05:27,4.9.3
Arlan Ramlan,Bagus,4,2022-02-01 05:50:40,4.9.3
Slamet Hariyanto,Coba dulu,2,2021-12-10 22:40:45,4.9.3
Hasan Thio,Ok,5,2022-02-01 03:07:45,4.9.3
RAFI BADZLIN,Gimana ini kak pin saya salah terus padahal udah di ubah masih salah,1,2022-12-17 08:56:52,4.9.3
mariyadi qc,Biar aman kamu tidak bisa pakai gojek Jadi saya uninstal biar aman,1,2022-02-09 11:27:38,4.9.3
Noob Gaming,Kumpulan driver sampah,1,2023-08-23 22:38:31,4.9.3
Muhammad irgi Syahputra,Makin lama gojek makin ngga jelas susah bgt dapet driver buat gofood ongkirnya juga mahal bgt Mohon diperbaiki,1,2022-05-08 13:00:27,4.9.3
Mama Alda,Ok mantap,5,2021-11-14 07:16:11,4.9.3
Neng Reni,Verry Good,5,2022-09-14 04:29:27,4.9.3
Rafasya Abirahma,Aplikasi asuuu  makin lama main gx jelas  Ais hrs aplikasi ini lgi  Mending pake aplikasi lain lebih akurat,1,2022-05-14 20:17:47,4.9.3
Ferdianto Adi,Misi dari gojek jago gak jelas syarat penyelesaiannya padahal udah jelas selesaikan misi dengan membeli voucher gpc 50k tapi masih gak dianggap belum selesai ,1,2022-01-16 08:09:53,4.9.3
Neng Shanty Febrianty,Untuk sekarang aplikasi nya good job dan banyakin lagih yah promo nya ,5,2021-12-23 12:57:32,4.9.3
Ardhie Lung,Mantap,5,2022-03-31 13:52:25,4.9.3
Moh hutama Yudha,Pelayanannya bagus,5,2022-07-04 12:09:29,4.9.3
Ahmad Shaleh,Gak jelas,1,2022-07-06 01:45:21,4.9.3
Renny Lomboan,Baik dan bagus,3,2021-12-12 11:43:08,4.9.3
Hanifa Nabila L,Sekarang go food ngga pernah ada promo ongkirnya makin mahal aja,3,2024-01-21 08:33:28,4.9.3
Meta Diana,Gojek akhir2 ini ngeselin driverny suka cancel seenakny,3,2022-01-13 03:41:23,4.9.3
Wijayanto Feri,Bintang 1  ngikut yg lain hhhh,3,2022-03-10 15:39:18,4.9.3
exo budian,Ok,5,2021-12-14 11:20:02,4.9.3
Subangga Anugrah A,Awesome Fun,5,2022-07-07 15:43:06,4.9.3
Natsyaa Phalosa,Bagus bgt sumpahh wajib download,5,2021-11-16 07:56:16,4.9.3
muhammad radika,Nice,5,2022-05-06 14:53:11,4.9.3
Bernard Aditya9999,Kebanyakan pembaruan,1,2023-12-29 11:27:37,4.9.3
Be art,setelah mluncur aplikasi shopeefood gofood jadi agak ribetsemakin mahal banyak biaya tambahannyaapakah ini salah satu strategi marketing dari gojek biiar kita kita order via shopeefood ya,3,2022-03-07 15:26:14,4.9.3
Weli Nug,Oke,5,2021-11-16 12:04:59,4.9.3
Syarifudin,Good Bintang 5,5,2023-04-19 02:41:27,4.9.3
Michael Antonius,Lokasi harus cepat diupdate,4,2021-11-14 04:45:12,4.9.3
jhony tampubolon,Gojek oke,5,2021-12-02 03:12:31,4.9.3
Clara Cellicia,Payah jarang ada voucher semenjak bukan pak nadiem lagi,1,2022-03-18 12:21:29,4.9.3
Aulia Edho,Bagus,4,2022-05-15 14:16:26,4.9.3
Tukang Bangunan,Bagus,5,2022-10-25 01:37:40,4.9.3
Loucans Syah,Ok,5,2022-01-23 06:03:06,4.9.3
virginia maria wena,Terus tingkatkan layanan gojek banyakin promonya banyakin cashback nya,5,2022-06-06 14:58:55,4.9.3
rekha ratnasari,Bagus,5,2022-06-05 15:19:36,4.9.3
Andika Anjaraditya,Banyak maling dari driver gosend kurir sialan cuma nitip paket HP seharga 17 juta aja dibawa kabur udah komplain ke cs dijawab gak tau siapa identitas kurir aneh banget lu punya platform dan ini udh 2 hari belum ada respon lagi balikin duit gua dan lebih selektif utk menerima calon driver jangan calon maling diterima,1,2022-01-20 12:30:07,4.9.3
Rustam Pary,Baik,5,2022-06-03 03:56:38,4.9.3
RAMADANU ADITYA PUTRA S,Bagus,5,2022-05-22 05:03:03,4.9.3
Joko Aprianto,Driver untuk area malang tolong di tambah musih hujan  pesen berkali2 tidak dapat driver terus bikin kezell,5,2022-01-24 23:17:08,4.9.3
Nurul Sofiah,Bagus banyak promo,5,2021-11-12 11:11:08,4.9.3
Maura Pradita08,Ini aplikasi knp Masa pakai kuota data gak bisa di gunakan Harus pakai wifi Emang di semua tmpt ada wifiiianehhh bgt aplikasi,1,2022-01-26 23:33:19,4.9.3
Dian Wahyu,ok,5,2022-01-27 03:08:01,4.9.3
Abbas Basuni,Gojek sangat membantu aktifitas kami,5,2022-05-16 14:36:55,4.9.3
ZI tam,Baik,5,2022-01-17 23:23:12,4.9.3
lovely Sandra,Bebas macet pakai Gojek,5,2023-07-09 12:43:58,4.9.3
Anisa Mokodongan,Baguss sekali apk ini,5,2022-03-29 14:23:53,4.9.3
Krisna Handayana,Gojek sekarang sepi driver,1,2021-11-11 10:52:40,4.9.3
samuel blt,Orderan cepatn cepat sampen tdk nyasar,5,2022-06-12 12:21:28,4.9.3
Rangga Pandu,Kecewa dengan gofood sekarang tidak bisa lagi pakai 2 voucer sekaligus voucer aplikasivoucer resto Jadinya gk tertarik lagi untuk naikin go club Berharap aplikasi bisa kembali seperti dulu,1,2022-11-10 05:11:54,4.9.3
little kids,Aplikasi gak bisa di install,1,2023-06-18 08:14:51,4.9.3
Eko Santoso,Bagus,5,2022-03-28 06:45:53,4.9.3
Utis Sutrisna, Mari kita galbay pinjol Supaya bangkrut supaya Indonesia bebas riba,1,2023-06-17 09:04:23,4.9.3
Untung Budi,Maaf gw beri bintang dua Karena kolom rokok gak ada habis di upgrade,2,2022-11-10 09:57:23,4.9.3
Ahmad Zainul,Baik,5,2021-11-11 03:50:14,4.9.3
Fajri Subhani,Sangat baik,5,2022-09-16 12:33:32,4.9.3
AKROM AJA KALI,Bagus Banget Buat Top Up Di Game Dan Aman Lagi Tanpa Halangan,5,2022-03-29 07:40:26,4.9.3
Zidane Ramadhan,Mantap,5,2021-12-08 13:13:18,4.9.3
Bang Ali,Semoga selalu menjaga protokol kesehatan dan memberi promo terusselalu mengutamakan keselamatan dalam mengemudi,4,2022-03-29 09:01:11,4.9.3
Neng Juvee,Dikurangin lagi potongan untuk driver sama restonya yaa kasian pembeli,2,2022-06-19 05:57:59,4.9.3
296_Hibatullah Dony Ananda,Rute gofoodnya dijauhin biar biaya antarnya nambah makin lama makin mahal dan ngga ada diskon error sering bgt customer service lama,1,2023-06-12 06:14:38,4.9.3
Bang-joe joe,Ok,5,2022-03-04 14:30:29,4.9.3
Mantri Sumantri,Guud,5,2021-12-25 07:09:00,4.9.3
Dias Rachma Rosalina,Gofood saya sudah tidak bisa dipakai 2 minggu an ini katanya ada pemakaian yg tidak biasa Padahal saya juga gapernag memberi bintang kurang dari 5 samsek ga pernah nge cancel Kirain gegara down aplikasinya tp ya tetep aja,1,2022-08-17 05:55:33,4.9.3
Rina Rinarsih,Bermanfaat,4,2021-11-05 11:48:01,4.9.3
Lucient.,Sangat membantu dalam kehidupan sehari  hari,4,2021-11-19 08:35:19,4.9.3
Enra,Biaya aplikasi aja di gedein erorr mulu yg nga bisa chat ama driver lah nga bisa mesen layanan lah payah payah,2,2023-04-19 01:53:27,4.9.3
Si JackXD,Cot,1,2022-02-26 13:06:09,4.9.3
Ramli Saputra,Aman dan sangat membantu,5,2023-12-09 21:06:11,4.9.3
nabila riska,Ok,5,2021-11-28 01:54:09,4.9.3
Leman Terry,Kasih vocher dong gojek mana akun lama gak pernah kasih vocher gojek jangan pelit,5,2022-04-07 14:53:01,4.9.3
Ivhan Zay,Saya sebagai cs dan driver Di cs pesen makanan cari drivernya yg gacor2 jd lama pilih2 yg jauh pun jadi itu pun lama Di driver sehari order cuma di kasih 1 biji gmna mau nafkahin istri maaf kalo sy beralih dlu,1,2021-11-22 12:15:00,4.9.3
california has fallen,ONGKIRNYA MAHAL BANGET DAN TIDAK ADA PROMO ATAU VOUCHER  PAKE GRAB AJA BANYAK PROMONYA,1,2021-11-22 20:18:33,4.9.3
Butuh Hidup Official,Sanggat baik,5,2022-07-20 17:25:12,4.9.3
andry retnowati,Sangat membantu ,5,2022-07-21 01:10:32,4.9.3
Jannes Parlean,Ok,5,2021-12-20 01:36:18,4.9.3
jon sam,Senang byk cashback nya Kalau bs promo tetap berlanjut terussssss,5,2022-01-02 08:24:13,4.9.3
Irawan Setiawan,Mantap,5,2021-11-26 15:43:09,4.9.3
Ketut Lunca,Bhw NATHAL  TH BARU 2022 semua berbahagia tapi tetap laksanakan Prokes ok,3,2021-12-23 01:17:58,4.9.3
Rio Rizki Akbar,makin mahal harga gak stabil naik seenaknya gojek sendiri,1,2022-04-25 10:14:12,4.9.3
Bule Jacbug,Gojekangkutan murah meriah,5,2021-11-26 15:36:28,4.9.3
melda single,Saya kecewa sama gopay tidak bisa transfer ke rekening diatas jam 2100 ini bukan dompet digital Kalah dengan aplikasi dompet digital lain,1,2023-03-23 16:28:06,4.9.3
Rezaldi Tri akmal,Sangat terbantu,5,2022-04-08 07:11:11,4.9.3
zidan ilmi,Top up bisa dari semua walet dengan pakai kode QR Sebab kebanyakan orang punya lebih dari satu wallet,4,2021-12-20 01:39:59,4.9.3
Yayan Jiyan,Cukup bagus,3,2022-04-23 05:44:25,4.9.3
Dhika Alfansyah,Jlek,1,2022-04-10 09:56:52,4.9.3
Suparno Nauval,Bagus sangat bantu sekali,5,2021-12-28 11:22:46,4.9.3
Daman Surachman,Bagus,5,2022-04-20 08:56:13,4.9.3
stella meo,bagus,5,2021-11-26 12:50:31,4.9.3
Tika Mustika,Suksesss selalu for Gojek,5,2023-02-20 05:58:57,4.9.3
Alwi Lenggana,Oke,5,2021-12-22 10:23:18,4.9.3
4 . ARA NAYLARISTI,Ok,5,2021-11-25 02:09:21,4.9.3
J TS,Top,5,2023-03-09 16:00:16,4.9.3
radiko saumansyah,Memesan pizza yang datang ojek,1,2022-04-16 04:18:21,4.9.3
Yustina Widiastuti,Apkasinya bagus,5,2021-11-18 16:48:14,4.9.3
Taufik Wartabone,Aplikasi jelek,1,2022-07-12 11:45:31,4.9.3
Max parlin Sihotang,Very good,5,2023-10-10 07:25:39,4.9.3
Nauval Nauval,Fitur aplikasinya sangat keren,5,2022-01-06 12:37:05,4.9.3
Jonni Lumbantoruan,Tidak menghargai calon driver nya 4kali bolak balik ke kantor grab Batamudah lengkap persyaratan tapi ngak bisa aktiforang ngojek sendiri yang update aplikasi tidak menghargai orang lain,1,2022-08-09 13:59:41,4.9.3
Kasbul Anwar,Unconnection,5,2021-11-17 15:08:19,4.9.3
Surya Adhiguna H,Gk bisa pesan gojek akun katnya bermaslah lol sy hanya pengguna bkn driver yg di kasih bintang 1 dan skrng apliksi gk bisa dibuka hnya 1 detik keluar sndiri udh hapus data trus uninstal kmdian instal lagi sama saja mending hapus selama2 nya,1,2022-02-11 01:37:01,4.9.3
Muhammad Ikhlash,Oke,5,2022-08-08 10:48:51,4.9.3
Mukhlis Abdul Hakim,sangat membantu,1,2023-10-30 16:46:59,4.9.3
Azwin Yeta,Mudah,4,2022-04-04 12:22:52,4.9.3
Rocih Trinawati03,Sangat bagus,5,2021-12-18 12:05:25,4.9.3
muhammad fikri,y ev cz58425 xc t Exfx gawx WeeSC yg u bytlary lo,4,2022-08-07 00:09:21,4.9.3
Fatkhul Rohman,tetep dibutuhkan,5,2022-12-26 03:21:06,4.9.3
Suyanto Yanto,Ket xgoko e suri ds,5,2022-05-03 10:07:21,4.9.3
Budi Santoso,Tiba tiba aplikasi eror padahal gopay saya masi ada isinya  Sekarang mau download aja ngk bisa  Tolong min solusinya,2,2022-02-14 21:43:11,4.9.3
Ilham Syahputra,Good,5,2021-12-18 13:28:13,4.9.3
ajr official tv,Angga,5,2021-11-07 06:14:47,4.9.3
Akbarr GMG,GAUSAH DI PERIBET DAH ,1,2022-08-02 12:43:44,4.9.3
CHELL,Diperbaikin bugnya masukin nomor yang udah terverifikasi akunnya aja ga bisa,1,2022-05-04 02:29:06,4.9.3
Dedeh Kurniasih,Ok,5,2022-12-23 22:12:05,4.9.3
Siti Khoiriyah,Payah Masa pendaftaran dokumen untuk bisa tarik uang dah setahun gak diproses Udah dikomplain katanya 3 hari selesai eh ternyata gak ada kelanjutan Diprotes lagi gak ada tanggapan Gimana ini Makin ngacooooo Hari ini ya apps error Pesen kurir dari jam set 3 orangnya datang jam 5 Anjir lah Kasihan bapaknya tau Hadeh ngadi ngadi,1,2023-04-12 10:18:48,4.9.3
Ayu Fitriyani Alhasni,Gojek pokoknya terbaiksaran harus pakai ini guyss jujur ini dari pengalaman ku pakai gojek selama naik grab mobil atau motor yang paling bagus pelayanannya hanya gojek Dan saya sudah genap 2 tahun pakai aplikasi ini Terimakasih untuk seluruh driver gojek Indonesia kalian terbaik,5,2022-01-07 12:11:30,4.9.3
Tomi Yuliando,hthto,5,2022-04-04 08:39:09,4.9.3
Assyfa Rahmah Faizah,Tidak biaa log in,1,2021-12-28 03:34:37,4.9.3
M Sukir,Sangat bagus dan nyaman,5,2022-02-21 06:02:32,4.9.1
hasan sidik,Sistemnya menyulitkan driver dapet drivernya jauh terus,1,2022-04-19 11:23:30,4.9.1
Ana Astamisari,Coba,1,2022-05-07 14:08:41,4.9.1
Pengguna Google,Gotix sudah tidak ada di layanan atau cuma di saya saja ya,3,2023-12-28 07:48:01,4.9.1
Robertus Gaut,Nyari restonya digojek trus mesannya pakai ojol lain yg lebih murah kalo daerahku maxim dan ojol lokal lainnya daripada gojek tambahan biayanya banyak banget padahal sdah dapat potongan dari driver resto dan ditambah lgi biaya pemesanan harga makanan dan minumannya jdi naik 50 kalo beli hanya 1 menu jadi mending cari restonya digojek pesannya pakai ojol lain yg lebih murah,2,2022-07-06 02:37:43,4.9.1
Edun Edunia,Kagak bisa di donlod gimana sih  Apk udh gua hapusin semua Wifi lncar msh aj gk bsa,1,2022-03-23 10:30:38,4.9.1
Yunus Widarti,Nyaman dan aman,5,2021-11-07 21:18:55,4.9.1
Amadun Amad,Oke pokoknya,5,2021-12-18 22:38:43,4.9.1
rio mawardi,Halah promonya gajelas Mending juga shopee food Masa diklik ga bisa,1,2022-03-20 03:58:26,4.9.1
Galih P,Uprgade ke gopay plus selalu gagal Dikarenakan ke absahan bagaimana ini,1,2021-11-18 13:59:54,4.9.1
Mezi Zabaedilah,Saya kasih bintang 1 ya gojek karena keterlambatan nya mengatasi problem lupa nomor handphone lama Min bagaimana saya login ke akun gojek saya sedangkan nomor handphone lama saya sudah tidak aktif dan hangus saya lupa nomor yang lama nya karena sudah gak tau nomor nya kemana dan bingung sudah mau laporin tapi gak ada tanggapan yang serius Aplikasi Gojek meresahkan sekarang beda sama aplikasi sebelah lebih maju,1,2022-01-03 20:12:29,4.9.0
Abu karim aljabbar Mkatiksaidi,Ramah banget,5,2024-02-01 08:57:09,4.82.1
Fathan Mubina,Setelah update kok nggak bisa dibuka,4,2024-01-31 15:20:04,4.82.1
Nyauw Jin Fie,Good,5,2024-02-01 12:51:53,4.82.1
Tanaka Kun,Good,5,2024-02-01 04:58:30,4.82.1
Anton S.,Sangat membantu ,5,2024-02-01 08:32:58,4.82.1
Metalizm Studio,Pakai promo gocar Drivernya pada gk mau ambil Tapi disisi drivernya juga gimana untungnya dgn harga segitu gk imbang sama bbmnya Makanya daripada mengecewakan keduanya Diilangin aja,2,2024-02-01 12:34:43,4.82.1
Rianto Efendi,Keren lah pokoknya,5,2024-01-31 16:43:16,4.82.1
ruslan haviez,Mantab,5,2024-02-01 15:08:48,4.82.1
DJ Yath,Aplikasi jelek mau login aja ribet,1,2024-02-02 09:03:24,4.82.1
rama halim,Jangan pakai gopaylater dendanya 50000 jika telat  Dan bunga nya juga gede Ga kata dulu ya  Cuman dikenakan biaya admin saham kalo ini udah kaya pinjol,3,2024-02-02 03:51:03,4.82.1
tria,Aplikasi anj telat bayar gopay katanya padahal tagihannya pas ditgl 2 feb 2024 dendanya 50 rb ga ngotak emang,1,2024-02-02 05:31:33,4.82.1
Kadal Air,Mudah aman,4,2024-02-02 00:50:38,4.82.1
Yul Faizah,Daftarnya susah  parah,1,2024-01-31 02:17:23,4.82.1
Bintang Muda,Ok,5,2024-02-02 01:31:48,4.82.1
Anton Sudarwo,Keren,5,2024-01-31 10:31:47,4.82.1
Charli Charli,Cepat dapat Mantap,5,2024-02-01 15:19:18,4.82.1
nofyarda nence,Lebih praktis sih lebih aman juga Aplikasinya sangat bermanfaat ,5,2024-02-02 03:57:23,4.82.1
Iffat Wildan Syakur Putra Amri,Pelayanan bagus,5,2024-01-31 10:12:14,4.82.1
Kasiadi Yadiz,Sangat mudah dalam penggunaan dan aman,4,2024-02-02 05:42:22,4.82.1
bustamin ahya,Baik,5,2024-02-01 18:05:37,4.82.1
Jat Tfineven,Mesen gofood ribet banget Harga tertera 6xxx begitu pesen harus custom minimal 2 harga malah nambah 2x lipat ga jelass ,1,2024-01-31 04:08:22,4.82.1
Rashif Hadiyan,Memperbudak orang dengan sebuah sistem disaat kepepet harus update dahal  5 bulan ga update bisa di skip,1,2024-02-02 06:46:39,4.82.1
Riza Tarigan,Mantap amanah,5,2024-02-02 07:32:59,4.82.1
Muhammad Aulia Tefhis,Udah di update sama saja gak ada bedanya Koneksi gaada padahal kuota ada,2,2024-02-02 08:32:05,4.82.1
Nikolaus Zaremba,Pertama applikasinya sangat bagus tidak ribet dan sangat mudah penggunaannya Kedua driverbikers nya komunikatif sopan dan selalu nengutamakan keselamatan penumpang dan dirinya sendiri Ketiga tarifnya tidak mahal dan mampu bersaing dengan disebelahnya,5,2024-01-31 05:28:02,4.82.1
Mutiara Putri,Pesan gofood sekarang dapet driver nya lama bangetmohon sistem dirubah seperti dulu cari driver bisa capetpesen mode reguler kok dapet driver 30menitniat pesan biyar capet sampai ini nunggu lama bangetmohon untuk di rubah sistem nya,1,2024-01-31 06:41:57,4.82.1
Gibran Nugraha,Limit gopay pinjam u penguna baru kecil sekali cuma sampai 800k,1,2024-01-31 05:33:06,4.82.1
Ayu Ferryna,sudah 1 blan gopaylater dibokir sdah bayar tepat wkt jga gak bisa dipakai tapi limit ditambah penyelesaian masalah tdk ada solusi gak ada gunanya siiih,2,2024-02-01 23:29:22,4.82.1
Merry Lvna,Gak jelas aplikasinya  tiba2 masa gojek saya gak bisa digunakan Payahh padahal saya butuh bgt,5,2024-02-01 04:10:30,4.82.1
lilis mulyanti,oke bos,5,2024-01-28 06:10:34,4.81.2
Danis Yunita,Saldo gapay later masih banyak tetapi status diblokir tanpa pemberitahuan  Mau kasi bintang 5 ga jadi Kayak ga niat dan ga percaya kasi  Percuma dikasi tapi kita ga bisa gunakan,1,2024-01-28 09:42:11,4.81.2
Sarwan Utomo,Terimakasih,5,2024-01-23 13:05:38,4.81.2
diya ponsel,Susah di akses,3,2024-01-23 13:07:36,4.81.2
Rohani Kristen,GOJEK NGAK USAH KASIH PROMO SAMPE DISCOUNT 5000 KALAU KITA PESAN DRIVER NGAK MAU AMBILAPLIKASI BESAR TAPI TIDAK PROFESIONAL,1,2024-01-23 13:19:41,4.81.2
Kris Khans,Apl andalan,5,2024-01-27 21:16:39,4.81.2
Yusup Fadila,Ko di aplikasi saya gomart nya tidak bisa pakai gopay latter padahal saya bayar selalu tepat waktu loh,3,2024-01-23 13:20:53,4.81.2
Dapa Ramdani,Semoga dapet bonuss banyak aamiin,4,2024-01-28 09:55:37,4.81.2
MONCAH PVP,Ini apk apa gue mau pesen makan mala eror mulu,1,2024-01-27 21:54:55,4.81.2
Albert MiniPoi,Peta citra garden puri seman tolong diupdate driver sering salah jalan dan membuat tarif lebih tinggi karena mutar2,1,2024-01-28 09:50:53,4.81.2
SEGORO ARUM,Mantap,5,2024-01-27 22:02:39,4.81.2
SOEGI AJF,Sudah hampir 2 tahun gopaylater di bekukan di blokir chat CS sudah gak ke hitung tetep aja akhir cuma 1 cara uninstal,4,2024-01-23 23:47:06,4.81.2
Bli Vicky Irianta,Tiba2 saja hanya karena ganti HP gopaylater dr jaman awal transaksi hnya kena biaya 1x tnpa bunga smpai migrasi akhirnya kena bunga 1 hari sebelum ganti HP tagihan sudah di bayar penuh pdahal tgl jatuh tempo msih tanggal 1 mnggu depan,2,2024-01-28 04:42:21,4.81.2
Fafa Farikha,Kirim barang  go send Anter anter  go ride Pergi jauhan  go car Makan cepet  go food Semuuaaaa gojekin ajaaa,5,2024-01-28 04:59:53,4.81.2
Sumarlien Elien,Ini kenapa habis diupdate fitur melihat voucher gofood jadi gak ada,1,2024-01-27 22:35:16,4.81.2
Hanum Azizah,Thank you semoga akun ku banyak promo gofood yang lebih besar lagi ,5,2024-01-23 23:30:15,4.81.2
zeni annisa,Overall membantu pergerakan saya lewat Goride atau GoCar Hanya saja driver pasti tidak mau ambil kalo pilih yang pake Gocar atau Goride hemat Padahal dengan tambahan voucher jadi meringankan sekali Bagi saya yang sering juga mengandalkan Gosend untuk bisnis Jadi percuma Sebaiknya one system aja gak usah pilih pilh kayak gitu Customer udah seneng tapi driver ndak ada yang mau ambil,4,2024-01-27 22:40:56,4.81.2
Adriansyah,Gotix kok nga ada lagi min,3,2024-01-28 10:16:45,4.81.2
Anit Purwanti,Great,5,2024-01-27 22:47:34,4.81.2
Sri Hastuti,Supirnya mau menjawab apa yg kira tanyakan  orgnya supel,5,2024-01-28 09:37:43,4.81.2
sri mulia Rs datu sanggul,Jadi solusi banget saat ga ada waktu untuk keluar rumah,5,2024-01-28 05:01:45,4.81.2
Gozaio Gozalio,Sangat membantu,4,2024-01-28 09:32:24,4.81.2
Edo Nara (Edo Jonathan),Not yo bad,3,2024-01-28 09:31:11,4.81.2
Rangga Almunawar,Di aplikasi ada pilihan gocar hemat tapi percuma udah dapet driver di cancle terus sampe 6 kali Ga efektif gocar hemat di apk,3,2024-01-28 03:54:16,4.81.2
achmad aribowo,Respon cepat,5,2024-01-28 09:25:13,4.81.2
Alesha Saputra,Sangat membantu mudah untuk pesanya,5,2024-01-28 09:24:26,4.81.2
Keke Music,Sangat bermanfaat sekali saat di butuhkan dalam keadaan urgent,5,2024-01-23 13:47:11,4.81.2
Haycalpribadi Pribadi,Kenapa sih harus update lg ky mau ambil kota kita ya,4,2024-01-27 23:01:37,4.81.2
salma aurelya,Top,5,2024-01-28 09:22:45,4.81.2
Abdul Azis Ajaisrullah,Tambah parah ni aplikasi jaringan ada bagustpi gagal terusktnya tidak ada sinyalaneh,2,2024-01-27 23:08:14,4.81.2
Hata Erizally,Mantap,5,2024-01-27 23:16:10,4.81.2
7G_21_Louis Danendra,pelayanan bagus bagus,5,2024-01-23 23:27:57,4.81.2
saia sulistyo,Terima kasih gojek,4,2024-01-27 19:50:12,4.81.2
Rara Andini,gila sihh beli air kelapa ijo 1 doang nunggu 30 menit mana tuh toko kelapa jarak dari rmh cuma 09km doangterus sy udh nunggu 30 menit dibatalin coba bikin orang naik darah aja mana sekarang makin ga jelas gojek kalo mau cepet sampe harus nambah ongkir ga kaya dulu satset2sumpah bukanya makin bagus malah makin buruk pelayanannya,1,2024-01-28 10:21:26,4.81.2
Sandi Sastra,Errornya gak kelarmo isi pulsa aja susahkebanyakan fiturtiba aja gak bisa pakai gopay latter buat beli pulsa padahal blm bisa di pakai buat beli token listrik,1,2024-01-27 23:42:54,4.81.2
Qcgci indonesia,Ok,5,2024-01-28 10:59:57,4.81.2
Rifani,Mentew bro,5,2024-01-28 11:43:43,4.81.2
jing xuan,Kebon jeruk xvii20ckel Mapharkec taman sari Jkt barat,5,2024-01-28 11:28:49,4.81.2
Adriano Tegar,Dapat driver melebihi waktu yang ditentukan terlalu lama,1,2024-01-27 16:07:58,4.81.2
Andra Respati,buruk sekali bagi saya menggunakan ini aplikasi sumpah sampah bgt  pesanan ga nyampe drivernya jga ga ada  kepotong saldo pula  jangan download gojek mending grab apa maxim jelas ini parah uang hilang an71ngg gojek a55uuu,1,2024-01-27 16:09:20,4.81.2
Sigit Rayno,Kecewa sama gojek sekarang apalagi gofoodny udah langganan gofood plus masih aja kena ongkir makin kesini makin gak jelas aja,2,2024-01-27 16:13:46,4.81.2
Morgaan Tatto,Bagus aplikasinya,5,2024-01-23 16:51:22,4.81.2
Denni Saputra,Gojek makin ke sini makin gila aja ni ngasih drever selalu yg jauh2 padahal drever yg dekat banyak Mikir lah drever beli bensin pake duit sendiri kasian kan klo jemputnya jauh Emang cara berpikir kalian itu seperti apa Ko selalu dikasih drever yg jauh2 beda dgn grab,1,2024-01-27 16:17:41,4.81.2
Endi Junaedi,Oke,5,2024-01-28 04:08:04,4.81.2
Billy Julian,Mantap,5,2024-01-28 11:22:22,4.81.2
Chandra Nugraha,Dpt limit gopaylater tp ga bisa dipake ada notif gopay payletter diblokir ,2,2024-01-28 11:12:44,4.81.2
Habib Afif,Sikap driver sabar dalam akurasi pengiriman alamat pelanggan go food,5,2024-01-28 11:45:53,4.81.2
Luthfi naufal Saputra,Gimana cara nya TF tapi lupa pin Sama nomor telepon sudah kadaluarsa bagaimana cara nyaaaa semoga di balas,1,2024-01-27 16:24:50,4.81.2
Zahra Fitrya,Good,5,2024-01-27 16:25:01,4.81.2
Risma Bilqisss,Udah update sampe tak install berkali tetep gabisa dibuka,1,2024-01-28 11:01:22,4.81.2
Lusi,Sangat membantu sekali kalo lagi hujan mager mendadak ada tamu dsb,5,2024-01-28 04:04:06,4.81.2
Fadli Akbar,Alhamdulillahbisa diandalkan dlm kondisi apapunbaik gojek n gofoodnya,5,2024-01-28 10:23:48,4.81.2
Dayat Wanda,BagusMbatu Terima aksih,5,2024-01-27 16:25:30,4.81.2
indonesia mart,Sangat membantu,5,2024-01-27 16:40:11,4.81.2
Basirun,Sanjay membatu,1,2024-01-27 16:44:25,4.81.2
Bagas Ardiansyah,Ok,5,2024-01-27 16:47:50,4.81.2
selvitri eka elfani,Sangat membantu,5,2024-01-24 00:15:26,4.81.2
Rifqi Fredy Kurniawan,jos,5,2024-01-27 16:57:19,4.81.2
Dyah As76,Gojek Sigap Cepat Aman n Nyaman,5,2024-01-28 10:48:40,4.81.2
FATWA YUDISTIRA HAIKAL WIBOWO,Shiiip,5,2024-01-27 18:11:12,4.81.2
Cantika,kerenn,5,2024-01-28 03:56:39,4.81.2
Muhammad Gilang,Saduuuuuuuuuuu,5,2024-01-27 18:35:54,4.81.2
Yadi Aprilliansyah,Kenapa pas ufdate ga bisa di buka,1,2024-01-27 18:53:11,4.81.2
Supriadi Asep,Mantap kasih tiap bulan donk promosi nya heheh,5,2024-01-28 10:48:06,4.81.2
Dade Sutendi,Pake Gojek mau kemana pun jadi mudahsemoga lacar terussss,5,2024-01-28 10:33:57,4.81.2
Sarifah Mutia,Knp haru yg baru lbh payah,3,2024-01-27 23:59:16,4.81.2
Riky M,Jelek banget sekarang aplikasinya Ga bisa ajukan GoPaylater lagi apalagi GoPinjam Dulu padahal sudah pernah dapat gopaylater Jadi 1 bintang saja Menghabiskan waktu aja ini kita suruh nunggu Udah nunggu pas coba ehh ditolak lagi Siapa lu,1,2024-01-23 17:38:13,4.81.2
Jasa Penyeberangan,Saya puas memakai gopay setelah 2 minggi sy merasa kecewa karna topuap dr indomaret uang g tau ke mna mask nya kata nya ada di tabungan jago setelah sy cek g adasy email chat complin g ada tanggapan,1,2024-01-23 14:46:44,4.81.2
Ruth Khafidah,Mudah dan cepat,5,2024-01-28 02:20:38,4.81.2
Hindro Coco,Mantap,5,2024-01-28 07:14:08,4.81.2
Dian Noor Pratiwi,Sekarang udah mahal ongkirnya trus ada biaya penanganan tmbahan lain overall bagus sih Cuman skg bnyak apk serupa yg bisa dipertimbangkan biar lebih hemat utk pengguna yg sering seperti saya,3,2024-01-28 07:10:31,4.81.2
Eka Apriana Putri,Jangan terlalu sering minta update Setelah diupdate ternyata nggak ada perubahan Makan memori doang,1,2024-01-28 02:31:09,4.81.2
AA Pradini Purnama Putri,Setiap pembelian melalui gofood selalu lama kendala makan sudah disiapka Tp driver sampai 1jam gak dpt2 Pesanan tdk bs dibatalkan karena alasan pesanan sdh masuk resto jd harus menunggu yg batalkan dari pihak anda Sangat2 mengecewakan Ajng bngt,1,2024-01-28 07:07:31,4.81.2
Dedy Purnomo,watwetcak cek,5,2024-01-28 07:07:11,4.81.2
Fitriyani Fitri,Bagus sekali,5,2024-01-28 07:01:48,4.81.2
evie evie,mantap,5,2024-01-28 02:39:07,4.81.2
Sumarwan Marwan,Good App,5,2024-01-28 07:01:31,4.81.2
Fatur Fatur,Lumayan sering ada promo untuk gofood,5,2024-01-28 07:01:01,4.81.2
Asep Alaves,Bagus sangat membantu,5,2024-01-23 22:32:07,4.81.2
Nur Halimah,Bv 0130 terbangun H7tgzjp,2,2024-01-28 02:49:41,4.81.2
Joko Prehatno,2 dulu karena Sudak ke sekian puluh kalinya update ke gopay plus gagal padahal sebelumya udah plus mau diupgrade gopay plus terbaru malah kembali ke premium pusing padahal aku gunakan untuk layanan goparter akujadi kacau balau akun goparter aku,2,2024-01-28 06:53:50,4.81.2
Kani,Saya ada pengajuan pijan di gopay pinjam semua data yang di minta sudah saya masukan tapi pengajuan di tolak sebenar nya ga masalah saya malah senang dgn di tolak nya pengajuan saya tapi tolong dgn sangat untuk pihak gopaypinjam tolong hapus semua data yg sudah saya kirim kan,2,2024-01-28 03:01:57,4.81.2
mst ams,Biaya penanganan maksdnya apa aku mo pesan minuman di gofood kena biaya penanganan 29 rb Padahal Minumannya cuma 22 rb,1,2024-01-28 06:09:23,4.81.2
Eka Nurdiana,Mantap,5,2024-01-28 07:23:33,4.81.2
Yayan Sofyan,Great Application,5,2024-01-28 03:06:55,4.81.2
Herman Puguh,mantap pakai gojek dan gocar sering promoTerima kasih GojekGocar,5,2024-01-28 06:50:00,4.81.2
Agiska Mila,Please gopaylater bisa bayar tagihan sebelum jatuh tempo kayak dulu dong Sebel bgt mau bayar tagihan nunggu japo dulu,3,2024-01-28 03:10:57,4.81.2
Supra Hdv,Lancar saja,5,2024-01-28 03:14:04,4.81.2
Mitha Yulia,Jujur  klo urusan ojek online  gojek the Best dari kecepatan  keramahan  kerapihan pakaian  sama attitude yang paling penting oke banget deh gojek ,5,2024-01-28 06:46:36,4.81.2
HUURIN 'IIN,Kenapa setelah diupdate berulang kali tidak direspon saat dibuka ,2,2024-01-28 03:16:49,4.81.2
Mohammad Farid Hidayatulloh,Status pesanan gofood stuck udah coba pakai wifi  data sama aja padahal internet lancar buat youtube dll udah coba restart hp sama aja aplikasi udah terbaru chat cs yg jawab bot sangat tidak recommended ini udah lewat estimasi loh hampir 1 jam nunggu dari estimasi 28 menit,1,2024-01-23 18:49:27,4.81.2
aziez Kamal,Mantap selalu berikan terbaik buat pelanggan,5,2024-01-28 03:23:49,4.81.2
Rahmat Cina,Bagus,5,2024-01-23 14:54:04,4.81.2
Irno Hadis,Aplikasi taiiii mw masuk aja susah bngat kya kontoooolll,1,2024-01-28 03:31:25,4.81.2
arief budi mulyanto,Smoga kedepannya bisa lebih baik lagisukses,5,2024-01-28 03:37:27,4.81.2
Adhe Romeo,Mantab,5,2024-01-28 03:38:41,4.81.2
Yeni Arviyantie,Langganan n potongan or discountnya mayaan buat order2 kpepet,5,2024-01-23 15:03:12,4.81.2
Lina O,Makin mahal aja Dibandingin beli langsung di restonya sama beli dr aplikasi bedanya banyak,3,2024-01-28 07:16:30,4.81.2
Julhan Wardana,Satsetsatset,5,2024-01-28 03:51:05,4.81.2
Rini Fitriyani,Bgs apk nya cuma tolng di perbaiki lg mau masukin kode otp aja lma bgt,3,2024-01-23 23:19:18,4.81.2
Reyhan amal,Driver gocarnya gblk,1,2024-01-23 23:15:56,4.81.2
Praha Tjondro,Bagus,5,2024-01-28 09:10:58,4.81.2
wong aneh,Bagus,5,2024-01-28 00:11:49,4.81.2
Wheny Efendi,Suka banyak promo,5,2024-01-28 03:51:30,4.81.2
diana chandra,Masa titik jemput gocar selalu ngaco padahal sdh sesuai titik sampai saya sudah share lokasi masa bisa jemput ny sampai jauh banget dari titik  tol diperbaiki bikin driver dan saya susah saja Maaf saya ksh bintang 1,1,2024-01-28 09:06:27,4.81.2
fauzan ojan,Sejauh ini selama saya menggunakan aplikasi ini tidak ada masalah baik itu saat memesan tranportasi online maupun memesan makanan,5,2024-01-28 08:54:33,4.81.2
Didi Juliansyah,Ok,5,2024-01-28 08:53:16,4.81.2
Agus Nasikin,Ok,5,2024-01-28 08:46:51,4.81.2
Yuni Sulistiyani,mohon maaf iklanya dikurangi,1,2024-01-28 05:34:07,4.81.2
Violet Volkswagen,Gopaylater kena blokir hahah,5,2024-01-23 15:47:39,4.81.2
Ruslin,Setres Setelah update makin parah,1,2024-01-28 00:25:40,4.81.2
M.Wahyudi Ramadhani,Sangat tidak suka,1,2024-01-28 08:41:21,4.81.2
Toni Murtono,Gimana nih aplikasi kok parah Nyuruh di update setelah di turuti update sekarang g bisa terkoneksiparah,5,2024-01-28 08:41:00,4.81.2
Abah Mul,Mantaap,5,2024-01-28 00:29:46,4.81.2
Dede Komarudin,Sangat membantu,5,2024-01-28 05:37:42,4.81.2
Hening Roto Atmojo,Tarifnya jangan makin mahal donk ,5,2024-01-28 02:08:17,4.81.2
SLAMET RIYADI,kenapa setelah di update malah tidak bisa pakai fitur go pay,1,2024-01-28 01:21:53,4.81.2
fahmi junior,Aplikasi yang terkadang sangat di butuhkan,5,2024-01-28 01:25:12,4.81.2
nayla gacha,Terima kasih saya sangat terbantu sekali,5,2024-01-28 01:27:54,4.81.2
Hendrik oktario,Makin lama sekarang gofoodnya kayanya udah g secepat dulu ditambah ada option tambahan mau express atau reguler macem2 ajah yg reguler hampir sejam keburu dingin yg paling utama keburu laper,1,2024-01-28 08:19:31,4.81.2
Ilham Pangestu (Estu),aplikasinya keluar sendiri padahal udah di update udah di uninstal terus di instal ulang tapi tetep kek begitu jelek nih aplikasi,1,2024-01-28 08:18:33,4.81.2
boim aye,Good job,5,2024-01-28 08:13:52,4.81.2
imko bili,Gojek memang the best ,5,2024-01-28 01:28:57,4.81.2
Jilan Arra Jiyaad,Mantappp,5,2024-01-28 05:42:41,4.81.2
SALVIAN FITRA SETIA,Ahayde,5,2024-01-28 07:59:01,4.81.2
fullmoon,Saya transfer uang dari gopay ke bank tertera sudah terkirim tapi belum masuk ke rekening mohon untuk konfirmasi dan tindak lanjutnya,1,2024-01-28 07:36:50,4.81.2
Syarief Maulana,BURUK,1,2024-01-28 01:37:55,4.81.2
dian hayati,Kenapa si skrng gojek jeda wkt tunggu nya jadi lama bgt kaya APP sebelah pdhl dr toko nya info klo pesenan udh kelar di APP bilangnya masih dsiapkan tunggu 20menit lg Jadi ga ad beda nya sama APP sebelah  pdhl harga nya lebih mahal ,3,2024-01-23 23:06:27,4.81.2
Kang Colay,Lagi lagi terjadi gopay gua ilang lagi baru juga gua top up dan gua tinggal seharian blm gua beli in apa apa tadi gua top up saldo gopay 350k sekarang pas gua mah beli barang di online shop pas liat saldo tinggal 229k ga tau dah tuh ilang berapa males ngitung gua udh dua kali kehilangan uang yang pertama udh gua ikhlas kan dan yang ini udh ke 2 kali nya dah lah gua jadi males nyimpen duit banyak di gopay mending di dana sekian gua kecewa sama apk ini ,1,2024-01-23 15:25:02,4.81.2
Nana Sukana,Terima kasih sudah antar dan jemput,5,2024-01-28 07:27:22,4.81.2
KURIYAH,Mohon di tingkatkan LG sistemnya,5,2024-01-28 04:20:28,4.81.2
Rini Rini,Aplikasi yg TDK mau menerima keluhan customernya mau laporan dipersulit Aplikasi sampah,1,2024-01-28 14:44:11,4.81.2
khify,Edit Jaringan bagus aplikasi sudah versi terbaru namun masih error untuk pemesanan gojek bisa namun untuk gofood tidak bisa tertulis error gps saya sudab aktif Sama kadang kalp agak jauhan muncul location not serviceable nah ini tolong di perluas lg jangkauan ny Gojek bisa knp gofood nggak,1,2024-01-28 11:53:42,4.81.2
Casper,Bermanfaat sekali,5,2024-01-29 07:35:54,4.81.2
Rudi Hartono,Ok sudah dibenahi,3,2024-01-29 05:05:53,4.81.2
sulthon amin,Ok,5,2024-01-29 05:25:48,4.81.2
Daru Prayoga,Apaan dah pesen gofood biaya layanan sampe 30rb pdhl ongkir dibawah 15k an,1,2024-01-29 05:26:39,4.81.2
Arief Rahmansyah,Aplikasi terbaik,5,2024-01-29 05:31:42,4.81.2
Achmad Ghozali,Bagus  top,5,2024-01-29 05:32:38,4.81.2
Sri Fitriani,Membantu banget pokonya,5,2024-01-29 05:36:58,4.81.2
Shinobi Uzumaki,Sementara aman terkendali,5,2024-01-29 05:49:56,4.81.2
Dedi Suryadi,Oke langsung saja gass,5,2024-01-29 05:52:35,4.81.2
Andrewasmara Joezan,joseee,5,2024-01-29 05:55:13,4.81.2
Yeni Nur,Maps digojek eror gajelas kasihan bapak Drivernya,1,2024-01-23 07:16:28,4.81.2
Fitri Yani,Selalu puas sm gojek Semoga makin bagus lg kedepannya,5,2024-01-29 05:58:55,4.81.2
Ryukey,Untuk aplikasi gojek diperingan dong untuk android lollipop Os versi 5,1,2024-01-29 05:59:04,4.81.2
netizen julid,Tidak bisa di batalin klo order gofood Sat Knapa skrang lama bgt si gofood nya Psen makan aja satu setengah jam Tolong lah gojek perbaiki lagi jgan lama bgt ky gini kburu lapernya ilang tlol,2,2024-01-29 05:59:45,4.81.2
Thomas Matthew Kusumantoro,Mayan berguna,4,2024-01-29 06:06:24,4.81.2
Lie San,stelah d perbarui aplikasinya kenapa jd bobrok bukan tambah d perbaiki kok malah gak bs buka trs resard ulang trus,1,2024-01-29 06:08:58,4.81.2
trie setyo,Aplikasi yang sangat bagus mau apa aja lengkap mulai dari makanan tranportasi sampai pindahan kost juga ada tersedia mobil nya pokoknya gojek luar biasa,5,2024-01-23 07:11:49,4.81.2
Agung Bosar,Ngbantu sekali,5,2024-01-29 06:18:14,4.81.2
Dedy Haryanto,APLIKASI GK KEPAKE ,1,2024-01-29 06:21:14,4.81.2
Tam Jay,Knpa saya bayar gopinjam tapi tidak kepotong tagihan nya padahal di BCA nya berhasil,2,2024-01-23 07:11:35,4.81.2
Rizky Sadhil,Sangat terbantu,4,2024-01-29 06:43:21,4.81.2
haerul 90,susah banget dapet driver kalo gosend pake samday tolong hapus aja opsi pengiriman samday nya driver pada males ngambil orderan,1,2024-01-29 06:49:51,4.81.2
Yogi Cahya,Recommended aplikasi,5,2024-01-23 07:03:06,4.81.2
Mami Salon,Sangat baik,5,2024-01-29 07:07:01,4.81.2
Anto Mandagi,Baik,5,2024-01-29 04:56:24,4.81.2
Bobby Ardiansyah,mntaap lanjutkan promonya,5,2024-01-29 04:53:39,4.81.2
Vivi Ardiana,Tolong yah buat gofood sediain uang receh Biar ada kembalinya Dan cepetin dapet driver nya soalnya gua nunggu 45 menit apa ga mau mati orang nunggu nya,3,2024-01-29 04:52:58,4.81.2
rizal bahrain,bagus dan profesional,5,2024-01-29 03:25:37,4.81.2
sms fv,Bisa tidak iklan ny gojek ini di lakukan saja si aplikasi GOJEK setiap buka WA iklan nya selalu lewat mebuat saya tidak nyaman  di aplikasi lain juga setiap di buka selalu masuk iklan GOFOOD,1,2024-01-29 02:25:46,4.81.2
Nadiya Maulida husna,Kenapa habis diupred kk malah gk bisa dibuka,1,2024-01-29 02:39:15,4.81.2
bernard ginting,Sangat mudah dalam penggunaan,5,2024-01-29 02:46:41,4.81.2
Ricko Setiawan,bagus,5,2024-01-29 02:47:41,4.81.2
Muamar Vino,gak adil banget jek gw sering order gk pernah dikasih vocer kalaupun dikasih vocer itu pun gk masuk akal harus belanja diatas 100k baru dpt potongan 30k  herannya kawan yg jarang order malah sering dikasih vocer potongan 50 bahkan 70 gk recomend banget jekSUMPAH ,1,2024-01-29 02:54:39,4.81.2
Muhammad Idris,Welcome back  berharap GoJek konsisten dan bisalebih diperhatikan pelanggang lama,5,2024-01-29 02:56:39,4.81.2
Mufida Jannur Daulay,Goride nggak ada promo ya Apasih kode prominyab,2,2024-01-29 02:58:34,4.81.2
suwardi subroto,Sip dan bagus,5,2024-01-29 03:04:06,4.81.2
syamsul artono,Good,5,2024-01-23 08:14:07,4.81.2
Fitria Luchika,Sejauh ini nyaman  aman pakai gojek walaupun apk suka minta diupdate huhuh tp baguss ko luv ,5,2024-01-29 03:16:51,4.81.2
Yoshua Apridiopatra Eka Asi,Mantap,5,2024-01-29 03:35:15,4.81.2
Gun Gn,Tepat waktu dan cepat,5,2024-01-23 08:01:39,4.81.2
Hendry Paulus,Mantap,5,2024-01-29 03:38:25,4.81.2
Al Wahid,gojek maikin parahtitik lokasi maps dimana GPS dimana gak sesuai tolong lebih diperhatikan,2,2024-01-29 03:40:36,4.81.2
Suwondo,Setelah update hp kentang yang kyk punya aku gak bisa pake gojek lg keluar sendiri,1,2024-01-29 03:44:37,4.81.2
fajar priyo utomo,saat hujan sangat susah mendapatkan driver,3,2024-01-29 03:54:07,4.81.2
Atin Rachmawati,Mohon kongirmasinya buat gojek iniknp pas udh di update tapi malah semakin rusak tiap x buka aplk ny malah ga bisajd kecewa sekrang ini,1,2024-01-29 03:56:35,4.81.2
Elvant Kurniawan,Aplikasi degan tarif mahalmasih mending maxim harga murahsaya klo transportasi pk maxim doang,1,2024-01-29 04:09:30,4.81.2
Annisa Agustiani,Pesen gofood udah ga ti driver otomatis tiga kali terus dibatalin sistem Padahal udah nunggu hampir sejam Gak ada solusi lain apa selain ngerugiin customer,4,2024-01-29 04:10:41,4.81.2
Rangga Gustin,gopay later saya malah di blokir padahal saya selalu bayar sebelum jatuh tempo parah bener,1,2024-01-29 04:15:54,4.81.2
Megakomalasari Komalasari,Good job,5,2024-01-29 04:16:52,4.81.2
Aep Saepudin,Sat set sat set cepat,5,2024-01-29 04:19:52,4.81.2
April Aprilia,Mudah mengerti,5,2024-01-29 07:07:55,4.81.2
Ramadoni Doni,Aplikasi tolol daftar paylater udah lama dari limit 500rb sampe 5jt sekarang gapernah telat bayar selalu transaksi pakai gopaylater pas mau beli pulsa malah DIBLOKIR gopaylater saya padahal cuma mau beli pulsa saya gapernah telat bayar BELI PULSA DOANG DIBLOKIR EMANG DASAR APLIKASI SAMPAH TOLOL IDIOT MASIH ADA TAGIHAN GOPAYLATER 90RB TADINYA MAU SAYA BAYAR CUMA UDAH DI BLOKIR GITU MALES AMAT GUA BAYAR BODOAMAT KAGA BAKALAN GUA BAYAR SUMPAH,1,2024-01-29 07:37:06,4.81.2
Idyas Iyas,Ini kenapa ya setelah saya update saya enggak dapat cash back padahal udah pakai promo Saya beli paket data Rp 100000 dan promo dapat cashback Rp 11000 tapi ga masuk cashback nya kenapa gitu ya,4,2024-01-23 12:41:24,4.81.2
Daniel Frengky,Maksudmu opo cak ngomong kangen nak pipiii,1,2024-01-29 07:46:14,4.81.2
Mus lihat,Ok,5,2024-01-29 10:22:18,4.81.2
Ardillah,Ok,5,2024-01-29 10:23:12,4.81.2
Santi,sangat membantu,5,2024-01-29 10:35:06,4.81.2
Rizki Ramadan,Woiii ini knp anj banyak banget iklanya mau masuk aplikasi apapun itu ada iklan aplikasi GOJEK bab,1,2024-01-29 10:47:08,4.81.2
murtinah raharjo,Tiga dulu Apl sering sulit diakses,3,2024-01-29 10:54:16,4.81.2
Malla Satriadji,Ulasan di ganti  paylater tidak berfungsi,2,2024-01-29 10:57:37,4.81.2
Ayu Miftri asih,Gojek apaan dahtadi waktu milih promo masih ada giliran udah ditop up tiba promo hangus Gajelas bgt,1,2024-01-29 10:59:03,4.81.2
Iqbal Iqbal,Keren,5,2024-01-23 04:43:45,4.81.2
arief tim BMN,Nuhun,5,2024-01-29 11:17:21,4.81.2
Dede suherman Dede,Kok gada mode pilihan pembayaran lain cuma gopay ama tunai ajh,1,2024-01-29 11:18:38,4.81.2
RaviPRatamaPM RV,Akun saya saldo gopaynya hilang Saya ngk ada bikin pesananjam 0100 pas sore saya buka akun gojek buat bayar belanjaan di alfa Ternyata saldo saya udah berkurang aja 30rb pesan gojekini bukan soal nominal tapi caranya apa apan kayak gini Saya ngak terima Pengiriman ke ewallet juga LAMA saya sudah menunggu satu hari Dan bayar 2x ke penjual Ini APK ga punya customer service apa bagaimana Beda sama ewallet terbaik lainnya,1,2024-01-29 11:20:57,4.81.2
Hendri Ajah,Penjemputannya kadanglama kadangcepet kendalanya cuma pada waktu pagi aja terkadang susah mendapatkan gojek skalinya dapet lama penjemputannya,5,2024-01-29 11:26:24,4.81.2
Musfir Asyraf,GOJEK nya ramahdari mulai penjemputan  sampai tempat tujuanpemilihan rute sangat baiksikap drivernya sopanpokoknya,5,2024-01-29 11:34:21,4.81.2
Mutiara Annisa,Abis di upgrade malah gak bisa pake gotransit nya payahhh,1,2024-01-29 11:43:38,4.81.2
riski bastanta,Ok,4,2024-01-29 11:44:51,4.81.2
MARPy,Bagus Bisa Pesan Antar Ke Alamat Berbeda,5,2024-01-29 11:48:15,4.81.2
Agus Sumarna30,Saya kurangi bintangnya karena tidak sesuaigop pinjam saya pertama lancar setelah limit naik di sayangkan tidak bisa di tariksecara pembayaran tepat waktu tidak pernah telatBuat apa limit di kasih naik kalau gabisa di tarikkalau bisa di tarik saya tambah lagi bintangnya,3,2024-01-23 04:30:39,4.81.2
Dwi Haryantini,Sangat terbantu untuk belanja,5,2024-01-29 12:03:22,4.81.2
Ahmad Satori,aplikasi mau bankrut bikin draver sengsara,1,2024-01-29 12:04:13,4.81.2
Yadi setiawan,Mantap terbantu sekali,5,2024-01-29 12:07:55,4.81.2
Nopri Yanto,Sya puas pke gojek tolong utung para dever klo ad promo d ambil jngan bilang promonya abis karna ongkosnya murah,5,2024-01-29 12:08:28,4.81.2
Prima Pratama,Makin hari makin kacau,1,2024-01-29 12:10:11,4.81.2
juli purnomo,bintang berbicara,5,2024-01-29 12:12:34,4.81.2
Suyono Gomad,Jos Gandos,5,2024-01-29 10:19:48,4.81.2
Irfan Masguni,Sudah didownload malah dowload ulang lagipasnya didownload lamaaa sekali bahkan berulang ulang didownloaditu kenpa yah min ,1,2024-01-29 10:14:24,4.81.2
Cah maylobezt,Sangat baik,5,2024-01-29 10:12:11,4.81.2
syahdi Black,Nice,5,2024-01-23 06:01:09,4.81.2
Nani Nuryani,Sangat membatu sekali,5,2024-01-29 07:49:46,4.81.2
Rindika Apriliani,sngt membantu,5,2024-01-29 07:50:38,4.81.2
Toko Kharisma,eror gak bisa di buka,2,2024-01-29 08:03:19,4.81.2
Ilham Bintang,Sangat membantu mobilitas orang,5,2024-01-29 08:10:19,4.81.2
hari anto,Mantap,5,2024-01-29 08:16:35,4.81.2
Novita naomi chayla,sejauh ini masih puas makai gojek untuk semua keperluan,5,2024-01-29 08:26:49,4.81.2
muhammad abi,bermanfaat,5,2024-01-23 06:02:56,4.81.2
Andris Ginanjar,Bagus dan cepat,5,2024-01-29 08:31:42,4.81.2
Putri Fradnya,kenapa gopaylater saya tidak bisa digunakan dan ada tulisannya diblokir padahal limit masih ada dan tagihan terakhir pun sudah saya lunasi dulu tidak pernah begini semenjak beralih ke MAB pun denda telat bayarnya naik drastis sehari 50ribu makin aneh aja,1,2024-01-29 08:31:48,4.81.2
nandaa,aplikasi ini membantu banget saat aku lagi gaada transportasi,5,2024-01-29 08:33:23,4.81.2
Nurul Subiyanti,Driver gojeknya ga tau haluan lalu lintasga ramahga sabaransuka nerobos malah nyenggol anak SMK,1,2024-01-29 08:35:50,4.81.2
sopandi ali,Bagus kl sdh muncul aplikasinya namun utk munculnya kadang sulit,5,2024-01-29 10:03:41,4.81.2
Tedi Mulyadi,rubah rating gara2 sistem gopay ngaco parah,1,2024-01-29 08:47:23,4.81.2
Leni Nuraeni,Cepet dapetnya,5,2024-01-29 08:51:13,4.81.2
Ryu zaky,Mantap,5,2024-01-29 08:55:23,4.81.2
Ziyad Rizky,baik,5,2024-01-29 08:57:34,4.81.2
irma yulianti,Ko setiap mau buka aplikasinya keluar sendiri terus ya Udah coba install ulang juga tetep sama keluar sendiri terus Aplikasi jadi tidak bisa digunakan,2,2024-01-29 08:57:56,4.81.2
Padeh Yono,Mantap,5,2024-01-29 09:06:19,4.81.2
Ikmal Faiq,Apk tolol masa engga bisa ngojek di lokadi gw tolol banget,1,2024-01-29 09:13:01,4.81.2
Dalil Leksono,Sangat membantu,5,2024-01-29 09:35:09,4.81.2
M agung prayogi,Sangat ramah baik,5,2024-01-29 09:44:07,4.81.2
Achmad Gozali,Gojek ok sekali,5,2024-01-29 09:54:04,4.81.2
Umar Farhan,Promo kurang and terlalu mahal,1,2024-01-23 09:05:33,4.81.2
Syam Sury,Susah banget dapet driver kalo lagi ujan Padahal di depan mata sendiri drivernya lagi pada nongkrong,1,2024-01-29 02:15:15,4.81.2
Andyc Ega Pratama,Good job,5,2024-01-29 02:11:29,4.81.2
Andhika putra,Mangkin di update mangkin gk jelas limit gopay letter tersedia tp di blokir apk aneh sebelum di update malah aman aja,1,2024-01-29 02:08:52,4.81.2
Ahmad Ramaliulhuda,Good application,5,2024-01-28 13:54:19,4.81.2
RATIH PAWESTRI,Saya order gofood Dari restoran sudah chat bahwa masakan sudah ready utk diambil Tapi driver blm ada yg ambil karena mengirim pesanan harus sesuai estimasi pengiriman Jadinya saya harus nunggu lama padahal masakan udh siap,3,2024-01-23 11:27:04,4.81.2
suhar sono,Oke mantul,5,2024-01-28 14:18:59,4.81.2
A Nabila Collection,Sangat membantu terimakasih,5,2024-01-24 00:22:07,4.81.2
Hendrik HT'ean,Mantap brooo,5,2024-01-23 11:26:20,4.81.2
Bella AS,Azzam,5,2024-01-28 14:56:56,4.81.2
Fajar Meilisa_TPM_KOTA BOGOR,Banyak promonyaaa,5,2024-01-28 15:13:20,4.81.2
Catur Aji Andika,Ada pengalaman dapet driver sombong dan kasar kronologi mesan grabcar kebetulan malem itu abis hujan jadi jalanan kotor dan becek pas driver sampe di lokasi penjemputan ponakan saya buka pintu depan dan masuk kemudian driver dengan nada tinggi bilang ke ponakan saya kaki kamu kotor mobil saya bersih sambil tangannya membersihkan bangku yang tadinya sudah diduduki ponakan saya Akhirnya kami tidak jadi naik mobil driver itu walaupun statusnya sudah dalam perjalanan dan uang sudah di driver,1,2024-01-28 15:23:50,4.81.2
Rofi Muhammad Kahfi,Lumayan Promonya cuman saya sedikt yaa,5,2024-01-28 15:27:41,4.81.2
bang oganz,Make everything easyerniceworkespecially the goCar,5,2024-01-28 15:38:18,4.81.2
dimas putra,Good,5,2024-01-28 15:41:57,4.81.2
Siti Nurlela,Pesen go food sama driver dicancel mulu udh 3 kali heran deh pelayanan go food lama banget mentang mentang diskon Kalo dibandingin mending dishope food sih mahal dikit tp driver ny gercep,1,2024-01-28 15:50:55,4.81.2
Nando Fernando,Parah di pesan gak ada yang mau satupun,1,2024-01-28 15:54:52,4.81.2
Dedi Dedi,Selama saya pakai selalu tepat waktu jemput Cuma titik jemputnya agak susah menentu kan lokasi sendiri ,4,2024-01-28 16:07:37,4.81.2
Si Otong,Good apk,5,2024-01-28 16:13:55,4.81.2
Mariana Gosaly,Sangat membantu pada saat kelaparan,5,2024-01-28 16:31:44,4.81.2
Nurmaida martalena Tambun,Saya harus menghapus banyak permainan untuk ini tapi tetap tidak bisa didonwload emg semahal itu kah,2,2024-01-28 16:39:54,4.81.2
Fanuel,Tolong lh diatur kehidupan drivers,5,2024-01-28 16:54:06,4.81.2
Leni Kastuningsih,Kenapa aplikasi gojek di saya tidak bisa untuk membuat toko di goShop ya Tidak ada pilihan buat link,3,2024-01-28 16:57:16,4.81.2
didik susilo,Aplikasi yg sangat membantu,5,2024-01-23 11:07:30,4.81.2
Erik Weed,Mantap,5,2024-01-28 17:21:53,4.81.2
auliaali14 Ali,Mantap,5,2024-01-23 10:57:43,4.81.2
Dano Aleksa,Bagus keren keren,5,2024-01-28 17:34:28,4.81.2
Yusuf Nurmuslim,Bagus terima kasih,5,2024-01-28 13:50:39,4.81.2
Andi Putra,Ramah dan nyaman,5,2024-01-28 13:48:52,4.81.2
agus bahtera s,Aplikasi yg simple dan mudah digunakan,4,2024-01-28 13:46:41,4.81.2
Zulhan Arif,Gojek kenapa peta anda sering mengambil jalur yang tidak semestinya Kadang mutar lebih jauh kadang lewat jalur yang dari belakang tidak dapat dijangkau Tolong perbaiki ya sudah sering kejadian,3,2024-01-28 12:48:33,4.81.2
Nadiyya HP,Setahun ini Gojek tidak memuaskan ,1,2024-01-28 11:58:19,4.81.2
April Lyani,Kami mendeteksi pemakaian yang tidak biasa Kenapa dengan aplikasi gojek di hp sy Dari terahir tahun 2022 selalu begitu sampai saya hapus aplikasi gojek karena tidak bisa di gunakan dan saya beralih ke yang lain Sekarang saya download lagimasih tetap sama KAMI MENDETEKSI PEMAKAIAN YANG TIDAK BIASA Begitu terus dari tahun 2022 sampai sekarang Kenapa,1,2024-01-23 12:40:10,4.81.2
Marini Dwi untari,Sangat membantu sekalii  baik gojek gofood gocarr ,5,2024-01-28 12:08:10,4.81.2
ari nurmaya,Gofood ini semakin lama semakin susah dpt driver sampe berjam2 g dpt2 pdhl udah pilih yg paling mahal kirimnya tetep aja g dpt restonya maka ga sampe sekilo terpaksa batalin terus karna ga tau mau sampai kapan nunggu dpt drivernya,1,2024-01-28 12:16:14,4.81.2
3_Nabila Nur Maulida,Ayo download Grab,5,2024-01-23 12:37:00,4.81.2
Ara qs,Sukses selau gojak,5,2024-01-28 12:32:09,4.81.2
Alin Maharani,So far so good Keep up the good work,5,2024-01-28 12:46:30,4.81.2
urip sugih,Gojek Sangat bermanfaat dan membantu,5,2024-01-28 12:46:47,4.81.2
Andereas Candra,kurirnya bertanggungjawab menjalankan tugasnya hujanhujan tetap diantar Terima kasih untuk pelayanannya,5,2024-01-28 12:46:52,4.81.2
Gum In,Fitur penjemputan tidak bisa aplikasi rusak,1,2024-01-28 12:47:16,4.81.2
Muhammad Ilyas,Nikmati songkolo begadang bersama Gojek,2,2024-01-28 12:58:24,4.81.2
Aditya Pratama,Untuk saat ini kenapa Gopay Later nya tidak bisa digunakan ya,5,2024-01-28 13:41:15,4.81.2
Ismail Atuh,Bagus bgtt,5,2024-01-23 12:15:47,4.81.2
Sulis tiya,Bagus tapi tolong ongkir nay jan ke 100,5,2024-01-28 13:06:37,4.81.2
naljap anugiw,permisi min tolong adain fitur rute didalam rumah dong kayak tolong ambilin remot dibawah trs dianterin keatas mohon ya min terimakasih,5,2024-01-28 13:08:23,4.81.2
Dinar Permatasari,Sangat kecewa pas hujan nggak mau ambil orderan,1,2024-01-28 13:10:15,4.81.2
Sri Waqiah,Good,5,2024-01-28 13:13:07,4.81.2
Abigail nizam Khalfani,Temen ku top up kena refund tanpa alasan,1,2024-01-28 13:16:06,4.81.2
Yuli Kasiyanto,Kasihan sekarang ada gofood jarak dekat yg di bayar cuma 5000blm nunggu di restonya lama atau tidakkadang antarnya sampai 3kilo lebihjujur kalau di hitung2 mana cukup yauang jajan anak aja lebih dari 5000saya rasa gojek tidak berperi kemanusiaan dehpancasila di abaikan oleh gojekyg pimpin gojek jg blm tentu hafal pancasila,5,2024-01-28 13:19:11,4.81.2
Yuni Faidatul,banyak promonyaa,5,2024-01-23 11:48:37,4.81.2
Dodi Saktioktavianto,Oke bgt,5,2024-01-28 13:34:14,4.81.2
Alif Variasi,sangat membantu,5,2024-01-28 13:39:28,4.81.2
Rustandi Andi,Aplilasi gojek tidak bisa di buka dan di gunakan,4,2024-01-28 17:44:53,4.81.2
Dinny Waskito,saya sebenrnya pelanggan gojek tp iklannya setiap detik muncul di hp sy sangat menggangu pihak gojek apakah saya harus uninstal aplikasi anda supaya iklan gojek tidak masuk lagi ke hp saya,1,2024-01-28 18:12:40,4.81.2
Aho HR,Aplikasi ampas Masa habis pesan makanan pake promo Tapi keburu tutup rumah makan kartu promo hilang Rugi banget Minimal ngerti ekonomi pengguna Bay,1,2024-01-28 18:42:22,4.81.2
eko projo,Ok,5,2024-01-29 01:14:35,4.81.2
Lestari Herminingsih,Bagus cepat,2,2024-01-29 00:01:30,4.81.2
Muchlas,Mantap,5,2024-01-23 09:40:51,4.81.2
sirajudin s,Ok,5,2024-01-29 00:24:25,4.81.2
Sutini Madi,Mantap aplikasinya,5,2024-01-29 00:35:29,4.81.2
Muhamad Pegi,Semoga semaki menjangkau ke Lamandau,5,2024-01-29 00:46:30,4.81.2
Eka kurniawati,bagus dan cepat,5,2024-01-23 09:38:59,4.81.2
Agus Dianto,Sangat membantu,5,2024-01-29 00:58:28,4.81.2
tri harsono,Ok banget aplikasinya,5,2024-01-29 01:10:42,4.81.2
Sigit Sudarmanto,Selama saya pakai gojek bagus,5,2024-01-29 01:12:49,4.81.2
Gilang NuariPradana,Gopay ne maksud nya gimana ya Untuk apa di kasih limit pay later kalau gk bisa di gunakan Bayar gk pernah telat ehhh pay later nya gk bisa di pakek alias di blokir agak lain memang ini aplikasi ,1,2024-01-29 01:16:58,4.81.2
Uut Leny,Sangat membantu,5,2024-01-28 23:52:14,4.81.2
kirana Official18,ok,5,2024-01-29 01:20:21,4.81.2
panduwangi panduwangi,ok bgt,5,2024-01-29 01:26:25,4.81.2
Ahmad Nawa,History pemakaian  Apakah ditanyakan ke puskesmas terdekat  Sebentarsebentar updatesebentar lagi update,2,2024-01-29 01:41:42,4.81.2
Wanto Apung,Masih yg terbaik,5,2024-01-29 01:43:20,4.81.2
Nina Nisrina,Apk keren gojek dan banyak diskonnya sukses,5,2024-01-29 01:47:32,4.81.2
De Rohaetin,Pokonya Mantappp,5,2024-01-29 01:53:01,4.81.2
Cinta 93,untuk wilayah berau masa dari tanjung redeb ke labanan gak adahadehhh cuman kotanya doangpdhl kita jga mau jalan keluar kota jga loh,1,2024-01-29 01:56:31,4.81.2
Imam Mulyadi,Mantaaap,5,2024-01-29 01:59:24,4.81.2
Nathan Firmansyah0903,Assalamualaikum ka mengapa ngebug pdhl sdh versi terbaru saya jadi sulit menggunakan krna keperluan saya dulu gojek apk bgus saya tidak berpindh2 mengapa skrng jd sering ngebug pdhl kuota full dan tdk menggunakan wifi tlong segera dibenari skrng install pun lama pendftrn pun lama segera diperbaiki ini membuat saya tidk nyaman krna sush msuk untuk ke aplikasinya dan slalu kembali ke beranda kak trma ksh,1,2024-01-23 09:11:51,4.81.2
Mina Anisa,Bagus,5,2024-01-29 02:08:52,4.81.2
OyyMii,Tolonglah kasih driver yang jaraknya deket buset ini mah gua dapet drivernya setara indonesia  mekkah,1,2024-01-28 23:59:17,4.81.2
nizhamul latif,respon sll lambat dan mapping rdk tepat,3,2024-01-28 23:38:09,4.81.2
Muhammad Ilyas,Sangat membantu,5,2024-01-28 18:47:07,4.81.2
asep priyatna,Aman dan nyaman,5,2024-01-28 22:47:08,4.81.2
Vajar Dhani,Potongan terlalu tinggi bagi driver ,1,2024-01-28 18:51:16,4.81.2
Ubay Dillah,Sangat membantu sering sering Adain promo ya,5,2024-01-23 10:55:38,4.81.2
Riyantri Capanay,Good,5,2024-01-28 19:50:25,4.81.2
Futicha Ayrlina,Mantaap bro,5,2024-01-28 20:18:09,4.81.2
Yohana Rahayu,Update melulu,1,2024-01-28 20:43:36,4.81.2
Usan Piter Askalis,mentenen mulu ajggua mau beli pulsa masa gitu aja lamaaa,1,2024-01-28 20:47:32,4.81.2
Riz Wgd,Recommended,5,2024-01-28 21:13:58,4.81.2
Satria Alfarendra,Mantap,4,2024-01-28 22:01:19,4.81.2
Dhafin Atharizz Aldrich,Maanntttaaabbssss,5,2024-01-23 10:42:25,4.81.2
Savari Anie,Nice,5,2024-01-23 10:16:43,4.81.2
trio wahyudi,Mapnya tolong dibenerin ga sesuai arahannya Customer maupun drivernya jd sering bermasalah sy sering di Cancel secara sepihak krn problem ini Overall drivernya bagus gercep dan aplikasinya sudah bagus tp klo tidak didukung dengan system yg bagus akan rusak juga Terima kasih,5,2024-01-28 23:35:49,4.81.2
محمد جبران ڤنديڮا,Saya ngasih rating satu karena aplikasi gojek ini nyarinya terlalu lama bahkan ini nyarinya udh 10 menit Saya ini masih sekolah dan saya biasanya pake gojek suka terlambat karena ini gojek nyari drivernya lama banget ,1,2024-01-28 22:55:24,4.81.2
Tita Rosita,Mantap,5,2024-01-28 23:10:09,4.81.2
Maryati Tik,Baik,5,2024-01-28 23:10:19,4.81.2
Fanny Hendro Aryo Putro,Sangat membantu,5,2024-01-23 09:56:49,4.81.2
Hafinda Lailatul,Tolong ini kenapa mau beli kuota ga bisa sih awalnya emang aku lupa sandi tp tetep ga bisa di bayar mana lagi buru buruayo dong tolong plis benerin jangan mempersulit padahal sebelum di update ga kek gini deh mana ga bisa di transfer bank pula lumayan banget uang yang di top up soalnya tapi ga bisa di pakai kecewa berat,1,2024-01-28 23:22:16,4.81.2
Veni Agarita,ko setiap masuk gojek selalu nggk ada sinyal tolong perbaiki min,2,2024-01-28 23:26:04,4.81.2
An Edman Syafei,Cepat dan ramah,4,2024-01-28 23:26:39,4.81.2
Lek das Das,Ok la segini dulu,4,2024-01-28 23:28:26,4.81.2
muhammad Sidup,Ok,5,2024-01-23 09:55:52,4.81.2
nadirachelsa,Ok,5,2024-01-28 23:34:47,4.81.2
Andy Rahman,Terima kasih sangat membantu diasaat membutuhkan,5,2024-01-27 15:58:18,4.81.2
Amien Nugroho,Buat saya is the best dan banyak promonya dan ada sebagian promo gk bisa digunakansaran aja tolong donk kasih untuk login harian dan berhadiah poin atau hadiah lainnyaterima kasih,5,2024-01-24 01:33:17,4.81.2
Kiki Amanda,Gopinjaman tidak bisa dipakek percuma udh banyak top up,1,2024-01-27 15:24:18,4.81.2
angga hss,Saya kasih bintang 2 dulu karena setelah update aplikasi gopaylater saya tidak bisa lakukan transaksi padahal limit saya masih full dan sudah bayar tagihan tepat waktu Makin lama aplikasi makin ndak jelas Tolong dijelaskan kenapa,2,2024-01-26 04:19:40,4.81.2
Idris Muhammad,bagus,5,2024-01-26 01:04:41,4.81.2
M Ali,bunga gopay pinjam gede bener,5,2024-01-24 14:40:45,4.81.2
Hadi Sopyan,Mtap,5,2024-01-26 01:12:39,4.81.2
wiwik eka nusantari,Pelayanan sangat baik,5,2024-01-26 01:25:38,4.81.2
Pauzi Lutfi,tepat waktu,5,2024-01-26 01:35:34,4.81.2
Khomsiah Khomsiah,Buka aplikasi gojek selalu gak bisa,1,2024-01-26 01:39:39,4.81.2
Nina Rosyana,Sangat membantu,5,2024-01-24 13:54:04,4.81.2
Marvil Parengkuan,Saya pengguna gojek dari 2016 kenapa tiba2 gopay later saya di blokir Klo sudah di perbaiki saya perbaiki juga bintangnya,1,2024-01-24 13:52:38,4.81.2
Thomas Iqbal,mantap,5,2024-01-26 03:01:11,4.81.2
Ali Mahrus,Good,5,2024-01-24 13:47:50,4.81.2
Markoceng,Good,5,2024-01-26 03:10:16,4.81.2
adewirdanius larosa,Go pinjam sy dibekukan usaha sy jd macetpdhal tagihan angsuran sy tdk pernah bermasalahbused dah,1,2024-01-24 13:32:36,4.81.2
Sakhimpulz,Mantab,5,2024-01-26 03:13:55,4.81.2
Ria Agustina,good job buat bapak gojek pelayanan yg baik khususnya bapak gojek yg baru saja anter saya ke stasiun dengan cepat,5,2024-01-24 13:22:10,4.81.2
Fika Fatimah,Sangat membantu sekali,5,2024-01-24 13:18:19,4.81.2
Septa Hindarto,Mohon untuk perusahaan atau pengembang agar responsif untuk komplainan pelanggan dan saran saya agar ada CS yang menelpon ketika ada komplain dari pelanggan,1,2024-01-26 03:47:12,4.81.2
Haryo Sucahyono,Mantab aplikasinya membantu,5,2024-01-26 03:56:04,4.81.2
robbani yusuf,Ok,4,2024-01-26 03:56:10,4.81.2
M.Nur Kholis,Okmantap Good Terbaik Goodluck for you yg buat gojek ini Yg sudah bagus jgn di utak atik lagi yaa Thank you verry verry much,5,2024-01-26 03:58:09,4.81.2
روني فيردياز,Aplikasi GoFood dan DoCar sangat membantu,5,2024-01-26 04:00:42,4.81.2
Putri Hob,Untuk gopay later nya sdh naik limit smpe 33jt tpi tdk bisa di gunakan percuma jd anak sultan go club nyamalas pakai aplikasi ini lagitmbh lama semakin jelek,1,2024-01-26 04:08:40,4.81.2
Noldy Schalwyk,Mantap,5,2024-01-24 13:11:30,4.81.2
Ijal Ijal,mantap,5,2024-01-24 13:11:21,4.81.2
HADI MULYONO,Discount nya luar biasa biaya transportasi jadi hemat,5,2024-01-24 14:41:11,4.81.2
Habisoekamti Habi,Tolong kenapa gopaylatter gak pernah bisa di pake Padahal bayar gak pernah telat Percuma ngasih fasilitas GAK GUNAAA GAK MEMBANTUU,1,2024-01-24 14:55:02,4.81.2
Dessy Sujatwati,Rute goridere selalu di lewatin jln kecil banyak polisi tidur menghambat percalan menyebalkan,1,2024-01-24 14:58:30,4.81.2
Semar Mesem,Ok,5,2024-01-25 23:02:49,4.81.2
Insan Deli,Ongkir gofood mahal najis jarak deket juga,1,2024-01-24 17:15:03,4.81.2
Kukuh Uripsantoso,Mantap,5,2024-01-25 18:49:09,4.81.2
Andira Jaya Saputra,Penyelmat,5,2024-01-25 18:50:48,4.81.2
Saiful Arif,Dikembangkan lagi apk nya,5,2024-01-25 19:53:25,4.81.2
Adi Putra,sya draver hampir 3 jam gk dikasih orderan tpi vendor yg bersama gojek sprti goflet selalu perioritas gak di baca komen saya,1,2024-01-24 16:33:34,4.81.2
moch iqbal hafidz,awalnya bintang 5 karena merasa puas sekarang saya kasih bintang 1 ganti management ya jadi ribet banget,1,2024-01-25 22:08:13,4.81.2
Nafisaaurayaaprmass Pranaswarii,Aplikasinya Bagus kok saya sering pake kalo mau berangkat sklah,5,2024-01-25 22:40:43,4.81.2
Asep,sangat membantu banget,5,2024-01-25 22:43:52,4.81.2
Nayaka Azaliawidyatna,bgus,2,2024-01-25 22:56:49,4.81.2
Agus Buah,G bisa d buka ni susah aplikasi Gojek nya knp ya,5,2024-01-25 22:58:04,4.81.2
Irul fatah,Top,5,2024-01-25 23:26:09,4.81.2
Surya Buditama,Sangat membantu dalam bidang transportasi dan kebutuhan sehari hari masyarakat indonesia,5,2024-01-24 15:03:11,4.81.2
Zacky Putra,Kepada admin gojek  Saya mau tanya  kenapa akses gopay pinjam saya statusnya dalam pengecekan trus  sudah beberapa hari  Apakah ngebug ,4,2024-01-24 15:55:08,4.81.2
Budi Heriyadi,Aplikasinya buruk Map nya suka bermasalah Ngebug,1,2024-01-25 23:46:21,4.81.2
Adinassa HD,Mempermudah keperluan Yaa meski sekarang jatang bgt ada diskon nya,5,2024-01-24 15:38:19,4.81.2
Susiati Sisie,Rugi update app jd tambah ribet mau beli pulsa aj musti ke toko pelayanan tdk spt dulu gmn mengembalikan dpt setelan awal ya,1,2024-01-25 23:51:47,4.81.2
Kristina c,promo gofood udah jarang potongan masing masing dr store dan gak bisa di gabungin promo dari toko sama promo voucher yg ada,2,2024-01-24 15:27:21,4.81.2
Bakuel Teri,Ongkir gofood makin mahal,3,2024-01-26 00:01:34,4.81.2
Zaen Zunkkar,Mantap,5,2024-01-24 15:21:38,4.81.2
DE HA,Oke,5,2024-01-26 00:16:50,4.81.2
Asep Ono,Jadi jelek fitur payleter tidak bisa dipakai,1,2024-01-26 00:19:43,4.81.2
Meylinda,Baik orangnya,5,2024-01-24 15:09:53,4.81.2
Titi Alan,Pelayanan baik makasih,5,2024-01-26 04:14:40,4.81.2
Suhartini Soehadi,Seneng klu banyak discontnya,5,2024-01-24 13:00:11,4.81.2
Litha Asghar,Kenapa gopaylater sy tidak dapat di gunakan padahal sy membayar tagihan sebelum jatuh tempo dan tidak ada tunggakan,5,2024-01-25 18:19:44,4.81.2
aroh istikharoh,Sangat terbantu dg aplikasi ini cuma hbis update kok gk bisa di buka jdi kacau pas mau pesan mental gk bisa,5,2024-01-26 04:32:31,4.81.2
Dimas Iim,buruk,1,2024-01-26 08:26:21,4.81.2
zahra febyan Paladeta,Pelayanan customer servis sangat buruk sudah 5 hari saya mengajukan pengembalian saldo gopay and then apa yang terjadi sampai sekarang saldo gopay saya tidak di return dengan alasan mereka menghubungi saya tapi sayanya tidak bisa di hubungi saya cek hp saya mana ngga ada mereka menghubungi saya,1,2024-01-24 11:48:03,4.81.2
Nur Eko nur Eko,Hello admin Mau coba menyampaikan beberapa hal nih diantaranya 1 Semoga GoJek tetap akses buat siapapun 2 Tolong admin buat tema gelap buat aplikasi GoJek dan semoga aplikasi GoJek semakin berkembang dengan baik banyak peminatnya ya admin 3 Saya berharap untuk ukuran aplikasi jangan terlalu besar ya admin Terimakasih,5,2024-01-26 08:46:47,4.81.2
Nava rashiel AH067,Bagus,5,2024-01-26 09:00:14,4.81.2
Nurul Fitri,Sekarang semakin buruk apk ini para supir gojek terutama mobil selalu menolak pelanggan tp g mau mengcansel nya,1,2024-01-26 09:13:23,4.81.2
Muhammad Hujairin,Sangat bermanfaat,5,2024-01-24 11:38:09,4.81.2
sugiyarto marsandi,Enak murah,5,2024-01-26 09:15:16,4.81.2
Cak Rusdi,Sangat memuaskan dgn memakai gojek,5,2024-01-26 09:15:24,4.81.2
Alpin Gaming,MANTAP ,1,2024-01-24 11:27:06,4.81.2
Divanna Diva081,di gojek enk bnr jir naek motor pling murah juga mobil  mw nngss murah bgt njay mna klo tf atau topup gaada biaya admin we love you GOJEK 33,5,2024-01-26 09:48:16,4.81.2
Richa Ayu Ramadhani,Paketnya ayam bakarnya enak mantul pokoknya,5,2024-01-26 09:52:36,4.81.2
Septian Wibisono,Dh masuk trs keluar sendiri,1,2024-01-26 09:52:51,4.81.2
Wardoyo Baedi,Trim,5,2024-01-24 11:11:50,4.81.2
Fitri Dyn,Suka bgtt pke ini dr 2015,5,2024-01-26 10:05:25,4.81.2
Mr.Master B_Andhika,Knp yah klo driver telpon ke saya gak ada pilihan buat ngangkat tlpnya Cuma bunyi doang,5,2024-01-26 10:13:53,4.81.2
Risan Gunawan,Setiap laporan masalah tidak pernah selesai sma CS nya PAYAH  Apa harus lapor ke media konsumen Apalagi masalah Cashback dan makanan tidak sesuai pasti ga pernah selesai masalahnya Tolong perbaiki lagi layanan anda terutama untuk Cs nya ga pernah menyelesaikan masalah binggung harus buat laporan seperti apa lagi supaya ditanggepin masalahnya,1,2024-01-24 11:01:39,4.81.2
Fatmalia Lia,Apk ini bagus sangat membantu,5,2024-01-26 10:21:39,4.81.2
rizka mawarida,Aneh pake paylater gojek juga gapernah telat bayar Kemarin bayar paylater langsung diblokir Lol,2,2024-01-26 10:22:57,4.81.2
Kevi Romeo,Alhamdulillah salama ini gojek selalu mengantarkan saya dengan selamat,5,2024-01-26 10:28:47,4.81.2
Destu utari,Makin lemottt pas di buka,1,2024-01-24 10:54:55,4.81.2
Nafis Muhammad,Bagus,5,2024-01-26 10:36:11,4.81.2
Feri Santoso,Ok,5,2024-01-26 10:39:07,4.81.2
official channel (aguscatering),Tidak pro siraellgbtkarya anak negeri,5,2024-01-26 10:51:37,4.81.2
Wahono Sumasto,Aplikasi GoJek sangat bagus dan menarik Berguna untuk keperluan seharihari,5,2024-01-24 11:52:30,4.81.2
Dari Atjeh Adi,ini kenapa gopaylater saya tidak bisa digunakan padahal sudah dapat limit sampai 21 juta kan sayang ngak bis pakai,1,2024-01-26 07:25:42,4.81.2
Eriss Maulidya,ribet harus je shelter terdekat dlu kalau mau jemput drivernya ga ramah,1,2024-01-26 07:11:09,4.81.2
Helly Wattie,mantap,5,2024-01-26 05:39:06,4.81.2
Nata Ketut,Goridenya bagus,3,2024-01-26 04:44:51,4.81.2
Hakim Said,Mahal diongkos,1,2024-01-24 12:58:31,4.81.2
Oppo A16,Gopay hilangpusat bantuan gk ngebantu sama sekali dari pagi di tungguin gak balik tu gopay,1,2024-01-26 04:53:38,4.81.2
Anisa Anisa Sri maharani,makin di updte makin parahbaru aja buka aplikasi malah keluar balik ga jelas banget,1,2024-01-26 05:11:31,4.81.2
sahala sinaga,Sudah baikditingkatkan lagi pelayanannya baik driver sistem dan cs nya,5,2024-01-26 05:19:27,4.81.2
Rida Super,Kurang simpel dan rumit cara memesan di aplikasi  Sinyal bagus tapi katanya jaringan eror,1,2024-01-24 12:47:13,4.81.2
Chris Shuo (Notorious Hustler),Bancaan GoPayLater tidak bisa dilunaskan sewaktu kita inginkan selalu bisanya bulan depan tgl 15 Pas mau bayar uang hasil buat bayar GoPayLater lari kepada kebutuhan Parah,1,2024-01-26 05:26:32,4.81.2
Jonathan Evon,Ini aplikasi ada2 aja drama nya tiba2 gopaylater di blokir laporan aja ga ada tanggapan help donk,2,2024-01-24 12:43:04,4.81.2
Risman Faizal,Gojek apk nya jelek banget sekarang masa pin gopay saya salah terus udah ganti pin berapa kali gak bisa bisa walaupun bacaannya berhasil Gimana sih ini pake akun punya sendiri aja di ribed ribed,1,2024-01-24 12:38:30,4.81.2
Rizky Ky,Mantap,5,2024-01-24 12:37:00,4.81.2
Rudi ansyah,Gotik apakah tak ada lagi,4,2024-01-26 05:40:17,4.81.2
M Rofiq,Ggak jelas apk nya udah isi gopay 50 k saldo nya ilang gara akun gak ke pake 3 bulan pas udah selesau verifikasi saldo ilang,1,2024-01-26 07:05:21,4.81.2
RZ RENY,Hello saya pengguna baru langganan plus gimana caranya saya pakai plus gofood saya sudah membeli langganan plus,2,2024-01-26 05:44:11,4.81.2
Ratih Puspitasari,Aplikasi yg memudahkan hidup,5,2024-01-26 05:48:15,4.81.2
Zahra Rahimah,Mantapcepat tanggap dgn konsumen,5,2024-01-26 05:53:07,4.81.2
Iskandar Samaullah,Pas,5,2024-01-24 12:15:34,4.81.2
Azka Ajah,sangat2 bagus kalau byk diskon hehe,5,2024-01-26 06:37:56,4.81.2
Sabda Wahyudi,Sistem gojek sekarang parah tidak seperti dulu,1,2024-01-26 06:38:06,4.81.2
Lukmanul Hakim,Sangat membantu,5,2024-01-26 06:38:58,4.81.2
Hesty Harsono87,Good luck,5,2024-01-26 06:43:36,4.81.2
Nuya 22,Go tiket ilang kemana min,1,2024-01-24 12:03:36,4.81.2
Lucky IP,Ntap,5,2024-01-26 07:00:50,4.81.2
Didin & Sheena Official,Ok,5,2024-01-25 18:20:07,4.81.2
shobung tambhena,Sangat memuaskan,5,2024-01-24 18:00:27,4.81.2
Sujana Arif,Aplikasi tolol,1,2024-01-27 15:05:33,4.81.2
yudika simorangkir,Kren,5,2024-01-25 10:25:40,4.81.2
Arifuddin unjung Arif,Baguz,4,2024-01-25 02:53:20,4.81.2
Rifaldi Anwar,Memudahkan segalanya,5,2024-01-25 02:52:30,4.81.2
Blue Kit,Good Job,5,2024-01-25 02:45:19,4.81.2
Ari babang,good,5,2024-01-25 02:44:13,4.81.2
Rita Fera,Nyaman dan banyak promonya,5,2024-01-25 02:37:58,4.81.2
Next Blast,Haha malah di blokir GOPAY latter nya ngakak bayar ga pernah telat tiba2 di blokir ampas,1,2024-01-25 02:33:16,4.81.2
ahmad ginanjar,Good,5,2024-01-25 02:18:58,4.81.2
Mulyana Josie,Padahal saya pelanggan setiap tapi tiba semua promo besar jadi hilang padahal di akun teman saya ada Chat juga tidak ditanggapi,1,2024-01-25 09:04:18,4.81.2
roni setiawan,Aplikasi nya makin kacau tiap buka ke beranda selalu nge bug atau kembali sendiri padahal sinyal bagus,2,2024-01-25 09:07:44,4.81.2
Bharbara Nilam,Aplikasinya sangat apik sekaliibisa membuat aktivitas lebih mudah dengan adanya gojek Tapi terkadang ada sedikit kendala yang terjadi Tapi untung nya sudah teratasi Terimakasih gojek,5,2024-01-25 09:10:04,4.81.2
Christine Natalia,harga lebih mahal dan driver gojek selalu cancel perjalanan,1,2024-01-25 02:06:25,4.81.2
Rezki Damaikal,Aplikasi ini sangat bagus ,5,2024-01-25 09:18:35,4.81.2
SKS Yogya,Ok,5,2024-01-25 09:27:13,4.81.2
Helena Wolo,Sangat membantu ,5,2024-01-25 09:28:41,4.81.2
Nabilradityanugraha Nugraha,Email saya tidak bisa masuk,1,2024-01-25 09:29:54,4.81.2
Akhmad Nadirin,Semua transaksi bisa dilakukan Lewat Group GoTo Mantap,5,2024-01-25 01:40:01,4.81.2
Eri Triansyah,Pelayanannya sangat baik dan semoga lebih ditingkatkan lagi Klo bisa pakai atribut jaket sesuai aplikator dan memakai pakaian yg rapi serta sepatu Terima kasih,5,2024-01-25 09:34:21,4.81.2
Uyock Baba,Saya kasih bintang 5 tp tolong dong knp kalo buka apk gojek selalu keluar sendiri dari apk saya mau bepergian pake gojek jd gk bisa mohon bantuannya Terima kasih ,5,2024-01-25 10:00:52,4.81.2
Salma Salma,Aku kasih Bintang 3 karna tidak ada saldo gratis,3,2024-01-25 10:06:23,4.81.2
Aisa Setiawan,Sangat membantu,5,2024-01-25 10:14:32,4.81.2
Noey Nurhayati (Waroeng Bunda Noey),Transportasi yg mudah dan cepat saat di urgent,5,2024-01-25 01:07:56,4.81.2
Jms JRG,Sangat membantu Terima kasih,5,2024-01-25 02:54:38,4.81.2
Sambolado,Good apk,5,2024-01-25 03:13:04,4.81.2
Achmad Lukman As Ari,Mantab,5,2024-01-25 03:17:05,4.81.2
Anang Firmansya,Jos,5,2024-01-25 05:28:10,4.81.2
Mirah tapi Raos,Baguus,5,2024-01-25 05:04:26,4.81.2
polkadot channel,gopaylater saya gak bisa di gunakan tiba tibasedangkan limit tersediamakin gak jelas,2,2024-01-25 05:00:32,4.81.2
Erna Saban,good,5,2024-01-25 05:34:38,4.81.2
Farzan Fairuz,Bagus,5,2024-01-25 05:36:57,4.81.2
ical megow,Gosend layanan abal2 ksh promo plat 10 K tapi driver nolak berkali2lain kali gak usah bikin promo yg drivernya gak mau kerjasamamonyet ,1,2024-01-25 04:58:23,4.81.2
Sisy Ulandari,Gojek makin oke,5,2024-01-25 05:48:17,4.81.2
Hardiyanto,Limit gopay later sekarang makin kecil denda keterlambatan untuk 1 hari sebesar 50K limit gabisa dipakai untuk beli pulsadata  bagus yang sebelumnya Limit besar denda keterlambatan untuk 1 hari cuma 2K limit bisa dipakai untuk isi pulsadata,1,2024-01-25 05:54:52,4.81.2
wahyu sri rochmani,Baik dan cepat layanannya,4,2024-01-25 04:37:49,4.81.2
nawang anggun,Bagussss,4,2024-01-25 06:19:30,4.81.2
jesika merry christina zebua,Aplikasi gak bisa di buka,1,2024-01-25 04:13:27,4.81.2
Moh Sani,Gojek terbaik soalnya ,5,2024-01-25 07:54:47,4.81.2
Reli Syahputra,Bagusaman dan nyamanserta drivernya bagus Serasa diantar bpk sendiri,5,2024-01-25 04:10:27,4.81.2
Grace leen,Saya bingung sering pakai tpi mengecewakanpesen makanan sudh diambil 30 menit lalu dichat dan telp driver ga ada respon aplikasi error Saya dirugikan pesanan lama pdhal nambah uang buat segera smpaiperbaiki sistemnya jawabnya juga lama sekali bantuan bad,1,2024-01-25 07:02:30,4.81.2
yuni wulandari,Sllu puas pakai gojek,5,2024-01-25 07:16:43,4.81.2
Hendrik Sumampouw,Gojek semakin terdepancepataman  terjangkauTOP ,5,2024-01-25 07:19:33,4.81.2
Dirista Rikadika,Paylater terparah tiba2 gopaylater sy terblokir padahal bayar tepat waktu setelah melakukan pembayaran eh malah akun terblokir ada limit 3 jt gk bs kepake logika nya aneh,1,2024-01-25 07:23:49,4.81.2
Fristy Anita,Aplikasinya susah dibuka eror terus kecewa,1,2024-01-25 07:25:18,4.81.2
Gibran Muhammad,Mantap dah,5,2024-01-25 03:52:05,4.81.2
sefana arum syahrani 31,Bagus,4,2024-01-25 07:39:32,4.81.2
Rahmat Kristiono,Sangat membantu,5,2024-01-25 03:48:07,4.81.2
Limatul Arofah,Knpa gopaylater saya gk bisa di pake percuma ada limit nya,5,2024-01-25 03:41:25,4.81.2
Febrianti Anastasia,Membantu sekali dlm pengiriman usaha kecil kami yg berada di 2 lokasi yg lumayan cukup jauh antara rumah store 1  store 2,5,2024-01-25 10:22:21,4.81.2
Aku aku,baik santai dan halus ,5,2024-01-25 10:28:46,4.81.2
Danu Oon,saran buat gojek nih ya tolong dong di ada in seluruh Indonesia biar enak perjalanan nya,2,2024-01-25 17:36:05,4.81.2
Kei Cia,DUIT HILANG,1,2024-01-25 10:41:48,4.81.2
Indra MS,Sudah nyoba berkali kali gopaylatter  gopay pinjam selalu gagal trus knp sih gajelas,1,2024-01-25 13:37:48,4.81.2
Ellia C. Putri,Amanah,5,2024-01-24 23:24:51,4.81.2
Anwar Makmur,Kadang lama datang nya,4,2024-01-25 14:01:35,4.81.2
Fris Ka,Sngt baik se cuma sdikt hrus di perbaikim sja,4,2024-01-25 14:08:29,4.81.2
Ibun baqir,Yg penting drivernya ramah dan sabar aja sih udah oke,4,2024-01-24 22:51:51,4.81.2
MARIO YULI,3 menit golek sama Dengan 45 menit,2,2024-01-25 14:19:05,4.81.2
mael aja,Lebih cepat respon aplikasinya,5,2024-01-24 20:12:37,4.81.2
Suparno Parno,Aplikasi gojekny gak bisa di buka,5,2024-01-25 14:32:28,4.81.2
MRamadhanM,Wokeee,5,2024-01-25 14:40:01,4.81.2
Thomas Deky,Urusan perjalanan dan pengiriman jd mudahterima kasih gojek,5,2024-01-25 14:41:07,4.81.2
Ferdy Setiawan,Ok,5,2024-01-24 19:32:17,4.81.2
M Syaifudin,Sangat membantu masyarakat Indonesia,5,2024-01-24 19:09:15,4.81.2
Nugroho Yulianto,Top,5,2024-01-25 14:50:15,4.81.2
Benny Irawan,Call center dengan tarif mahal,1,2024-01-25 14:50:23,4.81.2
Desiana Intansari,Cukup puas,4,2024-01-25 15:24:48,4.81.2
Rizal Ariyanto,Tolong di perbaiki ya Banyak laporan customer kalau aplikasi dari gojekselalu mencari Dreverdan juga aplikasi sayasudah saya ondari gojek nya bilang anda tidak sedang onoff ,1,2024-01-25 15:27:06,4.81.2
Pudin Pudin,Sayang teman,5,2024-01-24 18:44:04,4.81.2
Argya Reswara,Tiap top up pake di tanya pake perangkat lain Isi nunggu kode otp yang ga masuk,1,2024-01-25 15:35:41,4.81.2
Lailatul Zulfah,Atw sx3xca ,2,2024-01-25 15:48:54,4.81.2
Windi Lestari,Mau membatalkan pesanan eh malah suruh chat sama CS bot udah berkali2 ngajuin pembatalan tapi ngga dihubung2kan dengan CS manusia akun resto fake dan clonning restonya mah ada tapi akun yg saya order itu clonningan dr orang tak bertanggung jawab gimana cara jelasinnya kalo yang saya hadapi CS bot Nggak ada dana buat bayar admin CS,1,2024-01-25 16:38:13,4.81.2
Devri Diovanni,Sangat memuaskan,5,2024-01-25 17:19:11,4.81.2
Handri Yanto,Aneh sama aplikasi gojek kalau setiap jam 3 pagi dpt driver jauh  jauh,1,2024-01-24 18:30:32,4.81.2
Aditya umar Mubaroq,Fitur top up selalu eror tolong dong di perbaiki,3,2024-01-25 17:25:21,4.81.2
riyash ok,Semakin lama semakin aneh Udah ga ada sama sekali promo di aplikasi ku udah coba nanya ke CS malah bot yg jawab,1,2024-01-25 13:27:33,4.81.2
Acep Somantri,Tiap chat driver atau restoran selalu ceklis satupadahal sinyal bagus,2,2024-01-25 13:24:51,4.81.2
apip muliawan,Best app ever sangat membantu disaat lapar,5,2024-01-25 13:20:33,4.81.2
Abdul Basyir,Saya lagi cari driver padahal di peta ada driver gocar dekat tp kok tetap ga dapetdapet driver seharusnya driver yang dekat dengan saya merespon,1,2024-01-25 11:25:16,4.81.2
SAMSINAR S,tidak bisa meng cancel pesanan padahal resto yang tutup kasian driver nya sudah ter ganti,1,2024-01-25 10:42:34,4.81.2
Sams BGR,Minim promo gofood nya kebanyakan bersyarat Kalah sama aplikasi si orange food,2,2024-01-25 10:43:49,4.81.2
Dyah Mulyadi,Pesen gofood prosedurnya rumit dan lamamengabari restoresto menyiapkan pesananproses nya ada 30 menit habis itu nyari drivertotal bisa 1 jam an meski jarak rsto cuma 100 m kalau kamu bilang ini demi peningkatan kualitas layanan itu bohong besarkenyataannya siap siap kehilangam costumer karena orang pesen gojek karena pengem praktis kalau prosedurnya rumit dan lama mending datang langsung ke warung paham nggaksiap siap ditinggal apk sebelah yg masih pakaincara lama tapi cepet,2,2024-01-25 10:44:24,4.81.2
a. kurnia,kan baru saya instal apl nyaa kok ada tulisan apl eror kakkk udah 3 kali ttp apl eror,1,2024-01-25 10:49:29,4.81.2
Anjasmara dk,Saya driver Gojek saya mengeluh orderan yg saya dapat sulit sekali dalam 1 minggu saya cuma dapat 1 order Bagaimana ini Sejak pembaruan dimana sistem saldo dijadikan 1 yaitu Gopay saja,5,2024-01-25 10:50:19,4.81.2
Lusiana Aisyah,Mantap driver ramah,5,2024-01-25 10:59:27,4.81.2
Nawa ardia,Sangat bagus,5,2024-01-25 11:05:22,4.81.2
Azura Nanda Lutfiah,Kenapa setelah nambah limitsekarang malah gomart ku ga bisa pake paylater yaaada yg tau kenapa solusinya donk kakak,3,2024-01-25 11:08:10,4.81.2
Artuk villar,sangat membantu,5,2024-01-25 11:08:12,4.81.2
De Al,Ok,5,2024-01-25 11:15:56,4.81.2
poho deui,Tiap kali transaksi selalu muncul oops ada sedikit gangguan mau komplain gaada livechat isinya panduan semua gaada solusi,1,2024-01-25 00:45:36,4.81.2
NABILAH ZAKIYYAH,Baguss bgt tapi apa harus pake otp hrsnya pin kode aja ,5,2024-01-25 13:07:37,4.81.2
Almaidah Sandria,Mantaap,5,2024-01-25 11:37:38,4.81.2
Yogia Sembiring,Sederhana dan Mudah dipahami,5,2024-01-25 00:35:13,4.81.2
Fitriasari Slamet,Sejauh ini sgt membantu,5,2024-01-25 12:04:59,4.81.2
Jainuri Nuri,Ok,5,2024-01-25 12:06:42,4.81.2
oni tahroni,Saya kasih 5 lagi,5,2024-01-25 12:11:06,4.81.2
Imanuel Aska,Kenapa saya mau ganti nomor selalu tidak bisa ,2,2024-01-25 12:16:30,4.81.2
Aji Pangestu Dwi Saputra,good,5,2024-01-25 12:23:03,4.81.2
Alexa Kevin,Sangat baik,5,2024-01-25 12:26:00,4.81.2
Waribo Manibury,Top,5,2024-01-25 12:43:26,4.81.2
Amri Sae,Bagus,5,2024-01-24 23:50:51,4.81.2
Santy Rahmi,THE BEST,5,2024-01-26 10:59:06,4.81.2
Vinn,Haduhhh Ini Aplikasi Bukannya Bikin Enak Malah Makin Susah Masalah Terdapat Pada PIN Baru Pertama Kali Coba Dibilang Terlalu Banyak Mencoba Padahal Baru Pertama Kali Coba Loh Haduhhhh,3,2024-01-24 10:43:04,4.81.2
Diah Anggraini Novitasari,mantab,5,2024-01-26 11:04:40,4.81.2
Tati Masnawati,Bagus sih cuman agak jauh2 nyari driver nya,3,2024-01-27 09:34:20,4.81.2
sabungan gultom,Bagustingkatkan lagi,4,2024-01-24 05:06:34,4.81.2
Jeremia Glen Fransiskus Samosir,Apk aneh driver songong Udah gitu kalo hujan lama bgt nyarinya,1,2024-01-27 06:45:40,4.81.2
Rian Rusyadi,driver 5000 nyebelin emank bukan pake akun ini ordernya tapi kan ngeselinminta tips koq maksa pengemis aja ga segitunya,1,2024-01-24 04:47:53,4.81.2
Aaron Jason,MENGAPA PUNYA SAYA GABISA PASANG PROMOGOJEK GAJELASMAU NYA BIAR HEMAT MALAH RUGI,1,2024-01-24 04:44:31,4.81.2
Rangga SK,Mantab,5,2024-01-27 06:50:48,4.81.2
Muhammad Furqon,Oke masih bisa dijadikan pilihan,5,2024-01-24 04:31:49,4.81.2
Blibli Incubator,APLIKASI RUSAK,1,2024-01-27 06:52:32,4.81.2
u'Wuu,APA APANN SAYA IKUT DAN BAYAR PAKAI UANG BUAT DAPATKAN GRATIS ONGKIR MALAH DI GETOK 15RB  KOCAKK SUDAH BAYAR DI SURUH BAYAR LAGI DASAR TIDAK BERGUNA BALIKIN UANG GOFOODPLUS SAYAA,1,2024-01-27 06:53:47,4.81.2
Adi Ndezzo,Sangat bagus,5,2024-01-24 04:30:05,4.81.2
Jean Riko Kurniawan Putra,Udah diajukan banding tetap ditolak Ini nomor gak pernah penyalahgunaan aplikasi malah dituduh Fixed kalian memang gak berguna,1,2024-01-27 07:06:19,4.81.2
ff.chocoby_30,Alhamdulilah semenjak pake apk gojek gada kendala di apk maupun ojol nyakarena lamcar semua dan thebest bgt sii semoga makin sukses apk gojekAamiin ojol nya ramah bgt stiap mesen ga kea di apk sebelah,5,2024-01-27 07:17:56,4.81.2
Nur Hayani,Tepat waktu,5,2024-01-27 07:18:38,4.81.2
Ngkongs Soedakhtjoekoep,Suka,5,2024-01-24 04:03:49,4.81.2
MULYADI,Sudah ada fitur gopay later  gopay pinjam nya Aplikasi gojek Keren ada kemajuan Fiturfiturnya benarbenar bermanfaat ,5,2024-01-27 07:44:25,4.81.2
Sekar Alamanda,Oke,5,2024-01-27 07:44:37,4.81.2
dims wick,Gosendnya busukkk,2,2024-01-27 08:03:04,4.81.2
MUHAMAD ANANDA,Masalah teroecahkan,5,2024-01-27 08:06:35,4.81.2
Didi Dewantara,Mana promonya niy saya pelanggan go ride,1,2024-01-27 08:14:27,4.81.2
Amel Lia,Tiba2 gopay later gua di blokir pdhl gk prnh tlt byr mnding uninstall aja,1,2024-01-27 08:24:27,4.81.2
Adi Pky,Topjods,5,2024-01-27 08:26:36,4.81.2
sandrina biyanka,Ga jelas main blokir sepihak,1,2024-01-24 03:45:48,4.81.2
Mr Blue Dendy,puas,5,2024-01-27 09:25:15,4.81.2
Sartono SPL,Sejak GoPay aplikasi tersendiri disitulah terasa sulit jangan ganti manajemenpimpinan ganti pula kebijakan seperti kementerian pendidikan bae kebijakan gonta ganti,1,2024-01-24 05:07:32,4.81.2
dian purnama,exellent,5,2024-01-27 06:32:08,4.81.2
"Nurlaili, S.Pd.I",Kenapa setelah update saya tidak bisa mengkoneksikan my Telkomsel ke gojek untuk isi pulsa padahal sebelum update aplikasi selalu lancar sekali Ini setiap terhubung ditulis sinyal internet saya offline padahal online dan sinyal sangat kuat Setelah coba berkali kali malah semakin tidak bisa Tolong diperhatikan lagi Kalau begini percuma saya isi saldo gopay Karena saya hanya memakai untuk pembayaran saja untuk transportasi tidak terlalu saya butuhkan disini karena daerah kami belum ada gojek,1,2024-01-27 06:28:49,4.81.2
Anamukmin Amir,Mantap,5,2024-01-27 05:27:02,4.81.2
balbod agustiati,Draovernya ramah,5,2024-01-27 04:32:36,4.81.2
Pengguna Google,saya baru saja memasukkan promo GORIDEAJA dan disitu tertulis kalau voucher saya dapat digunakan dan ketika sy membuka halaman voucher tidak ada voucher goride yg muncul,1,2024-01-27 04:38:29,4.81.2
dekik 36,sangat membantu,5,2024-01-27 04:45:46,4.81.2
danial kurniawan,Susah mau upgrade ke gopay plus nya,3,2024-01-27 04:46:28,4.81.2
Abi Manggis,Memuaskan,4,2024-01-27 04:53:52,4.81.2
Caecilia Fany,Mantap,5,2024-01-27 05:02:02,4.81.2
Irfan Rahadian,Ok,5,2024-01-24 06:26:11,4.81.2
Putri Tatalia,Memnudahkan dlm berkendara,5,2024-01-24 06:21:46,4.81.2
Irgi Farisi 04,Lama dapet driver lol,1,2024-01-27 05:09:41,4.81.2
Hanan A S,Matap,5,2024-01-27 05:15:47,4.81.2
Widya Sofyanti,Terimakasih layanannya cepat n murah,5,2024-01-27 05:28:33,4.81.2
Agus Setiawan,Mantap,5,2024-01-27 06:18:14,4.81.2
Dedy Wahyudin,Good,5,2024-01-27 05:32:28,4.81.2
Aditama Channel,njumumnngumumin iuu,3,2024-01-24 06:16:06,4.81.2
The One,The best,5,2024-01-24 06:13:38,4.81.2
Murtasia Sia,Hu 6y,5,2024-01-27 05:48:12,4.81.2
Mai 555,Buruk susah sinyal selalu,1,2024-01-24 05:53:55,4.81.2
Yogi Punya,semakin buruk lama lama kenapa di berikan driver jauh tidak yang terdekat,1,2024-01-27 06:01:58,4.81.2
rudi Otreh,mantap cepat,5,2024-01-27 06:08:00,4.81.2
sinar bulan,Makin jelekdi update mlh gak bisa di buka,1,2024-01-27 06:11:27,4.81.2
victor pratama,Gampang dan mudah di gunakan,5,2024-01-27 06:13:28,4.81.2
uptppd kasongan,sangat membantu transportasi,5,2024-01-27 06:14:06,4.81.2
Adil Ditor,Pada tanggal 23 kemarin saya mebatalkan pesanan ojek tapi saldo saya tidak kembali,1,2024-01-24 03:31:19,4.81.2
Sitti Kiki Fatmawati,Mohon lebih di optimalkan susah buka aplikasinya,3,2024-01-24 03:21:37,4.81.2
Sanisa Nisa,Good,5,2024-01-26 11:12:54,4.81.2
Agus abu fathimah,Mantab,5,2024-01-27 09:57:39,4.81.2
Awinyam Hulu,sangat membantu sekali,5,2024-01-27 12:53:07,4.81.2
Egi S. Pratomo,Buka gojek app lazy load terusss berasa ga terkoneksi internet di waktu yg sama pake grab aman Aja Udah pake gojek versi terbaru,1,2024-01-27 12:56:31,4.81.2
Mila Nurmalasari,banyak promo nya memudahkan jajan bagi kaum rebahan,5,2024-01-27 13:15:01,4.81.2
Wati,Aplikasi nya sejauh ini nyaman cuma saya sarankan buka cabang di beberapa kota Indonesia bagian timur juga seperti Flores pasti langsung melejit pengguna yang mendownload aplikasi ini,4,2024-01-24 00:48:40,4.81.2
Agus maryono,Mudah murah cepat  selamat ,5,2024-01-24 00:47:53,4.81.2
Angga Soni,maksih gojek,5,2024-01-27 13:34:04,4.81.2
Anak Pulau,Ok,4,2024-01-24 00:47:44,4.81.2
neisya olivian,kenapa stlh update jd susah untuk menyesuaikan titik jemput,2,2024-01-27 14:00:18,4.81.2
Oppo A71,Bagus,5,2024-01-27 14:01:18,4.81.2
Bunda HilmaDheera,saya sangat terganggu dengan iklan yg timbul dari aplikasi GOJEK di hape bahkan saat saya sedang menulis pesan atau sedang menelpon tibatiba iklan muncul sehingga pekerjaan saya jadi terkendala Padahal sebelumnya saya sangat terbantu dengan gojek baik untuk go ride go food atau go Mart,2,2024-01-27 14:11:42,4.81.2
Mega Sir,Saya gak bisa mengakses gopay tabungan padahal sudah daftar tahu2 layar putih gak nunjukin apa2,1,2024-01-27 14:15:45,4.81.2
Muhammad Mustofa,Setiap pesan goride atau gofood selalu aja titik lokasi saya sulit ditemukan oleh driver pdahal klau pesan memakai lokasi yg tertera dg titik kordinat,1,2024-01-27 14:17:24,4.81.2
Tatang joe property,Gojek mantap,4,2024-01-27 14:20:59,4.81.2
M.M Budiningsih,Keren,5,2024-01-27 14:21:20,4.81.2
Muzammil,Kirim saldo gopay terkirim 2x gara di aplikasi ada notifikasi yah internet kamu mati setelah klik ulangicoba lagi ternyata saldo sukses terkirim 2x padahal internet saya baik saja di aplikasi dana dan aplikasi lain gak ada notifikasi kaya gitu setelah di komplain katanya kesalahan saya dan saldo tidak bisa kembali tapi saya ga mau klau itu dibilang kesalahan saya anehnya lg klo memang internet saya mati kenapa saldo terkirim  berarti kesalahan aplikasi dong bukan salah saya ,1,2024-01-24 00:44:12,4.81.2
Herru Juliadi,Pakai Gojek urusan jadi mudah,5,2024-01-27 14:30:52,4.81.2
Euis Mardianah,Ok,5,2024-01-27 14:40:29,4.81.2
Indah Aja,Pelayanan bagus,2,2024-01-27 14:41:46,4.81.2
Aldiyan Maulana,Mantap,5,2024-01-27 14:44:40,4.81.2
Novitas,Mehong,3,2024-01-27 14:44:47,4.81.2
Beng Oki,Pengemudinya lelet sering cancel se enak jidat dari pihak pengemudinya sendiri kalau sudah nunggu lama Nyesel pakai gojek Kerja sering telat gara2 nunggu pengemudi ampe lama banget ,1,2024-01-27 14:51:12,4.81.2
Indra Wirawan,Kasi saya diskon makanan 50 Kan saya d suruh milih vocer Aku tunggu kbr baiknya Semua resto rata Ok2,1,2024-01-27 15:01:57,4.81.2
afdal Yusran,Mantul,5,2024-01-27 15:02:05,4.81.2
32_Shafira cinta.L,Pelayanan makin lama makin buruk Semakin d update semakin buruk yg bener aja Rugi Padahal dulu bagus skrg gini Speechless asli G lagi make,1,2024-01-27 12:49:38,4.81.2
Lasmaria Deborah,Mantap,5,2024-01-24 01:13:52,4.81.2
Binti Asropin,bagus,5,2024-01-27 12:44:15,4.81.2
09 bejo jaya,Kecewa pesan Gocar mulai 04 47 sekarang TIDAK ADA Jawaban ,2,2024-01-24 01:41:39,4.81.2
Muhamad Maulana,Mantap,5,2024-01-27 10:01:09,4.81.2
andini damayanti,Sangat membantu disaat mager nyetir beli makan atau bepergian,5,2024-01-27 10:13:50,4.81.2
yeslia liviajen,Pelanggan YthTagihan GoPay Later 252552 dari MAB sdh jatuh tempoBiaya denda 50rb akan dibebankan besok jika tdk ada pembayaranAbaikan bila sdh bayar Makin kesini saya kurang sreek sama pelayanan nya Sudah seperti depcolector aja kata2 nya Emang saya pernah Bayar Telat Dan orang Gajian Tanggal 1  3 dikira Gajian Indot gajian tgl 28 besok2 aku selesai kan gopaylater lah Dan gak mau pake lagi  Dan tolong limit nya kalau gak diminta gak usah dinaikin ,3,2024-01-27 10:36:43,4.81.2
P K,Aneh banget fitur pilih foto dari galeri yg simbol  kadang muncul kadang enggak kalau lagi chat driver gofood Padahal itu fitur penting Aplikasi juga udah diupdate ke yg terbaru Ini yg salah siapa,2,2024-01-27 10:40:30,4.81.2
Anggi Prayitno,Oke,1,2024-01-27 10:48:48,4.81.2
Hilda Nurafriani,Bagus,5,2024-01-24 02:58:46,4.81.2
Dhaniia Putri,Bagusss,5,2024-01-27 10:57:17,4.81.2
Rosdiana 2024,Sangat membantu saya saat ada keperluan berpergianterimakasihgojek,5,2024-01-27 11:01:49,4.81.2
Kuntoro Abdillah,Pedaeh urung di update dadi kayong jail meng drivere lokasine ngawur padahal wes karo gps urip jan,4,2024-01-24 02:20:56,4.81.2
Sumiati Sumiati,Baik,5,2024-01-27 11:13:26,4.81.2
Muhammad Yamin,Banjir vc diskon,5,2024-01-27 11:37:59,4.81.2
bow's,makannya enak enakharga murahbakal jadi langganan sih ini,5,2024-01-27 12:35:08,4.81.2
Ayam Goyeng,Baikkkkkkk mantap joss,5,2024-01-24 01:34:57,4.81.2
Lili Lili,Apa aja semakin mudah dgn aplikasi ini,5,2024-01-27 11:43:51,4.81.2
Dani Rizky,Memberikan tarif harga yang terjangkau,5,2024-01-29 12:30:49,4.81.2
ghufran budiman,Mantap,5,2024-01-27 12:04:46,4.81.2
Hendi Purnomo,ak update malah gak bisa di buka kenapa,5,2024-01-27 12:16:15,4.81.2
Danny Satriyo,Nice,5,2024-02-02 09:03:16,4.81.2
Ciky,Jelek,1,2024-01-27 12:21:21,4.81.2
Mesakh R. Bailaen,Mantap deh,5,2024-01-24 01:18:55,4.81.2
Arief Poerwanto,Sangat membantu,5,2024-01-27 12:32:23,4.81.2
Agus Kusmawan,Tagihan nov tererlambat udah dibayar berikut denda di bulan sesember tagihan bulan Desember dibayar Udah ada pemberitahuan pembayaran yg japo ditgl 1 feb tapi gopayleter masih diblokir Systemnya MAB buat saya bingung ga kayak si oyen wl bayar telat tapi ga lama udah dibuka lagi blokir payleternya Nah digopayleter nangih mah nagih yg masih belom japo tapi payleter nya masih aj keblokir,1,2024-01-27 04:30:38,4.81.2
Fauzan Faris Hazjiry,Selalu tepat waktu dan ada promo nya byk sekali,5,2024-01-27 04:29:13,4.81.2
Adrista Naifa,Aneh bgt gopaylater diblokir tapi limit nambah  uda aktif pengguna lama tba2 blokir aja tanpa keterangan aneh,2,2024-01-27 04:17:09,4.81.2
Danan Ekatama K,Ok,5,2024-01-27 04:15:15,4.81.2
Anni Asroriyah,Kenapa gopaylatter sy tdk bisa digunakan padahal pembayaran sy sudah jelas lancar tdk pernah telat sedikitpun Kecewa sekali sy,1,2024-01-26 13:34:57,4.81.2
M Mamad,Bintang yg bicaralaah,5,2024-01-24 09:59:13,4.81.2
Eka Rahmadani,Diversi terbaru ini gimana caranya kembalikan akun saya seperti yang lama soalnya saya ada tagihan digojek,1,2024-01-26 13:45:54,4.81.2
Haditya Nuralam,Saldo hilang,1,2024-01-26 13:54:07,4.81.2
Fahmi Faisal,Lancar Jaya,5,2024-01-26 13:57:10,4.81.2
Yulya Fathankenzie,Amanah,5,2024-01-26 14:05:55,4.81.2
Siajuar chanel,Sampah disuruh updete Begitu di update malah gak bisa dibuka Gak berguna sampah hijau ini,1,2024-01-26 14:15:20,4.81.2
Nurfitriana Bin Roesdi,Muncul iklan terus,1,2024-01-26 14:31:31,4.81.2
Alika fairus,Oke pelayanannya,5,2024-01-26 14:39:27,4.81.2
ILham Maulana,Gopaylatter nya gak bisa di pake padahal g pernah telat bayar sama sekali Kok setelah migrasi antar PT atau penyedia layanannya Malah jadi ke blokir Payah,1,2024-01-26 14:53:40,4.81.2
Yunita Qodariah,Aplikasi yang sangata bantu,5,2024-01-24 09:46:06,4.81.2
Rohmad Adi Saputra,Algoritma suka eror ada jalan lebih Deket malah di kasih jalan muter jadi lebih mahal ongkir nya mending pindah grab,2,2024-01-24 09:41:15,4.81.2
Saidah Ayu,Ok,5,2024-01-24 09:40:55,4.81.2
Kelly Lim,Halo developer tolong segera di perbaiki appnya ceritanya tuh saya udh ketik kode promo buat dpt promo Gocargojek nih tpi malah setelah diklik dan dinyatakan berhasil kok malah hilang ya promo ku padahal belum di pakai,2,2024-01-26 15:01:33,4.81.2
Mama Rika,Goodjob,5,2024-01-26 15:43:14,4.81.2
Roy Senox,baik,5,2024-01-26 15:45:12,4.81.2
Hafid Ashari,Tarif bersaing dengan aplikasi serupa,4,2024-01-24 09:34:10,4.81.2
Reno Winata,Penyelesaian masalah tidak tanggap,1,2024-01-26 15:51:43,4.81.2
Septian Pratama,Gopaylater ku tiba2 di blokir  padahal ngga pernah bermasalah dlm pembayaran,1,2024-01-24 09:22:29,4.81.2
Takin Takin,semakin kesini tidak semakin baiktapi semakin burukbahkan menyusahkan,1,2024-01-26 15:55:35,4.81.2
Firman Uciha,semenjak update tolol ga jelas bikin ribet mau kemana di arahin kemana makin jauh lagi,1,2024-01-26 16:01:15,4.81.2
Dian Febrianti,Ini kenapa setelah di update malah ga bisa di apa2in deh Menyedihkaaan,2,2024-01-24 08:40:15,4.81.2
Sis Woyo,Joss,5,2024-01-26 16:16:23,4.81.2
SUZANA TRIPLE,Tiba tiba GoPay Latter saya diblokir tanpa pemberitahuan penyebabnya apa padahal bayar tidak pernah telat,1,2024-01-26 13:26:27,4.81.2
Ratna Tendry,Aplkasi sejuta,5,2024-01-24 10:01:26,4.81.2
ilda emilina,Mantap,5,2024-01-26 13:16:31,4.81.2
Wardoyo Wardoyo,Oke mantap,5,2024-01-24 10:31:13,4.81.2
Amirul Ikhsan,Dulu aplikasinya bagus tidak ada bug tapi makin di update makin banyak bug bertebaran kadang suka force close yg paling sering internet mati,1,2024-01-26 11:25:28,4.81.2
Sri Wahyuni,Mantap sangat membantu sekali,5,2024-01-24 10:33:49,4.81.2
alvaro wibowo,tolong siapin mobil gosend berkapasitas 100kg yg bener jangan muatan 100kg tp yg dateng mobil calya,3,2024-01-26 11:33:32,4.81.2
AGUS TIANTO,GAK GAK LAGI W PAKE NI APK NYUSAHIN DRIVER PILIH KASIH KNTL,1,2024-01-26 11:33:47,4.81.2
meilina tri wulandari,Kalau dapat promo nya seneng  wkwkwk,5,2024-01-26 11:37:24,4.81.2
Debby Meidy,Sangat membantu,5,2024-01-26 11:38:19,4.81.2
sugeng hariyono,Sangat bermanfaat,5,2024-01-26 11:41:34,4.81.2
sugeng santoso,Drivernya malasgk mau antar penumpang,1,2024-01-26 11:43:44,4.81.2
Febry Sutriswanto R,Sangat kecewa sebab tujuan dekat saja driver yg dekat tdk ada yg mau ambil dan ada juga driver posisi jauh sekali,1,2024-01-26 11:45:59,4.81.2
Danendra Wibowo,Bagus,5,2024-01-24 10:33:11,4.81.2
Pengguna Google,Sy susah buka aplikasi Gojek ya,5,2024-01-26 12:02:58,4.81.2
Yunita Aa,Sangat membantu saya yg memakai niqob dlm urusan belanja apapun,5,2024-01-26 13:16:23,4.81.2
sangrilla,oke,5,2024-01-26 12:14:27,4.81.2
lkp. han guko,Senangnya halanhalan,5,2024-01-26 12:16:49,4.81.2
Ria Meirina,Good job,5,2024-01-26 12:23:18,4.81.2
Justianka Haris,Berguna buat hidup saya,5,2024-01-26 12:27:31,4.81.2
Eca Saja,Ok,5,2024-01-26 12:33:39,4.81.2
Ayu Solechah,Selalu sebel sama driver di go shop selalu pilih pilih oderan Bahkan banyak alesan bukan sekali dua kali tapi sering kaya gini Terus pelayan mereka lama Pada hal saya pakai go shop untuk keadaan darurat seperti beli obat,3,2024-01-26 12:39:47,4.81.2
Achmad Firmansyah,Harganya kok naik ya,1,2024-01-24 10:14:40,4.81.2
cinduth keiko,Pesen go food Driver dapat dobel order Saya yg terahir makin lamaa drivernya banyak kannn,1,2024-01-26 12:51:14,4.81.2
Gilang Ramadhan,Jelek,1,2024-01-26 13:04:24,4.81.2
Adan Dimension,Thats cool,5,2024-01-26 13:05:02,4.81.2
Noprianto N,mantap,5,2024-01-26 16:45:49,4.81.2
Hatta Putra,Pesanan sangat lama sampai sejak ada mode hemat dan driver nya banyak sekali minta tip tambahan karena mereka di bayar 5000 Saya sangat tidak nyaman karena ulah driver anda tiap kali memaksa minta tip tambahan Lebih baik saya pindah ke aplikasi lain Dan semoga costumer kalian pada kabur,1,2024-01-26 16:53:07,4.81.2
Kukuh Santosa,Asik,5,2024-01-26 17:50:15,4.81.2
Bagus Putra,Gerrrr,5,2024-01-27 02:39:59,4.81.2
Giyalut Lagot,drivernya ramah,5,2024-01-27 01:33:45,4.81.2
Andri Hansa,Ok,4,2024-01-27 01:44:15,4.81.2
Bayu Kurniawan,TOLONG NOMER CUSTOMER JANGAN DIPRIVASIKASIAN KLO BRNG HRS DIKEMBALIKAN KLO ALAMAT G JLS TOKOPEDIA,1,2024-01-27 01:54:35,4.81.2
Rakha Hardian,Kemana mana jadi mudah,5,2024-01-27 01:54:49,4.81.2
John Arief,Okehh,5,2024-01-27 01:57:02,4.81.2
Ajie GTM,kenapa skrg suka lamaaa banget dapetin driver nya cuss tu app satunya lah,1,2024-01-27 02:01:18,4.81.2
Imam,Ok banget,5,2024-01-27 02:09:40,4.81.2
rhyann reyan,sekarang saya kasi 2 bintang karena kendala di gopaylater yg sudah bberapa bulan pun belum terselesaikan alasannya sama smua gopaylater tiba d blokir tnpa saya tahu pnyebab pastinya saya pengguna gopaylater yang aktif dan pemakaian selalu wajar dan sangat mengecewakan saat ini tiba gopaylater di blokir,2,2024-01-27 02:16:27,4.81.2
Sahrul Imam,Memuaskan,5,2024-01-27 02:29:56,4.81.2
Mizi Zal,Datang tepat waktu,5,2024-01-24 06:46:18,4.81.2
One Radit915,Bikin susah deiver ngisi saldo,1,2024-01-27 02:41:11,4.81.2
soni atmojo,Kenapa susah update Sdh diuninstall mau download lagi muter muter doang prosesnya Padahal RAM msh bnyk,1,2024-01-24 07:18:20,4.81.2
Purwadi Iwad,Sangat membantu dalam hal transportasi dan pengiriman paket,5,2024-01-27 02:43:31,4.81.2
Leo Dolok,Siiiiip,5,2024-01-27 03:01:47,4.81.2
soyo,Bagus,5,2024-01-27 03:11:40,4.81.2
Indah Sari,tapi alamat musholla Miftahul Jannah papanggo titiknya salah,5,2024-01-27 03:18:45,4.81.2
Rahmat Ghomat,Rugi banyak gajadi anter tp kepotong gede,1,2024-01-27 03:27:54,4.81.2
Putri Nurisma21_,GOPAYLATER TIBA TIBA DI BLOKIR  APK GAK JELAS ,1,2024-01-27 03:43:40,4.81.2
RNA NA,Maaf knpa sekarang klo pilih titik lokasi slalu geser yah Padahal udh dipas2in sma ttiknya tpi stiap pengiriman tau beda titik sering banget dimrahin sma ojolnya pdhal udh dikasih kterangan jugacatatan patokan alamat kan bingung ya pdhal udh brusaha ssuai ttik tpi sllu sprti itu gmna ini,4,2024-01-27 03:52:22,4.81.2
Dini Brown,Saya kecewa dr pertama gojek adasy slalu pake aplikasi ini dan sampai sy dapet paylater besartiba2 terblokir tanpa alasan pdhl pembayaran sy baik Sy tlp CS mereka blg tdk terblokir pdhl di aplikasi tdk bisa Sdh sy tunggu 30 hr dan skrg hrs tunggu lg 30 hr Tp cicilan ttp hrs di bayar Kalo kalian minta kewajiban syya kembali kan hak saya juga Jgn spt ini Setelah gojek berganti ke MAB sy merasa makin ga beres Tolong kembalikan gopaylater saya,1,2024-01-27 03:55:21,4.81.2
cahyo nugroho,Ok,5,2024-01-24 06:31:17,4.81.2
Black Sweet,Good,5,2024-01-24 07:11:35,4.81.2
Rahmadi A,Bug pada jaringan saat mengirim,2,2024-01-27 00:29:57,4.81.2
Muhamad fani Maulana,Mau login aja susah benerpas mau masukin email keterangan sudah terdaftar terustapi mau masuk aja gabisaharusnya kalau memang sudah ada email yg terdaftar dipermudah untuk loginini udh gonta ganti email keterangan masih sama email sudah terdaftar,1,2024-01-26 17:59:04,4.81.2
JAMES 2,Gua daruraatt woy susah banget nyari mobil,1,2024-01-26 22:12:56,4.81.2
Marlin Rita,Bagus tapi malas karena harus update terus,4,2024-01-24 08:29:32,4.81.2
andri handriansyah,memudahkan semua,5,2024-01-26 18:51:52,4.81.2
Sudarno Darno,Oke,5,2024-01-26 18:58:53,4.81.2
TIO SILITONGA,sopan dan sabar,4,2024-01-24 08:14:50,4.81.2
MUHAMMAD RAMADHAN,semoga di denger tolong dong kalo bisa customer chat duluan ke resto gak mesti resto yg chat duluan ke customer kalo ada apa2 bingung mau ngubungin resto,2,2024-01-26 19:39:20,4.81.2
Tri Widyan,Situ yang bikin pembayaran gagal situ juga yang ngeblokir akun sepihak Bego banget,1,2024-01-26 19:52:07,4.81.2
Bantal kusam,Saya kasih bintang 1 aja dulu tar kalo bagus nanti kalo bagus tar saya tambahin,1,2024-01-26 19:53:15,4.81.2
Kang Wahid,gojek lebih baik hapus fitur gofood express percuma nambah ongkir tapi pesanan telat terus cuma ngerugiin customer di aplikasi tertulis tepat waktu 35 menit tapi pesanan slalu telat sampainya ini bukan soal rugi beberapa rupiah tapi soal konsisten hasil nya harus sesuai jadi customer ga kecewa,1,2024-01-26 20:21:00,4.81.2
Mamet Slast,Gojek indonesia gojek jkte6286,5,2024-01-26 21:04:28,4.81.2
Reza 27,Mntab,5,2024-01-24 07:51:30,4.81.2
andhika mrachman,Nice one,5,2024-01-24 07:36:08,4.81.2
Bundanya Axelle,Good job,5,2024-01-27 00:12:08,4.81.2
Noor Wachidah,Sangat membantu,5,2024-01-26 22:22:59,4.81.2
Ani Hanie,kadang suka pusing ya sama driver gojek di daerah kampungku majalaya kalo pesan tuh suka pada gk mau anter bnyk alesan si driver nyakadang suka minta uang lebih dari harga yg tertera ,2,2024-01-26 22:30:02,4.81.2
Keyla Fauzi,Bagus,4,2024-01-26 23:06:23,4.81.2
Yunita Saptasari,Ya saya senang aplikasi ini Ketika saya lapar saya langsung pencet2 aja dan selalu ada diskon,5,2024-01-26 23:07:25,4.81.2
Abu Minarohman,lokasi tidak terdeteksi,5,2024-01-26 23:14:44,4.81.2
Dandi ajisaputra,Nice,5,2024-01-26 23:20:22,4.81.2
aditya pratama,Aplikasi yg sangat bagus  dan membantu  trus kembangkan joss ,5,2024-01-26 23:34:33,4.81.2
nur lela,Udh lama dpt driver ny jauh apk tolol,1,2024-01-26 23:53:05,4.81.2
BOSTONE Asli Makasar,Ok,5,2024-01-27 00:05:19,4.81.2
Kuma Bear,Mau mesen Gocar aja lama kali dapatnya Ntah apa ,1,2024-01-27 00:09:08,4.81.2
Zakii Jackie,Semakin hari bukan semakin berkembang malah menyusahkan customer TELAT BAYAR GOPAYLATER SUDAH DI DENDA BESAR GK MASUK AKAL DI BLOKIR PULA MENDING GK USH DI BAYARLAH gayagaya update dgn pt MAB MAB apaan lah itu ANAK BANGSA DARI HONGKONGGGG,1,2024-01-29 12:26:33,4.81.2
Krisna Budiarta,MHKamen set SelMHKamen set Selendang lebih murah  guys Jgn M DDRu UN Rp 300ii000endang lebih murah  guys Jgn Mu UN Rp 300ii000mi,2,2024-01-25 05:16:55,4.81.2
Arya Pk,UwU,5,2024-01-31 08:02:47,4.81.2
Heny Heny,Rute perjalanan lebih cpt,5,2024-01-31 03:53:18,4.81.2
Hamdani Nayban,sangat membantu,5,2024-01-31 03:31:36,4.81.2
Jaydul 1998,Saya tadi dianterin Abang gojek baik banget,5,2024-01-31 03:36:06,4.81.2
Karwati Aprilianti,Bagusdan membantu saya juga banyak promo saat baru baru mendaftar,4,2024-02-01 12:26:35,4.81.2
Fenny Febriany,Tibatiba semua promo go food aku ilang semua,2,2024-02-01 12:18:22,4.81.2
Anggit Saputra,Apk nga jelas,1,2024-01-31 03:39:20,4.81.2
Hendy Setiawan,Kadang pemahaman pemotongan ato diskon masih kurang jelasmungkin lbh spek lg terima kasih,4,2024-01-31 03:45:35,4.81.2
Ircham Muhammad,Utk order gojek trs kalau mau bayar cash hrs masuk ke cash nya agak sulit mohon utk dipermudah dlm pilihan itu ya,5,2024-01-31 03:46:58,4.81.2
Ervan Rhdiand,Good itu bagus,5,2024-01-31 03:50:02,4.81.2
Novita Sari,semenjak update topup jadi lemot ga langsung masuk pending terus bahkan sempet dibatalin dan di refund tapi saldo ga masuk alias saldo dah kepotong tapi uang ga balik,1,2024-01-31 04:02:31,4.81.2
Nasrullah Yusuf,drivernya sepi 50 menit nunggu tapi ga dapet driver padahal ga hujan,1,2024-01-31 01:31:06,4.81.2
ynwa gaming,0 1,1,2024-01-31 04:08:30,4.81.2
Puji Ragil,Senag bersama gojek,3,2024-01-31 04:10:27,4.81.2
Muammar Ramadhan,Driver nya ramah,5,2024-02-01 12:11:30,4.81.2
Anton Siregar . SH,Awal gopaylater naik limit cicilan sekarang naik limit boro2 cicilan bayar langsung iya Telat dulu biasa sehari 2rb skrng 50rb perhari Pinjol dah nyebar kemana2 terakhir sudah pakai gopaylater lagi trims,1,2024-01-31 04:12:23,4.81.2
Hanif Nurani,Mantap pokonya,5,2024-02-01 12:09:43,4.81.2
Mas Ageng Prasetyo,Kenapa gojek berlaku diskriminasi kepada Saya sebagai driver Sehari cuma dikasih 1 order selama bertahuntahun sampai todak ada perubahan apapun Sistem gojek sekarang lebih memprioritaskan akun driver 24 jam nonstop dengan joki kemanan para customer berkurang ini real di lapangan,1,2024-02-01 11:58:56,4.81.2
Yuli Susanti,gofood aku kok tbtb gaada fitur promo nya,3,2024-01-31 04:30:10,4.81.2
Sindi Rahel Panjaitan,Sangat membantu,5,2024-01-31 04:31:02,4.81.2
Rendi High,makin di update malah makin busukada fitur paylater dan pinjam make aja blm pernah malah di blokir bahkan tnpa ada notif k pengguna saran saya mending hapus aja apk nya kalo cuma bikin kecewa penggunafitur live chat aja ga punya bukan bagus malah kaya ampas ,1,2024-01-31 03:26:44,4.81.2
Janette Tuera,Haloo mau nanya untuk fitur GoMed yg untuk beli obat ke apotik udah nggak ada lagi yah,5,2024-01-31 03:26:15,4.81.2
Romadona A,Good ,5,2024-01-31 03:24:18,4.81.2
Luh Tithi,SANGAT BAGUS DAN MEMBANTU,5,2024-01-31 03:12:14,4.81.2
Dwie Hendry F,Good,5,2024-01-31 01:38:43,4.81.2
Hari Budhi Arto,Kenapa gojek sekarang sering keluargk bisa di buka yaaa ,1,2024-01-22 12:46:33,4.81.2
Mutiara Meisya,aku udah lama pakai aplikasi ini tapi baru rate sekarang pengalaman aku pakai apk ini sih bagus ga lemot banyak diskonnya juga disini,5,2024-01-31 01:41:50,4.81.2
uwo nurul Izzati,Aplikasi Anak Bangsa Semoga sejahtera semuanya,5,2024-01-31 01:45:55,4.81.2
silfani fauzi,Kok saya mau tf ke bank Tp ga bisa yapdhl udh di upgradetolong dong jngn di persulit Saya mau bayar cicilan,5,2024-01-31 01:48:22,4.81.2
Tati Haryati,Sangat membantu,5,2024-01-31 02:02:26,4.81.2
Fito Akhmad Erlangga,Mantappppp membantu always,5,2024-01-31 02:07:48,4.81.2
Santi Suhardini,Alhamdulillah sdh membantu,5,2024-01-31 02:25:39,4.81.2
Muhammad Daffa A Class X,Bagus,5,2024-01-31 02:28:00,4.81.2
Rudiana,Tranportasi yg sangat membantu apalagi ada layanan gopay later nya,5,2024-02-01 12:35:41,4.81.2
Ari Motorsport,Okbanget,5,2024-01-31 02:42:27,4.81.2
rusdi hakim,Ok,5,2024-01-31 02:55:07,4.81.2
Aditya Nugraha,aplikasi sampah,1,2024-01-31 02:57:32,4.81.2
MIGAN,Sangat baik dan mendukung,5,2024-02-01 12:27:28,4.81.2
Nur Aini,Aplikasi bagus bgt,5,2024-01-31 03:03:08,4.81.2
YEFRI ROZA,lebih gampang dan pas mencari titik tujuan,5,2024-01-31 03:03:54,4.81.2
Fauzan hilal Najmi,Saldo saya tiba tiba terpotong memang tidak besarTPI untuk posisi saat ini memang cari uang lagi susah apalagi saya seorang driver gojek yg penghasilan nya kecil hanya untuk mencukupi makan saja belum keperluan keluarga kecil saya yg lain nyasaya sudah laporan TPI d sayangkan tidak memecahkan masalah dan respon nya tidak memuaskan,1,2024-01-31 03:09:13,4.81.2
Alpuketijo,Mantappp,5,2024-01-31 04:35:18,4.81.2
Agung Braga,Pelayanan bagustepat waktu,5,2024-02-01 11:58:03,4.81.2
Sumedang Tandang,Untuk handphone esia hidayah tidak bisa ter install aplikasi nya,5,2024-01-31 04:40:47,4.81.2
Hendi Septoadi,Cepat nyamanlah,4,2024-01-31 06:21:00,4.81.2
supri yanto,Kok buka aplikasi goride hilang2 mulu,5,2024-01-31 06:37:36,4.81.2
Juniarta barus bre ribuna,Mntap,5,2024-01-31 06:44:59,4.81.2
erma susanti,good,5,2024-02-01 11:16:27,4.81.2
Sekar Dinny Aliyah,Berguna bangt,5,2024-01-31 06:50:14,4.81.2
Nursaid Saputra,membantu sekali,5,2024-01-31 06:50:50,4.81.2
Sodiq Simpang,Tingkat kan pelayanan dan promo nya,5,2024-01-31 06:54:56,4.81.2
Salbini,Makin kesini makin kesonopaylater gak pernah telatgak bisa dipakeskrg malah diblokir paylaterbikin penuh Rom aj nih apkkegunaanya udah gak kaya dulumakin parah,1,2024-01-31 06:59:51,4.81.2
Pioneer 20,Terimakasih nyaman Puas,5,2024-02-01 11:15:47,4.81.2
Siswan Toro,Good Job,5,2024-01-31 07:04:39,4.81.2
Asep Mohamad Saleh,Sangat membantu,5,2024-01-31 07:05:04,4.81.2
Leily Husna,Memudahkan segala urusan,5,2024-01-31 07:05:18,4.81.2
Duty Teknik,Mantap ,5,2024-01-31 07:34:46,4.81.2
Robertus Purnomo,Tengkiu Gojek,5,2024-01-31 07:37:23,4.81.2
Henik Istikhomah,Helpfull rocomended,5,2024-01-31 07:41:22,4.81.2
Adi Purwantô,Pertahankan dan kembangkan terus nice ,5,2024-01-31 07:41:40,4.81.2
Nisma,Kenapa alpikasinya susah dibuka skrg ya,5,2024-01-31 07:53:33,4.81.2
azmy nadila,oke sihh tapi pas update tuh aku rada ngelag gitu kan terus aku uninstal duluu terus instal lagi eh ternyata voucher nya pada ilang rada kesel sedikit soalnya aku pelajar yg dikasih batas bekel uangg jadi voucher tuh ngebantu banget akuu eh pas di update malah pada ilang ,3,2024-02-01 11:12:56,4.81.2
Domy Kiting,oke,5,2024-01-31 06:36:48,4.81.2
Novi Handayani,Ini gimana sih abis di update malah gk bisa transaksi cuman muter2 aja pdhl wifi kenceng,2,2024-02-01 11:19:07,4.81.2
Boncel Laksamana,gojek motor tidak mau bawa 2 anak kalau pergi bawa 2 anak si driver tidak mau bawa atau anter hanya bawa 1 anak sajaz terus anak saya yang satu lagi gimana masa di tinggalaneh peraturannya gk simple,1,2024-01-31 04:42:50,4.81.2
Cleobella SM,Saya meminta perubahan akun gopay plus belum dikonfirmasi service nya lambat Harusnya disediakan perubahan Data gopay plus biar pengguna lebih mudah mengaksesmerubah data akun gopay plus nya Kalo begini kan lemot jadinya,1,2024-01-31 06:19:06,4.81.2
Wiwin Winarni,Beli paket promo ongkir gofood plus iya si ongkir kelihatan ada diskon tapi biaya ongkir dibebankan ke biaya penanganan Katanya diminta update sudah update masih sama,1,2024-01-22 12:23:54,4.81.2
Rini Nur,Awal yg baik,5,2024-01-31 04:54:44,4.81.2
Gulam Ramah,Gojek saya di blokir bisa tolong di buka kh,1,2024-02-01 11:49:26,4.81.2
Rafi Azis,yaa,5,2024-02-01 11:49:20,4.81.2
Irwan Firdaus,Bagus aman buat ngejemput anak sekolah,5,2024-01-31 05:15:21,4.81.2
Gusti Fadli,Bravi,5,2024-01-31 05:22:06,4.81.2
Michael Wijaya,Bagus sekali,5,2024-02-01 11:45:04,4.81.2
MD Anthon,Banyakin promonya min,5,2024-02-01 11:41:46,4.81.2
Urip Setiawan,Mantap,5,2024-01-31 05:29:33,4.81.2
Siti Hawa,Good,5,2024-01-31 05:40:55,4.81.2
Kamil Irman,Bayar Qris Pake Gopay Transaksi Berhasil Tapi Yg Dituju Gak Nerima Duitnya Terpaksa Bayar Tunai Dan Disrankan Lapor Ke Gopaynya Tapi Sampe Sekarang Dana Gak Balik Harusnya Fitur Yg Ada Tu Memudahkan Bukan Menyusahkan Pengguna  Bintang 1 Sampe Dana Balik ,1,2024-01-21 02:51:15,4.81.2
frans cp cp,Ini gimana aplikasi gojak kerja sama bangk jago malah kacau begini saya top up saldo mau buat saya gunakan bukan buat untuk menabunggimana saya mau transaksi di gojack klu uang hasil top up di tahan dulukacau bener,1,2024-02-01 11:27:21,4.81.2
Haeba Ramli,Mantep,5,2024-01-31 05:58:36,4.81.2
Silvia Lestary,Mantaf,5,2024-02-01 11:24:35,4.81.2
tian liong,Good job,5,2024-01-31 06:03:25,4.81.2
embran rusadi,Ok,5,2024-01-31 06:09:05,4.81.2
Kdewii 83,Tolong gomart Kerjasama dengan superindokarena sy sering bli ayam kampung bebek dll disitukerjasama seperti toko dagingikansayur dll Bayar paylater hehehe,4,2024-01-21 03:19:18,4.81.2
Evi Apriyani,Saya kasih bintang 1 Karna tidak bisa di gunakan saldo gopayleter nya padahal saldonya masih ada ketika mau pesen gofood dan beli token selalu ada gangguan terus  tolong di perbaiki lagi sistem nya dikasih alamat email gajelas emailnya salah nelpon cs nya gak ada hasil gak terhubung ngabisin pulsa aja bener bener gada solusi,1,2024-01-31 01:38:03,4.81.2
shincan 666,Bagus,5,2024-01-31 01:27:43,4.81.2
heru budoyo,Oke,5,2024-01-31 08:24:57,4.81.2
ikrimatus sholihah,Sekarang costumer service nya lelet banget di telepon juga sibuk terus via chat masalah tidak terselesaikan tidak seperti dulu lagi Kecewa,1,2024-01-30 22:45:47,4.81.2
Nurul Ichsandari,Gojek  Mengapa riwayat perjalanan saya tidak ada notifikasinya ke email ya,5,2024-01-30 20:56:42,4.81.2
Parlindungan Siregar,Pelayanannya baik,5,2024-02-01 14:15:25,4.81.2
Toko Wulan,Pas butuh token listrik pulsa DLL  jd mudah urusannya  praktis,5,2024-01-30 21:13:40,4.81.2
Ali Hamzah,Cari driver susah banget aplikasi gak benarkalau kayak begini pindah sebelah aja lebih cepat,1,2024-01-30 21:27:51,4.81.2
yulie yulidarti,Tempo waktu instruksi Update aplikasi terlalu seringdekat,3,2024-01-30 21:50:09,4.81.2
Fanny Yuliyanti,Mau transfer saldo gopay ke rek tapi gagal karna salah sandi padahal salah 2x hbis itu suruh nunggu lagi ntah kpn ntah lah bingung makin diupdate malah makin gajelas,2,2024-02-01 03:53:45,4.81.2
Emi Winsap,Amanah,5,2024-01-30 22:23:30,4.81.2
Muhammad bahrul Mustakim,Aplikasi kok tidak bisa di pakai buat log in lagi Tidak bisa buat daftar lagi pakai nomer yg sudah terdaftar,1,2024-01-30 22:43:11,4.81.2
ABDUR RAHMAN,Makin kesini makin jelek di update koneksi nya juga Padahal nonton YouTube dan download lancar aja,1,2024-01-22 13:31:15,4.81.2
Balqish Abiyyah02,gimana si gojek ga sediain jas ujan dia make kitanya keujanan harus segera diperbaiki,1,2024-01-31 01:25:03,4.81.2
Muhammad Saputra,Ok keren,4,2024-01-30 23:02:13,4.81.2
Shaf Dispar,Gojek oke layanan driver bagus,5,2024-01-30 23:02:41,4.81.2
Ismail Jamal,Mantap,5,2024-01-30 23:09:58,4.81.2
REZA,Pesanan ny lama bgt saya jdi sering terlambat,1,2024-01-30 23:22:04,4.81.2
Mrs Suhaimi,Selalu sigap tanggap,5,2024-02-01 14:03:32,4.81.2
Kodrat Alam,Apk makin sini makin aneh saldo sering nyangkut mau transaksi pun riber banyak peringatan mau beli pulsa 5rb doang sampe gk bisa alesan nya ada transaksi mencurigakan ngaco,1,2024-02-01 14:01:25,4.81.2
Ichi Kenshin,Kecewa un instal,1,2024-02-01 14:01:08,4.81.2
Riszal Prasetyo,Lama pesennya,1,2024-01-30 23:25:51,4.81.2
Sarwono Atmaja,Aplikasi jelek Ama Aplikasi kalo malam ga bisa transfer ke bank lain,1,2024-01-30 20:51:03,4.81.2
Nurjanna,coba aja dulu,5,2024-01-30 20:45:56,4.81.2
Mohamad Aditya Misbakhudin,orser gofood udah ditungguin sejam ngga dianter anter ujung ujungnya dibatalin sama aplikasi gojeknya ditungguin malah gitu thaiikk,1,2024-02-01 14:17:04,4.81.2
Madi Aja142,mau masuk ke akun gopay sya susah masuk nya tolong di bantu bos buat di proses,3,2024-02-01 14:24:43,4.81.2
Bayu Adi,Memudahkan segala aktivitas dan kebutuhan,5,2024-01-30 15:14:14,4.81.2
Edi Irawan,sejauh ini siiip,5,2024-01-30 15:27:19,4.81.2
Bangun Bersama Abadi,Terkadang saya malu dan gk enak sama drivernya jika saya gofood soalnya titiknya sering gk akurat kadang drivernya juga marah tolong di update minta dong agar ada shere lokasinya saja waktu di chat driver dan hapus pesan juga di chat driver,2,2024-01-30 15:30:38,4.81.2
Afdol Muhammad,Bagus banget,5,2024-01-30 15:49:14,4.81.2
Urip Subekto,Potonganya gede bener kasian mitra kalian di saat keadaan sulit seperti iniminyak mahalsemua mahal kalian malah pangkas pendapatan mitra mya,1,2024-01-30 15:49:36,4.81.2
kaliman sentana,Pelayanan makin burukresto jarak 1km masa makan waktu 1 jamsusah dapat drivermungkin karena upah ke driver sangat minimpadahal customer bayar lumayan mahalaplikasi juga lemot Tolong di perbaikimasa saya setiap makan sambil emosi,1,2024-01-30 15:53:36,4.81.2
Anggreni Aini,Jauh ebih baik di banding grab,4,2024-01-30 16:13:50,4.81.2
008 Oke,Saldo GOPAY ilang Riwayat transaksi tidak ada gimana ini GOJEK,1,2024-01-22 14:02:36,4.81.2
Nanang Juraizin,Oke banget,5,2024-01-30 17:13:30,4.81.2
gary,Saldo saya hampir 200 ribu hilang begitu saja,1,2024-01-30 17:18:26,4.81.2
Supri Hatin,Aplikasi gojek skrng selalu keluar sendiri kini gojek makin jelek semenjak gojek goto Tolong perbaiki lagi aplikasi gojeknya,1,2024-01-30 17:22:10,4.81.2
Radita Astrella,kenapa gaada gotix di aplikasi saya,5,2024-01-30 17:33:19,4.81.2
Alexander Donny Novaldo,Top,5,2024-01-30 18:06:26,4.81.2
Aka Rudy,Bagus apk nya,5,2024-01-30 18:14:52,4.81.2
Isak faisal79,Ok,4,2024-01-20 17:58:52,4.81.2
erwin sub,Sip ok banget,5,2024-01-30 18:38:16,4.81.2
Hamdani Aja,Jadi mudah,5,2024-01-30 19:00:00,4.81.2
Winda rnny,Percuma banyak driver GoJek ngangur tp giliran order gojek drivernya sulit Lo gak bisa gitulah GoJek,1,2024-01-30 23:26:26,4.81.2
Yulisman Tea,Mantap,3,2024-01-30 23:30:18,4.81.2
Nurul Aini,Membantu saya untuk tiba di sekolah tepat waktu,5,2024-01-30 23:32:31,4.81.2
Egi Bin Syam,Payah ah giliran ada promo 5000 perak nyari driver susahnya minta ampun ,1,2024-01-31 00:51:17,4.81.2
Sarip Sarip,Sangt paktis dh nyaman,5,2024-01-31 00:53:16,4.81.2
Riswandi,Pencarian driver yang lama dan jauh dari lokasi penjemputan,1,2024-01-31 00:59:10,4.81.2
Lukman Nulhakim,Musim hujan driver nya pada gk ada ya Susah betul order nya,1,2024-01-31 01:00:42,4.81.2
Kasirotur Rizki,Bru pengguna gojekdan aneh aja sama rute nya yg sllu diputerin lwt gang kecilhrsnya ti ggal lurus pke sgala dibelokin Pas driver jemput jg gtuu di maps nya Emg gini sistemnya apa gmna,1,2024-02-01 13:16:14,4.81.2
Ayam bakar mas edi Mas edi,Mantap cepat sampaiga pakai ribet plus gapakai vermuk,5,2024-02-01 13:15:19,4.81.2
fransiska kurniawati,Lebih ditingkatkan lagi utk kecepatan dan ketepatan waktu penjemputan dan keramahan driver,5,2024-01-31 01:07:15,4.81.2
Ocha Kardiani,Go jek lama lama kyl mna sihmau bayar go paylater aja sussah pdhl biasanya pake VAini sampe udh jatuh tempo mau bayar kli bayar aja kbali ke menu lagi aneh bener Udh transaksi skrg gak bisa all in lagi lama lama uniinstall,1,2024-02-01 13:13:55,4.81.2
Edho M Rosyid,Ngebug Pas lagi urgent dicek detail pesanan tidak keluar Jadi enggak tau drivernya udah ada dimana Kacau,1,2024-01-31 01:09:11,4.81.2
Dedek Suheri,Ok,5,2024-02-01 13:05:23,4.81.2
Ahmad Sopandi,Cukup membantu,5,2024-02-01 13:02:30,4.81.2
0etami hardyantini,Suka pakai gojek Pak sopirnya ramah santun,4,2024-01-31 01:10:10,4.81.2
huggo andry,Gojek emang the best,5,2024-01-31 01:11:47,4.81.2
Reza Putri,Bagus,5,2024-01-31 01:12:05,4.81.2
Risky Hendricko,Gopaylaternya makin kesini makin gk jelas bulan lalu di blokirpadahal gk pernah telat bayarnya di email suruh tunggu 30 hari sisa pembayaran cicilan tagihan saat ini sdh di bayarkan juga awalnya blokirannya kebuka ehh begtu mau transaksi lagi di tokped malah gagal dan ke blokir lagi kocak dan gk jelas banget sekarang klo di email pun gk ada kepastian jawaban yg jelas,1,2024-02-01 12:53:20,4.81.2
Intan Wandha Lestari,Min mau tanya sebenernya sistem penjemputan gojek tuh gimana Waktu order jelas2 terlihat disitu ada banyak driver yg availaible tapi gak ada yg mau ambil dan keterangannya driver kami sedang sibuk Ini sering terjadi terutama ketika sedang promo tarif lebih murah dari biasanya Why  Apakah memang sistemnya harus tunggu driver accept order  Apakah tidak bisa dibuat otomatis match dengan driver terdekat ,3,2024-01-31 01:12:45,4.81.2
Budi Gunawan,Jangan di download aplikasi parah saldo saya hilang 1jt sampai dengan sekarang tidak ada kejelasan Y allah,1,2024-01-31 01:13:45,4.81.2
IBERAHIM KOBA,seng ada lawan,5,2024-01-31 01:13:57,4.81.2
Firman Vlado,Alhamdulillah paylater diblokir telat gak sampe sehari,2,2024-02-01 13:19:23,4.81.2
cemong 123,ok,5,2024-01-31 00:47:35,4.81.2
Rafa Dhan,Ok banget,5,2024-02-01 13:57:20,4.81.2
eden lazuardi,solusi untuk tidak ada uang tunai,4,2024-02-01 13:24:02,4.81.2
Angela Desty,Disaat hujan tidak ada gojek,2,2024-01-30 23:34:48,4.81.2
Ade Kemang,Puas Dengan Memakai APLIKASI GOJEKBELI MAKANAN Dan Beli KeperluanLebih MudahThanks,5,2024-02-01 13:55:42,4.81.2
bikin kepo,di tingkatkan lagi ya,5,2024-02-01 13:52:59,4.81.2
putri 23,Sangat bagus dan memuaskan,5,2024-01-30 23:43:06,4.81.2
Albinaail Michiko,driver sering menolak pesanan,2,2024-01-30 23:43:43,4.81.2
Mumuy Kiting,minus lama lambat dapetnya orang lagi butuh malah dilamain,1,2024-01-30 23:53:18,4.81.2
Rama Manansyah,Driver nya kebanyakan sibuk saya jad terlambat sekolah,1,2024-01-30 23:55:30,4.81.2
Nur Kholifah,Akhir akhir ini pesan gofood lama lama bgt Walaupun frozenfood Gk ngerti apa yg buat lamaa Kaya bubur ayam aja bisa 30mnit  Gmn sih ya ini,3,2024-02-01 13:51:42,4.81.2
Fadhlan Robbi,Fitur gotix nya kok gk ada lagi ya min Padahal enak beli tiket bioskop disitu,5,2024-01-31 00:07:12,4.81.2
Adi Rebel,Tolong klw kita SDH kasih bintang 1 ke drivernya supaya kita gk dpet driver yg itu lagi donk Krna SDH pasti driver yg dpt bintang 1 itu bikin gk nyaman,1,2024-02-01 13:48:39,4.81.2
Anton Abdurrohman,Mantap,5,2024-02-01 13:46:57,4.81.2
Hidayat Dayat,Oke,3,2024-02-01 13:43:37,4.81.2
Oseng Suratman,Pesan transportasi  makanan serta kebutuhan lainnya sangat mudah  trims,5,2024-01-31 00:16:13,4.81.2
Jomen Joe,Good,5,2024-01-31 00:19:15,4.81.2
Rahma Dani,Ok,5,2024-01-31 00:29:22,4.81.2
Andryan,Ok,5,2024-02-01 13:32:04,4.81.2
Imiel Putri Kalteng,di gofood saya tombol tambahkan voucher tidak ada jadi saya gak bisa menambahkan voucher sama sekali tolong bantu saya,1,2024-01-31 00:34:17,4.81.2
riyuu,KENAPAA YAA GABISA MESEN MAKANANN   location not sercivable  huaaa ,2,2024-01-29 12:30:50,4.81.2
Sofi 120,Perjalanan menyenangkan,5,2024-01-31 08:38:57,4.81.2
Uti Uti,APLIKASI YG SANGAT BURUK,1,2024-01-30 14:54:45,4.81.2
DESWITA WITA,Bagus,5,2024-01-31 23:53:53,4.81.2
Dodo Suhanda,Selalu ada jalan,5,2024-02-01 05:38:44,4.81.2
Wati Adja,Oke penjemputan cepat,5,2024-01-31 23:23:24,4.81.2
Dava Dmk,Mau 4 aja,4,2024-01-31 23:25:05,4.81.2
Alvezz GT,Susah bngt nyari driver,3,2024-01-31 23:25:24,4.81.2
ditariani laksono,Hari ini jatuh tempo gopaylater Saya mau bayar malam aja tunggu suami pulang kerja Eh DCnya dari pagi udah telpon tiap menit Ganggu aja Kalau telat juga kami bayar denda nya kok,1,2024-02-01 05:34:12,4.81.2
Novi kurniati,Nyari drivernya lama padahal gak ujan,1,2024-01-31 23:33:52,4.81.2
Supar Tinah,Pelayanan baik,5,2024-02-01 05:27:33,4.81.2
Hari Ansah,Bagusnyaman,5,2024-01-31 23:52:04,4.81.2
abd rohim,GoJek the best,5,2024-01-31 23:59:30,4.81.2
Adrian Haslan,saya senang sekali pakai aplikasi gojek bisa pembayaran pakai aplikasi ovo juga bisa mantap good terima kasih aplikasi gojek ovo oke,5,2024-01-31 15:24:40,4.81.2
Oom Qomariah,Penjemputan tepat waktu,5,2024-02-01 00:08:54,4.81.2
Yuli Astutik,lebih suka fitur yang sebelum inikalau yang sekarang agak ribet untuk pemesanannya,2,2024-02-01 00:12:07,4.81.2
M.Prasetyo Adji Putra SS,Klo ada yang jauh banget kenapa harus kasih driver yang deket ini lah gojek saat ini Saat anda terburuburu tabahkan lah hatimu,1,2024-02-01 00:13:11,4.81.2
Kartika Adeline,Drivernya susah dapatnya Giliran dapat drivernya pada blagu gak mau diambil Tolong dong yak kalo drivernya gak mau ambil ya jgn di okein dong pesanannya,1,2024-02-01 00:18:25,4.81.2
Letoy Aki,Tolong tenor pinjamannya di perpanjang,4,2024-02-01 00:20:23,4.81.2
Syamsu Alam,Suka,5,2024-01-21 08:39:32,4.81.2
Gazawin Store,Ok banget,5,2024-02-01 05:05:18,4.81.2
Wanti Wanti,mksh Gojek selain on time juga aman dan ramah  oce makin tambah maju ,5,2024-02-01 00:32:25,4.81.2
Putri Ramadhani,Memudahkan sekali,5,2024-02-01 05:43:02,4.81.2
nana Grosir,Mantap,5,2024-01-31 22:50:44,4.81.2
Oled,Pesan makanan jd telat sampai Alasan driver gojek saat ini sdh bisa terima double orderakibat nya makanan sampai sdh dingin dan tak enak dimakan,1,2024-02-01 05:51:16,4.81.2
Darell afwa,Aplikasi yang membantu,5,2024-01-31 20:11:25,4.81.2
Lukman Hakim,B,5,2024-01-31 15:50:38,4.81.2
Oppo Vivo,Saya penguna akun sudah puluhan tahunSaya merasa di curangi sudah saya lunasi semua gopay pinjam giliran mau pinjam malah di tolak mentah mentah semoga kalian binasa dari muka bumi ini Aplikasi gojek riba jadi aplikasi riba,1,2024-01-31 15:54:24,4.81.2
Friska Pakiding,Layanan oke mobil dan motor keren,5,2024-02-01 06:36:36,4.81.2
yayan royan,Akun gopaylater saya selalu terblokir tanpa sebab,2,2024-01-31 15:55:55,4.81.2
ari kurniawan,sippp,5,2024-01-31 15:59:58,4.81.2
GOJEK NGANGGLUH CHANNEL,Mantep,5,2024-01-31 16:17:49,4.81.2
Gen Alif,Bagus,5,2024-02-01 06:33:36,4.81.2
Aditya Septiananda Aoys,Sudah bagus,4,2024-01-31 16:38:06,4.81.2
Ahmad Samsuri,Sulit banget upgread gopay pluss karna ID pernah terdaftar nmr nya sudah tidak aktif lagi sudah hangus Mau daftarkan ulang gopay pluss di nmr baru di tolak truss buat laporan juga percuma gaada respon nyaaa,1,2024-01-31 16:38:46,4.81.2
Subur Sudrajat,puas,5,2024-01-31 16:40:08,4.81.2
Aditya Bita Prilyan,ARGO BUAT DRIVER TERNYATA MIRIS SEKALI SAYA PESAN DAN PENASARANBERAPA YG DIBAYAR GOJEK TERHADAP DRIVERTERNYATA HANYA 5 RIBUTOLONG PIHAK KANTOR GOJEK JANGAN HANYA INGIN MENERIMA UANG BANYAK TAPI DRIVER DI TINDASSAYA SEBAGAI CUSTOMER MERASA KECEWA PADAHAL DRIVER SANGAT MEMBANTU TOLONG DIKOREKSI ,1,2024-02-01 06:20:36,4.81.2
CHRISTIARA Studio,Oke,5,2024-01-31 16:41:33,4.81.2
uman arrijal,Senang,5,2024-02-01 06:18:16,4.81.2
desi ratnaningsih,Sangat membantu sekali,5,2024-01-31 17:28:34,4.81.2
Mustikasari Dwi,Cepat aman dan sopan,5,2024-02-01 05:56:08,4.81.2
maula dawilah,sudah menggunakan gojek dari tahun 2017 tahun 2024 awal tahun akun gojek saya di hackdigopay ada saldo saya ga pesen order tibaada pesan order semua saldo gopay saya lenyapsaya hubungi Cs dan email kronologi dan bukti nyajawaban nya itusaja SEDANG DITANGANI TIM KAMI kecewa saya bener kecewasaya tidak akan ridho,1,2024-02-01 05:53:55,4.81.2
Parlindungan Sinaga,Lebih di tingkat lagi,5,2024-01-31 19:18:58,4.81.2
Muhamad Randy,udah bagus sih cuman tolong dongg adain fitur buat pelajar minn untuk jarak deket harganya lebih murah gituu soalnya keberatan sy sebagai pelajar untuk harga jarak deket sekitar 15k,5,2024-02-01 00:45:20,4.81.2
rully sopian,ok,4,2024-02-01 00:46:47,4.81.2
aliska maharani,abis di updet aplikasi gak bisa di gunakan  gak jelas  lgi butuh malah gak bisa di gunakan,1,2024-02-01 00:53:14,4.81.2
Yuni Pujiati,diupdate malah makin lambat jalan sistemny,3,2024-02-01 02:23:30,4.81.2
Haryo Wibowo,Minta tolong untuk pemilihan lokasi jemputtujuan vaforit itu dipermudah ini saya ketik lokasi tujuanLokasi jemput tulisannya malah Lokasi tidak ketemu padahal Lokasi yg saya ketik tersebut merupakan Lokasi yg biasa saya inputkan tolong opsi titik jemputtujuan vaforit supaya dipermudah untuk dipilih ,2,2024-02-01 02:33:38,4.81.2
ani susilowati,tidak bisa masuk ke aplikasi,1,2024-02-01 02:38:35,4.81.2
Sundari Ndari,Kok Bis di buka,5,2024-02-01 04:41:44,4.81.2
Putra Sukasari,Jelek you,1,2024-02-01 04:37:22,4.81.2
Bowo Bolo,Isi saldo lewat tidak masukpdahal laporanya sudah masuk,1,2024-02-01 02:50:43,4.81.2
Ai Hendriani,cept tepat,5,2024-02-01 04:31:33,4.81.2
Indah Istianah,sangat puas,5,2024-02-01 04:13:47,4.81.2
Ariefyan Kosasih,Mantaptingkatkan lagi promo nya yatingkat kan promo goride nya Ini masih kurang untuk goride nyaterima kasih,5,2024-02-01 03:10:34,4.81.2
Susi Lawati,Aman bisa dipercaya,5,2024-02-01 04:09:59,4.81.2
Melcky Rei,Oke,5,2024-02-01 03:22:27,4.81.2
Feri Andreas,Bagus,5,2024-02-01 04:01:43,4.81.2
indah vellia,bagus banyak promo,5,2024-02-01 03:23:49,4.81.2
Tuwarno Nurcahyadi,Mntap naik gojek bng Lukman sukses sllu,5,2024-02-01 03:27:09,4.81.2
Nurmayanti Bahar,Dah lama pake pelayanan bagus,5,2024-02-01 03:28:10,4.81.2
echon ms,Sangat Membantu,5,2024-02-01 03:34:05,4.81.2
Heni Crismiati,ini kenapa aplikasinya ga bisa di pakai  padahal wifi atau data ada banyak tapi aplikasinya ga bisa di buka atau tulisannya no internet,1,2024-02-01 03:41:09,4.81.2
Theresia Mutiara,sgt memuaskn,5,2024-02-01 03:42:12,4.81.2
Jaja setiapraja,gopaylater gak bisa dipake ga ada keterangannya juga Unninstal sajalaah,1,2024-02-01 02:31:15,4.81.2
Ratna Kyona,Senang dong apalagi klo diskon2nya dan drivernya sopan2 pertahankan pelayanannya dan tingkatkan agar lebih baik lagi Mksih dan sukses terus,5,2024-02-01 02:15:48,4.81.2
Nur Laeliah,sangat membantu,5,2024-02-01 00:58:34,4.81.2
zoel,sejauh ini sll menyenangkan,5,2024-02-01 02:15:32,4.81.2
eko tri,Good fitur,5,2024-02-01 00:59:53,4.81.2
arialis Toyota,Mantap,5,2024-02-01 01:01:22,4.81.2
Nath LeaVdy,Mantap,5,2024-02-01 05:04:16,4.81.2
Jonanda Agung,APLIKASI GAJELAS BELI TOKEN LISTRIK LAMA CUSTOMER SERVICE GAMAU BANTU,1,2024-01-22 08:44:19,4.81.2
abdulrahman rahman,kaga usah nawarin klau janji aja bikin emosi,1,2024-02-01 01:08:58,4.81.2
Ayu Dewi,Bagus,5,2024-02-01 01:24:02,4.81.2
The Lifestyle of Happiness,Mantap Perbanyak Promonya lagi Yach,5,2024-02-01 05:02:36,4.81.2
Asta Indra,                                                ,3,2024-02-01 01:27:48,4.81.2
Hidayat Syamsul,Mantap jaya,5,2024-02-01 01:33:06,4.81.2
Gaprastio Plus 57,Aplikasi go patner ko jadi susah buat beli kuota swadaya  Kenapa jadi muter muter sih Ngapain ada dompet gopay kalo ga bisa buat bayar Silit kopet lahaturan udah gampang jadi di persulit,1,2024-02-01 01:39:51,4.81.2
Oktoviani Felia Lende,Mantap,5,2024-02-01 01:45:14,4.81.2
Mardiana Samad,Mantap,5,2024-02-01 01:45:28,4.81.2
Pur wati,Pelayanannya memuaskan dan kurir yang nganter juga baik2 cepet diantar Puas deh pokoknya,5,2024-02-01 04:50:23,4.81.2
salam mergoriko,Sesuai estimasi waktu,5,2024-02-01 04:44:15,4.81.2
VIT Marketing,Update Mulu baru 2minggu pke,3,2024-02-01 01:57:00,4.81.2
Achmad Zahroni,Praktis cepat murah dan keren n,5,2024-02-01 04:41:52,4.81.2
hanky susanto,sudah kembali normal makasih tokped dan gojek,5,2024-02-01 02:09:21,4.81.2
Bastian Alita,Wow,5,2024-01-31 15:30:28,4.81.2
gendut gajah,bagus,5,2024-02-01 06:48:30,4.81.2
Suhada Hada,Sangat cocok,5,2024-01-22 11:35:49,4.81.2
Setiawan So,Sangat membantu kebutuhan dan perjalanan,5,2024-01-31 11:25:20,4.81.2
Ningrum 36,Goood,5,2024-01-31 10:44:23,4.81.2
Bastian Jouse,gagal transaksi terus aneh,2,2024-01-31 11:05:39,4.81.2
Adi Adi,Mantap,5,2024-02-01 10:28:03,4.81.2
Muhammad Marsa,Banyak promo sama diskon,5,2024-02-01 10:26:30,4.81.2
Tri Crownparking,setelah di up date mlah tdk bisa di buka gimana ini,1,2024-01-31 11:16:50,4.81.2
Giyanto Giyanto,Sangat membantu sekali,5,2024-01-31 11:21:18,4.81.2
Annisah Mawadda,Sangat baguss,5,2024-01-31 11:21:36,4.81.2
Jiyanto “Yo”,mantap bos nyaman makasih pak,5,2024-02-01 10:24:05,4.81.2
Putra Wiguna,QR CODE BUAT KRL SERING ERROR,1,2024-01-31 11:31:33,4.81.2
Iman Junaedi,Tambah kesinih tambah lemot,1,2024-02-01 06:49:22,4.81.2
Breville Pondok indah,Mantap,5,2024-01-31 11:37:38,4.81.2
Petronela Heni,Aplikasi mantap,5,2024-02-01 10:05:44,4.81.2
kelon lon,Goride gofood belum ada di sini min  apa cuma di kota yg berlaku  vouchernya gk kepakai dong ,3,2024-01-31 11:40:18,4.81.2
Casia Maya Tri Reski,Pelit promo ongkir jg kemahalan untuk satu tempat ke satu tempat yang jaraknya itu ga nyampe 5 KM,2,2024-02-01 10:03:02,4.81.2
Shofia Arviana,Makasih gojek aku jadi ketinggalan kereta gara gara 2 jam ga dapet dapet driver  gatau mau nyalahin siapa,1,2024-01-31 11:44:17,4.81.2
syaiful bani,Hahahaahahahaahah,5,2024-02-01 10:02:14,4.81.2
Hamka Com,Ganti gmail kok tidak bisa aneh mohon di perbaiki,1,2024-02-01 09:49:09,4.81.2
H Hanipah,pokoknya de best  alhamdulillah banyak ngebantu saat dibutuhkan  ,5,2024-01-31 12:08:00,4.81.2
Arya anwar Mohammad,megojek,5,2024-01-31 10:43:04,4.81.2
Luxzyn Gaming,Habis update biaya penanganan dan pengiriman di gofood sampe 20rb lebih Ngga habis pikir sih makin kesini makin ngelunjak  ga masalah selama rasa makanan worth it tpi kalo ga banget kan gmn yah,1,2024-01-31 10:27:20,4.81.2
Bangjulian Hadi,Buruk sekali,1,2024-01-22 10:58:51,4.81.2
Elsa Dwi,Fitur promonya tidak ada padahal udah berkali nyoba instal terus tetep aja gaada,3,2024-02-01 10:31:55,4.81.2
yoga Rochanto,Kapok pakai gopay later bayar aja susah ini gojek mau nyari cuan dari denda atau gmn Pas bayar gag ada koneksi internet padahal lancar Aplikasi gila saya gag akan pakai gojek lagi,1,2024-01-31 08:52:05,4.81.2
yiyus 998,nice,5,2024-01-31 08:53:55,4.81.2
UWOE•ID •,Bagus,5,2024-02-01 11:01:22,4.81.2
winola kurniawan,nice,5,2024-01-31 08:56:06,4.81.2
Dewi Elwin,Mantap,5,2024-01-31 09:02:12,4.81.2
Achmad Surya,Sangat membantu kami,5,2024-01-31 09:04:16,4.81.2
Feren,Makin hari makin mahal,1,2024-01-31 09:13:23,4.81.2
Andiha,Bagus,5,2024-01-31 09:17:37,4.81.2
Sukma Linda,Makasih atas pelyananya,5,2024-01-31 09:40:08,4.81.2
Elis Sukmawati,Aplikasi yang paling toooooooopterimakasih gojek yng telah ngasih dana di paylaterbisa terbantu ketika sedang ada keperluan mendadaksya semakin cinta gojek,5,2024-01-31 09:42:33,4.81.2
mamluatun nikmah,Alhamdulillah perjalanan dilancarkan dengan GoCar Sat set sat set bs sampai tujuan dengan tepat waktu dan mobilnya selalu bersih drivernya juga ramah,5,2024-01-31 09:42:46,4.81.2
Jasmin With an e,Baik,5,2024-02-01 10:47:21,4.81.2
Hardi Daulay,Ok,5,2024-01-31 09:53:12,4.81.2
sbastian ghabel,ok sip,3,2024-01-22 11:05:23,4.81.2
Titiannesia Agustie,Gofood terlalu lama dapat driver Makanan 1jam lebih baru sampai,3,2024-02-01 10:43:49,4.81.2
Mochammad Syarief Hidayat,Menyenangkan,5,2024-02-01 10:33:10,4.81.2
Achmad Rifai,Sangat membantu,5,2024-01-31 10:24:16,4.81.2
sukmawati Amando,Kalo bisa diskonnya lebih banyak lagi ya ,5,2024-02-01 09:47:16,4.81.2
Doni Fahmi,baik,5,2024-01-31 12:12:19,4.81.2
Jay Android,Mudah cepat aman mantap,5,2024-01-31 12:13:12,4.81.2
Budi Susanto,Sangat membantu,5,2024-01-31 13:48:42,4.81.2
Beni Beni,Sangat puas,5,2024-02-01 08:46:24,4.81.2
07 - X8 - Callystha Aysel Aulia,apk nya bagus tapi ada iklan yang tibatiba suka muncul ga jelas di layar hp ganggu aja,3,2024-01-31 13:53:37,4.81.2
Feronika Andari,Terimakasih sudah banyak membantu,5,2024-01-31 14:06:08,4.81.2
farjan nurhakim,Mantab,5,2024-01-31 14:08:37,4.81.2
Yunus Pranoto,App erorr top up gopay 3kali yang 1 berhasil yang 2pending ampek sekarang belum diproses,1,2024-02-01 08:45:33,4.81.2
Widya Ratnabila,Baikk,4,2024-01-31 14:18:16,4.81.2
Putra Baho,VERY GOOD,5,2024-02-01 08:29:26,4.81.2
Okta Bagaskara,Di update bukannya makin bagus malah bobrok mau mesen aplikasi loading lama banget kaya ga ada sinyal padahal notif notif masih masuk pas lagi loading,1,2024-02-01 08:24:53,4.81.2
aris subijanto,rescep,5,2024-02-01 08:19:25,4.81.2
Iwan Setiawan,Bagus,4,2024-02-01 08:03:47,4.81.2
Yunis Dwi,Bagus aplikasinya sangan membantu Terimakasih,5,2024-02-01 07:44:45,4.81.2
Nesty Anggraeny,Enak banget pakai gojek tinggal klik klik,5,2024-01-31 14:42:07,4.81.2
Tazmah Yasmine,Gimana sihh aplikasi nya msa iya sya hrs download ulang lgi padahal sya dh gnti akun tpi ttp ajhh hrs di ulang lgi msuk nya,3,2024-02-01 07:43:10,4.81.2
Jeni Pragawidjaja,ga ad no yg bs dihubungi pesen gofood ada kurang lama bgt hrs lewat laporan dll parah sih servicenya,1,2024-01-31 14:46:58,4.81.2
Riani Lestari putri,sangat terbantu,5,2024-02-01 07:41:21,4.81.2
Dolfince Basauli Antoh,Aplikasi ojek online paling bagus bnyk promonya jga khususnya promo makanan,5,2024-02-01 07:34:47,4.81.2
Fatir X IPS 3_05,Kalo ngasih ongkir go food ngotak,1,2024-01-31 14:59:33,4.81.2
Kartika Shinta,Dari thn 2019 sy pke gopay pas ada gopaylater limit besar ehh tapi ga bisa di gunakan Mengecewakan sekali Tim audit nya ga beres Akun saya di blokir secara sepihak Udah ga mau pake lagi Mending di hapus aja,1,2024-01-31 13:48:47,4.81.2
Cikal Gunawisesa,Mantappp jadi mudah apapun itu,5,2024-02-01 08:48:01,4.81.2
Sri Rahmawati,Tolong dong buat pihak GoJek mohon di benerin maps nya dan fitur chat nya,5,2024-01-31 12:13:51,4.81.2
peter Liu,mantap bertangung jawab,5,2024-01-31 13:45:43,4.81.2
"6_ Abdul Aziz, SHI",Saya hanya pakai gojek,5,2024-01-31 12:14:15,4.81.2
Fransiska Yohani,setelah di update ke versi terbaru malah ini aplikasi tidak bisa di pergunakan lagi,1,2024-01-31 12:15:47,4.81.2
Aguan Hong,Aplikasi jelek cuma bisa di pickup tapi driver gk ada balasan dan malah di biarin  hrusnya di acc driver gk berguna klo cuma di pickup tpi di biarkan sistem udah gk beres tapi gk ada perbaikannya udah dr kemarin pesanan gk beres2,5,2024-01-31 12:26:43,4.81.2
Adrian Daniel Saputra,Nice,5,2024-01-31 12:43:24,4.81.2
Hilyatutdiniyah Ilham,Sangat membantu,5,2024-01-31 12:46:05,4.81.2
Eva Lusiana,Selalu puas sama pelayanan gojek,5,2024-02-01 09:32:24,4.81.2
Rudy Doank,Pelayanan yg bak  adalah bisnis yg baik ,4,2024-01-31 12:46:28,4.81.2
Ika Nitizsa,Dari tunai ganti ke gopay eh malah kena biaya aplikasi yang seharusnya Rp 11500 jadi Rp 16000 bukan masalah nominal cuman engga ada pemberitahuan pas ada penambahan biaya Tiba tiba langsung ke potong dan pas dicek diakhir baru ketahuan ada biaya tambahan Kecewa si udah setia pake gojek tapi malah kayak gitu,2,2024-01-31 12:51:04,4.81.2
Ratno Renaldi,Kalau ada bintang 0 saya kasih 0 Itu sudah sangat pantas Aplikasi busuk Aplikasi gak guna saya kasih bintang 3 jika nanti masih tetap gak bisa ngajuin auto uninstall aplikasi jika saya di kasih kesempatan bintang full 5,3,2024-02-01 09:26:04,4.81.2
Yeni Avriani,Mantap,5,2024-01-31 12:52:30,4.81.2
Nawa Kawol,keren,5,2024-01-31 12:55:05,4.81.2
Wildawaty Hasan,Mantap,5,2024-01-31 12:59:14,4.81.2
Aria,Good bgt,5,2024-01-31 13:05:50,4.81.2
Novita Sari,susah dapat driver padahal driver banyak bad,1,2024-02-01 09:09:24,4.81.2
Irna Msi,Selama ini puas pake gojek,5,2024-02-01 08:56:10,4.81.2
bayu noviando,Masih milih2 kepencet gak sengaja go food belum sempat masukin diskon gak bisa di revisi lagi dalam hitungan seper sekian detik Tiba2 jadi pengiriman bayar cash Padahal lg gak pegang cash kasih waktu dong untuk revisi misal 1 menit sejak order Kan driver jg belum dpt Kapokk nasi goreng harga 24rb jadi 30rb beli 2 lg kena,1,2024-01-31 13:32:49,4.81.2
jimar Wowor,Sangat membantu kegiatan dan kebutuhan dalam kehidupan tiap hari,5,2024-01-31 13:42:04,4.81.2
Ibnu Aziz,Sangat membantu sekali,4,2024-01-30 14:55:02,4.81.2
Tedi Hendayana,Memudahkan,5,2024-01-30 22:08:34,4.81.2
Lisman Toni,mantap akurat,5,2024-02-01 15:17:26,4.81.2
MOCHAMAD ABRAHAM Johansah,Sangat berguna untuk hal2 yg mendesak,5,2024-01-30 02:02:44,4.81.2
Numan Muhammad,Joss jasa pelayanan nyasangat membantu terimakasih,5,2024-02-02 05:17:50,4.81.2
Herbudi Wijayanto,Setelah update malah lemot banget,1,2024-01-30 02:11:19,4.81.2
Naysyila Syaahkira,Mantab,5,2024-01-30 02:12:02,4.81.2
Lina Marlina,Dg tujuan yang sama Jarak kok beda ya dg apk sebelah,2,2024-01-30 02:24:43,4.81.2
Hujan Pemimpi,Tolong perbaiki sistem login nya yah soal nya saya sinyal bagus kok di bilang sinyal kurang bagus alhasil gak bisa masuk harus nunggu 15 menit buat login lagi padahal pake browsing  stream youtube lancar Udah versi terbaru tapi tetep gak bisa klo udah di benerin nanti saya kasih bintang 5 lagi,1,2024-01-30 02:26:04,4.81.2
Verri Katili,Good,5,2024-01-30 02:26:12,4.81.2
Hd Boy,Sangat membantu,5,2024-02-02 05:13:09,4.81.2
alya aulia,Pasang untuk ke dua kalinya Aplikasi aku yg di pakai sdh lama tdk bisa kebuka,1,2024-01-30 02:40:37,4.81.2
Sastria barber,joss wlw mahalan,5,2024-01-30 02:46:32,4.81.2
Rahman Agussalim,good,5,2024-01-30 02:49:53,4.81.2
Depa Lanjung,Sangat membantuuuu sekali,5,2024-01-30 02:50:41,4.81.2
Yos Es,Lebih lancar dipembayaran pln pgn kartu halo semoga semakin berkembang pembayaran yang lain tidak hanya tokopedia tapi juga yang lainya,5,2024-01-30 02:59:35,4.81.2
Utin Cempluk,Good,5,2024-01-30 03:10:29,4.81.2
MEO'NG congkok,Transaksi tolong di perbaiki lagi pas tahap akhir byr selalu gagal dicoba brpa kali ttp g bisa,2,2024-01-30 03:28:28,4.81.2
MHANY CHANNEL,sangat membantu saya,5,2024-01-30 03:36:11,4.81.2
Panji Asmara,Gopay paylaternya kek pemerasan telat sehari 50rb dendanya Padahal utang cuma 100rb lewat sehari denda 50rb Jangan pake gopaypay laternya boss Bahaya,1,2024-02-02 04:49:32,4.81.2
Fatma Fatdiyan,Pertolongan disaat tidak ada yg menolong hahahah,5,2024-02-02 05:20:31,4.81.2
Ari Suciani,Gojek sekarang jelek Kalo order dapet drivernya jauh banget gk yang terdekat jadi bikin lama Kasian drivernya juga kasian customer nya nunggu lama Kesel bgt sih sekarang sama gojek Sistemnya jadi jelek,2,2024-01-30 01:55:22,4.81.2
Tini Rukmini,sangat bagus,5,2024-01-30 07:05:24,4.81.2
Cua de Fretes,Di saat penting dengan keadaan hujan gocar tidak bisa menjadi solusi 10 kali pesan 5 dibatalkan sisanya 2 jam menunggu aplikasi muter Ketika dapat driver langsung dibatalkan oleh drivernya Miris sekali Padahal setiap pembatalan harga melonjak naik,2,2024-01-30 01:53:28,4.81.2
Jery Sentana Bangun,Gopay Latermu BRENGSEK lupa 1 hari aja udah denda 50k padahal cuma belanja 100k Pantas digeser Grab sekarang Apa belum balmod si Mendikbud,1,2024-02-02 06:31:13,4.81.2
Cak Aunur WISMA ATLET Waktu itu,SENENG ADA GOJEK  GoCar,5,2024-02-02 06:29:16,4.81.2
Erni Nurpitasari,Jelek,5,2024-02-02 06:14:46,4.81.2
afit aja,Good Aplikasion,5,2024-01-30 00:26:57,4.81.2
Sucisuci Hassanudin,Perbanyak lg promo voucher nya,5,2024-02-02 05:56:03,4.81.2
GUNARDI 2018,ok,5,2024-01-23 00:32:54,4.81.2
Roni Maloto,Terima kasih Saya langganan pakai aplikasi ini,5,2024-01-30 01:00:23,4.81.2
Ariep Sz,Mahal mending pake maxim,1,2024-02-02 05:55:28,4.81.2
Virdi Antoro,Tiba2 gopaylater di blokir padahal tidak pernah telat bayar dan sampai skrng tagihan sudah lunas semua,1,2024-01-22 01:55:21,4.81.2
radian khan, Ulasan terbaru   maaf yah  Saya kecewa dgn aplikasi ini begitu setia nya saya beberapa tahun ini tidak ada pertimbangan nya dgn kesetiaan saya  email ga di bls  ga ada respon  saya mengajukan permohonan  sudah saya kecewa sekali gopaylater juga di blokir ya Allah  ulasan lama  Makin mantap kelengkapan nya  Transfortasi  makanan  pembayaran all  transf  pinjaman  Semuanya gampang dalam satu aplikasi  Alhamdulillah saya sudah dalam katagori  JURAGAN ,5,2024-01-30 01:07:22,4.81.2
doni gantara,Wsw si urqyws,4,2024-02-02 05:50:41,4.81.2
TNS Official,Aplikasi aneh tibatiba dari saldo gopay ke saldo tabungan di refund oleh pihak gopay dan saldo ga bisa di pakai,1,2024-01-23 00:09:30,4.81.2
dessy natalia,Memberikan opsional gopay later pembayaran selalu tepat waktu waktu dihandle findaya aman2 aja setelah dipegang MAB malah sering di blokir tanpa alasan yg jelasbaru dibuka blokir pagi sore sudah diblokir lagi entah apa alasannya ditanya melalui email jawabannya selalu templatelimit masih sangat aman utk digunakan kalo emg gak niat kasih paylater gausah dikasih limit mendingan Tutup aja tuh fasilitas paylater Aneh,1,2024-02-02 05:44:06,4.81.2
Sahri Marfida,terima kasih sangat membantu,5,2024-01-30 01:35:25,4.81.2
Hakim Scarlet,lemot,1,2024-02-02 05:22:45,4.81.2
Yudi Arsana,Buat aplikasi gojek terimakasih atas fiturnya yg mudah di mengerti dan buat saya gampang untuk transaksi,5,2024-01-30 01:37:09,4.81.2
Nanang Hariono,Bagus Kadang cancel gk konfimasi,5,2024-02-02 04:47:15,4.81.2
Risyat sineri,Membantu sekali,5,2024-02-02 04:43:15,4.81.2
rychard Choten 27,Sangat bermanfaat,5,2024-01-30 04:04:11,4.81.2
Fatimah Salsa,Ok,5,2024-01-30 04:07:44,4.81.2
Anggarawan Fiandinata,Edan Telat sehari gopaylater Denda 50rb Di ingetin jg gak kdg kita lupa,1,2024-02-02 03:26:05,4.81.2
wahdan maulana,Ga inget punya tagihan gopay later 20K doang terlambat 1 hari doang denda 50K Ga punya pikiran banget yg buat kebijakan Harusnya denda kan beberapa persen dari total pinjaman ini pinjem 20K denda 50K,1,2024-02-02 03:19:58,4.81.2
Dayat Suga,Makin lama makin ribet fasilitasnya bmyak yg berubah,1,2024-01-30 05:47:10,4.81.2
Muhammad Aditiawarman,Pada umumnya pengemudi baikan sopan,5,2024-01-30 05:57:24,4.81.2
Budi Santoso,Program tidak seseru kompetitor,5,2024-01-30 05:58:05,4.81.2
Bang Idut,gojek semakin mantap,5,2024-01-30 05:59:41,4.81.2
Johan Safari,aplikasi sering error Mohon diperbaiki yah,4,2024-01-30 06:00:36,4.81.2
Yushup Maulana,Ok,5,2024-01-30 06:16:56,4.81.2
Agussalim Damaik,Perjalanan anda jadi mudah bersama Gojek,5,2024-01-30 06:21:57,4.81.2
Bams Budy,super,5,2024-01-30 06:23:50,4.81.2
Tobat No maksiat,Aplikasi Zionis mang Sadis Uninstal aj cari yg lain  Drivernya pd SONGONG suka cari gara gara SM orang,1,2024-01-22 22:36:36,4.81.2
Muhammad Keanu,Baguss,5,2024-01-30 06:33:09,4.81.2
DEDY KURNIAWAN,Mantap sangat terbantu dng aplikasi ini,5,2024-01-30 06:42:48,4.81.2
Frioka Putra,Bagus,5,2024-02-02 02:56:12,4.81.2
Wiwin Astrid,promonya sepi,4,2024-02-02 02:40:41,4.81.2
Deta Hidayat,Good,5,2024-01-30 06:51:49,4.81.2
Neni Herliani,Syip,5,2024-01-30 06:53:48,4.81.2
Iyan Aja,Layanan cs gak lengkap,1,2024-02-02 03:30:10,4.81.2
Tjipto Wijono,Maaf sy jarang pergi krn lagi bokek ngandalin Gokar driver akunnya juga Ga jadi ngejob oflenpun Sepi pol krn Bospada Aneh Cari yg Termurah dr yg murah,4,2024-02-02 03:30:50,4.81.2
Nopan Aryan khan,Sangat membantu,5,2024-01-30 05:35:58,4.81.2
Ishendri Zaitun,Semua tanpa rasa khawatir Terimakasih,5,2024-02-02 04:38:41,4.81.2
Rufing Sulistia,Banyak promonya,5,2024-01-30 04:08:32,4.81.2
Anadya Permatasari,Ini gimana ya pesen gosend ga dapet2 Biasanya cepet bgt lgsg dapet,1,2024-01-30 04:21:37,4.81.2
Alwi Lubis,Good attitude,5,2024-01-30 04:35:25,4.81.2
Stipe Muye,Mantap,5,2024-01-21 20:05:53,4.81.2
irmalina pratiwi,Kenapa gopaylater saya di blokir,1,2024-01-30 04:54:24,4.81.2
Siti Nuraeni,Sangat mudah dan mebantu,5,2024-01-30 04:58:13,4.81.2
Hima JnA,Kerennmakin mudah sering2 ada promo ya min,5,2024-01-30 04:58:42,4.81.2
Lhia Agustina,Pelayanannya cepat,5,2024-01-30 05:08:19,4.81.2
Beni Bastian,Salah posisilokasi saya discount ga terpampang jelas jadi kelewat,4,2024-01-30 05:32:54,4.81.2
Adita puji astuti,Bagus dan ramah,5,2024-01-30 05:10:18,4.81.2
Erik Hardiana,Fungsionalitas ketika bepergian bersama keluarga,5,2024-02-02 04:15:58,4.81.2
Hartini Valen,Aplikasi iki keren abis pokoknya,5,2024-02-02 04:02:34,4.81.2
Muhammad zidan Habib,Oke lah cukup,4,2024-01-30 05:14:33,4.81.2
Simon Vitral Aritonang,Sangat bagus sekali aplikasi,5,2024-02-02 04:02:31,4.81.2
Melyana Nana,Selalu puas menggunakan aplikasi ini sangat membantu sukses selalu gojek,5,2024-02-02 03:40:28,4.81.2
Andik Saputro,Rute yang dilalui untuk pengantaran tidak ada jalanbuntu,1,2024-02-02 03:32:47,4.81.2
yoyo mardianto,Mantap,5,2024-02-02 06:35:23,4.81.2
Ujang Sujana,Penjemputan tidak lama,5,2024-02-02 06:38:04,4.81.2
Krupok pedis,Makin kesini makin ribet ya mau hub cs aja ribet menunya mutermuter terus,2,2024-02-02 06:42:49,4.81.2
Rdjarawoli 1996,Bagus,4,2024-02-02 07:56:10,4.81.2
Doddy Herpin,Ok tambah sukses,5,2024-01-23 03:59:48,4.81.2
Andika Maenakhy,Okok,5,2024-01-29 14:18:46,4.81.2
irmaliani sari,ok,5,2024-02-02 08:39:25,4.81.2
Muhammad Ikhlas,Tolong percepat pengembalian dana saya saya sangat butuh duit itu untuk beli obat untuk adek saya yg sedang sakit parah,4,2024-01-29 14:19:16,4.81.2
Hartadi pj,ok,5,2024-01-29 14:22:35,4.81.2
Thomas Hardy,very satisfying application I am not a native Indonesian I come from Germany where I live there is no service as good as this Hopefully this application can be even greater,5,2024-01-29 14:42:27,4.81.2
Danu Zain,Good,5,2024-01-29 14:45:37,4.81.2
ihsan Amanah,Good,5,2024-01-29 14:47:09,4.81.2
igone ji official,DENDANYA KETERLALUAN TELAT SEHARI 50RB LEBIH KEJAM DARI PINJOL,1,2024-02-02 08:35:35,4.81.2
Yanti Atha,Gojek payah,1,2024-02-02 08:29:32,4.81.2
Aji Riansyah,Semakin update semakin mahal ongkos kirim tidak masuk akal,1,2024-02-02 08:28:05,4.81.2
Iwan Vesva,Gopaylater tidak bisa digunakan jdi males naik gojek lgi achhh,1,2024-01-23 03:36:00,4.81.2
Quin Lola,kenapa sudah versi terbaru sinyal dan mash banyk iklan ya wah parah sekarng,1,2024-02-02 08:27:47,4.81.2
Fauzan Erizal,Permudah urusan dan pesanan,5,2024-01-29 15:03:11,4.81.2
Mia Deprisa,Sangat membantu,5,2024-01-29 15:06:39,4.81.2
D & Z,Jangan download jelek bgt pelayanan y,1,2024-02-02 08:16:03,4.81.2
Dodo -,Sangat terbantu terimakasih ,4,2024-01-29 15:16:31,4.81.2
Dyah astrie Deasy maharani,Saya ingin menghubungi cs bagaimaa caranya,5,2024-01-29 14:14:24,4.81.2
meliana mokoginta,Semuanya dibuat mudah,5,2024-02-02 08:40:56,4.81.2
Agus Wirawan,Nothings compare,5,2024-02-02 08:43:36,4.81.2
Nyoman Sutawan,Gojek terbaik,5,2024-01-29 13:15:57,4.81.2
Amirudin Amirudin,GoJek mempermudah transportasi dan mampu meningkatkan perekonomian keluarga,5,2024-01-23 04:24:14,4.81.2
Pengguna Google,Gopaylatter by MAB aneh  Beberap fitur nya gak bisa pake pembayaran gopaylatter Awal bisa gopulsa sekarang gak bisa  trus di tambah gomart gak bisa juga pake gopaylatter ,2,2024-01-29 12:45:37,4.81.2
Tri Haryadi,Aplikasi cukup membantu,5,2024-01-29 12:46:26,4.81.2
Akun Rusdi,Sekarang hancur sistem Mau persen goofood tapi dipaksa harus nunggu lama Kalau bisa kembalikan ke sistem jamam pak nadiem,2,2024-01-29 12:53:46,4.81.2
Sekar Aulia,Gojek sangat baik,2,2024-01-29 12:55:54,4.81.2
Hafidz Hamdan,Mantab Tingkatkan pelayanan,5,2024-01-29 12:59:49,4.81.2
I KADEK AGUS WIDIANTARA,Tidak manusiawi not safe,1,2024-02-02 09:00:15,4.81.2
Muhammad Hafsh,Saya mencari no cs yg bisa dihubungi gak nemu Sama punya akun gojek yang masih punya tunggakan pay later Masalah kartu saya mati gara kelamaan di Indonesia timur dan lupa isiin pulsa Hp juga rusa jadi lost dengan aplikasi yang pakai no tersebut Ada solusi Karena saya mau bayar tunggakan pay later saya,3,2024-01-29 13:18:51,4.81.2
hagi dwi,Gojek adalah aplikasi penyiksa driver,5,2024-01-23 04:03:13,4.81.2
Astari Puji Ramadhani,Usefull  helpfull,5,2024-01-29 13:24:17,4.81.2
Markus Sutikno,sangat membantu,5,2024-02-02 08:58:49,4.81.2
Rubaiyah Roji,Perjalanan sesuai kebutuhan,4,2024-01-23 04:08:49,4.81.2
Artha Nug,Akun GopayLater saya terblokir Belum ada respon dari csnya,1,2024-02-02 08:50:20,4.81.2
Andi Rohendi,sudah 5 jam top up saldo gopay di alfamart belum masuk juga Sudah berapa kali pake fitur bantuan sama harus nunggu 23 hari kerja padahal cuma 200 ribu top up nya,2,2024-01-29 13:58:24,4.81.2
Dedi Dermawan,professional,5,2024-02-02 08:47:08,4.81.2
GT Gandung Eko Prihmanto,Simple userless,5,2024-01-23 04:03:50,4.81.2
Maryani Okto,Memudahkan kita untuk bepergian dan lainy,5,2024-02-02 08:05:49,4.81.2
Indra Setiyadi,Dapat driver jemput pada jauh2 banget bikin telat kerja,1,2024-02-02 07:49:24,4.81.2
Putri Amelya,Tolong dong GoJek ini kenapa call centernya ditelfon nomernya malah tidak terdaftar customer service juga di email dalam antrean terus Dikontak lewat Sosial medianya engga ada respon Tolong dong jangan ngecewainsaya pengguna lama GoJek selama ini engga ada masalah selalu mengikuti prosedur Tapi malah begini pelayanannya saya kecewa banget,2,2024-02-02 06:43:44,4.81.2
Dendry Pangaribuan,Gonpay later sering gangguan tolong dibenahi,2,2024-01-23 02:54:33,4.81.2
Dwi ArifKu,Gopay later tibatiba terblokir Limit masih melimpah pembayaran tepat waktu 3 kali hubungi CS tetap saja tidak ada penyelesaian dan alasan yg jelas Terakhir disuruh mencoba bulan depan Ada untungnya juga bisa ngirit hehe,1,2024-01-29 18:50:50,4.81.2
Deva jusa JUsa,Samgat baik  membantu,5,2024-01-29 19:34:19,4.81.2
Inara Nabila,Mantap,5,2024-01-29 21:00:25,4.81.2
madeleine loliana,ramah sekali driver nya suka ajak ngobrol,5,2024-02-02 07:14:56,4.81.2
Andy Hernady,Gopaylater lambat sehari aja dendanya gede bgt parah,1,2024-02-02 07:14:06,4.81.2
Abdul Alapola,Ok,5,2024-01-29 22:54:58,4.81.2
Sakti Priyo,Aman,5,2024-02-02 07:09:23,4.81.2
Hnfi,TOLOL SINYAL FULL KUOTA MASIH BANYAK GILIRAN TRANSFER ERROR EH TAUNYA UDAH KE TRANSFER KIRAIN BELUM GGARA SINYAL ERROR JADINYA 2X KONFIRMASI EHH MALAH APLIKASINYA TOLOL TOLOL TOLOL,1,2024-02-02 07:05:20,4.81.2
febrita suzarwati (Febryta),Susah dapat driver saat hujan Drivers nya pilih pilih orderan,1,2024-01-29 23:26:34,4.81.2
Ender Nity,Ga tau disuruh temen,5,2024-01-29 23:26:53,4.81.2
Josua Isaiah Mangera Kara,gocar kalo pagi lama banget gaada yang mau angkut,1,2024-01-29 23:29:51,4.81.2
Panca alamanda,goog,5,2024-02-02 06:58:41,4.81.2
AIUEO,kalau hujan kenapa susah bgt ya Allah dapetinnya mana sering telat sekolah garagara susah dapet driver,1,2024-01-29 23:45:43,4.81.2
Bang Chan,Woyyyy anjingggg goblokkkkkk udah top up gopay saldo rekening udah kepotong tapi saldo GOPAY tetep 0 dasar anjinggggg taiiii babiiiiiiii,1,2024-01-23 01:04:45,4.81.2
Renty Chaniago0202,cuman lelet x,5,2024-01-29 23:53:56,4.81.2
Franciscus Ricky,HAPUS aplikasi turut bekerjasama dgn aplikasi penipuan dgn memasang iklannya,1,2024-01-29 23:56:44,4.81.2
Danaro Danaro,Bagus,5,2024-01-30 00:10:06,4.81.2
ilham akbar,Good aplcation,5,2024-01-29 18:44:26,4.81.2
Nagata Tanaya,Bagus,5,2024-02-02 07:21:00,4.81.2
Yeri Andriyani,Aplikasi Gojek bagus gampang cari alamatnya,5,2024-02-02 07:22:50,4.81.2
Melova Cantik,Habis isi gopay 300000 baru dipakai dikit sisa masih banyak  apk gojek g bisa dibuka sdh 2 bl lalu,1,2024-02-02 07:40:07,4.81.2
Fadlah Nurussilmah,gercep,5,2024-01-29 15:34:03,4.81.2
Gabriella athania Gathea,Bagus,5,2024-01-29 15:42:06,4.81.2
Sph Bonjols The Mocta,sangat membantu,5,2024-01-29 15:54:55,4.81.2
Dwijayanto Jayanto,Oke,4,2024-01-29 16:03:05,4.81.2
Mila Arsita,Lama2 gak jelas ini aplikasi nyari driver skrg kyk susah bgt pantesan aplikasi sebelah lebih berjaya Perbakin itu manajemen nya Lama2 punah lu yg bertahan malah yg dari luar negeri Seperti sampah aplikasinya skrg gw dlu belain2 selalu gunakan aplikasi GOJEK karena mendukung produk lokal skrg gw jadi beralih ke sebelah lebih cepet dpt driver mahal jg gw jabanin mohon klau bsa jgn mengecewakan pengguna setia lah jam yg gak sibuk pun cari driver susah buang2 waktu,1,2024-01-29 16:04:40,4.81.2
Devi Hatik,Melayani dgn baik,5,2024-01-29 16:14:08,4.81.2
ichwan aventureros,Mantab,5,2024-01-29 16:14:11,4.81.2
Shodikin Jepara,Masih suka sebenar nya tpi,4,2024-01-29 16:18:28,4.81.2
Yusuf Yanuar,Untuk gopay laternya nggak bisa di bayar lebih awal jadi b2 dulu nanti kalo bisa baru di kasih b5,2,2024-01-29 17:43:48,4.81.2
Amirul Mujahidin,Tidak ada yg sempurna karena kesempurnaan hanya milik allah,4,2024-01-29 16:28:50,4.81.2
arif Abdul hidayat,Sangat membantu,5,2024-02-02 07:37:05,4.81.2
Rahmat Sanfitra,Cepatramahm embantu sekali,5,2024-02-02 07:28:57,4.81.2
Mogot Caroline,Lebih murah dibandingkan sebelahok tetap berjaya Go Go Go,5,2024-01-23 02:34:24,4.81.2
nadia,Telat dikit langsung diblokir gbs digunain lg pdhl pelanggan setia NAJISSSSSS,1,2024-01-29 16:43:48,4.81.2
Mikhael Sembiring,Selalu ada Jalan,5,2024-01-29 17:15:04,4.81.2
Maya Mufliha,Saya kecewa dengan apk ini masak saya isi paket data di apk ini udh kepotong tapi paket data saya tidak masuk sama sekali saya sangat kecewa bkn masalah nominal ya 100rb saya kepotong untuk paket data krna saya isi paket data jd 50gb 100rb tapi tidak ada masuk saya sangat kecewa ,1,2024-01-29 17:21:45,4.81.2
Ayam Kalasan Judes,Jgn alay lah,1,2024-01-30 06:56:29,4.81.2
Siti Rohani,senang playanan cepat driver ramah dan sering ada promo n disc,5,2024-02-02 04:19:55,4.81.2
C O L D,Jawaban pusat bantuan tidak berguna giliran hub cs balas nya lama banget,1,2024-01-30 10:51:47,4.81.2
Dessy Afriyani,Tepat waktu dan banyak promonya,5,2024-01-30 10:08:23,4.81.2
Ade Maulydiah Putri,Kadang aplikasi eror voucher menghilang semua Tanggal di layanan bantuan tidak sesuai,3,2024-02-02 00:23:21,4.81.2
"Elas Junika, A. Md",Kenapa belakangan ini sering terjadi orderan ganda  jadi salah paham sama drivernya sampai marah drivernya gara orderan gandanya,3,2024-01-30 10:44:53,4.81.2
Siti umadatul ulya Ulya,Gercep dan suka kr sering ada promo hematnya,5,2024-02-01 17:49:12,4.81.2
Kasmanto Kasmanto,knp akun gojek sy gk bisa di buka sdh update,5,2024-01-30 13:02:07,4.81.2
Supartan Saja,Mantap,5,2024-01-30 10:43:58,4.81.2
Wulan Wulan,Gonek sangat membantu,3,2024-02-02 00:41:28,4.81.2
apung se apung se,Amtap,5,2024-01-30 10:43:58,4.81.2
Miftahul Huda,mantap,5,2024-01-30 10:43:34,4.81.2
Paulinus Gulo,Membantu,5,2024-01-30 10:31:06,4.81.2
Roney Palabuan,Tiba tiba gopay leter di blokir ga jelas padahal slalu tepat bayar,3,2024-02-01 17:23:01,4.81.2
novitri kholifa,trima kasih pak driver walaupun hujan siap mengantar ,5,2024-01-30 10:30:13,4.81.2
Rosh Rugha,Bagus,5,2024-02-02 00:42:39,4.81.2
Wijay,Bagus,5,2024-02-02 00:45:47,4.81.2
Daniel Silaban,Ok,5,2024-01-30 10:09:39,4.81.2
Mam Setiaji,Terbaik,5,2024-02-01 17:13:59,4.81.2
Susilo Joko,Ok,5,2024-02-02 01:10:58,4.81.2
William Kemren,Sangat membantu,5,2024-01-30 10:07:01,4.81.2
Sita Rayen18,Jadi Lemot hbis update an harusnya makin lancar,2,2024-01-30 10:00:08,4.81.2
Abdullah akbar,Ok,5,2024-01-30 09:58:24,4.81.2
Stefanus Oentojo,Bila pesan car hemat tunggu lama dan pasti tidak dapat,1,2024-02-02 00:48:10,4.81.2
Teodorin Dea,Semoga berkah,5,2024-01-22 17:26:08,4.81.2
sarif hidayat,GoJek mantaplah,5,2024-01-30 09:51:33,4.81.2
Julian bee Cheng,Good,5,2024-02-01 17:01:50,4.81.2
KAPTEN Oleng,Mantap,5,2024-02-01 16:09:31,4.81.2
Janitra Novi,Mantap bawanya pak,5,2024-02-02 01:06:53,4.81.2
Fandiansyah Ajie Pangestu,Bagus sekali,1,2024-01-30 09:31:58,4.81.2
Sussy Wie,Aplikasi keluar terus saat digunakan,1,2024-01-30 13:51:04,4.81.2
Liah Liah,Gak tau dah mau komen apaintinya ini aplikasi makin jelek ajapesanan suka lama banget padahal jaraknya gak jauh alamat suka nyasar tibatiba tidak sesuai,2,2024-01-30 09:28:45,4.81.2
ATIK SETYANINGSIH,gojek jadi langganan saya service prima,5,2024-01-30 09:27:19,4.81.2
Sukri Ansyah,Sangat membantu,5,2024-02-02 00:12:04,4.81.2
Savinykh,Mesen gojek padahal banyak yg deket malah dapet yg drivernya jauh Jadinya telat ke kantor Nanya ke supirnya katanya biar rata kebagian semua ordernya tapi saya yg di rugikan  Ga lagi deh pake ini aplikasi Kecewa sangat,1,2024-01-30 10:50:00,4.81.2
zen thea,Cukup membantu di kala lg butuh transportasi,4,2024-01-30 10:50:26,4.81.2
Tag Store,Sangat memudahkan,5,2024-01-30 10:51:45,4.81.2
SEMPAK ANJING,Bagus,5,2024-02-01 19:46:45,4.81.2
Gea Vatrio,setelah di update malah tambah jelek,1,2024-01-22 15:12:41,4.81.2
samuel abraham,Hampir semua driver bilangnya gaada kembalian tapi giliran dibilang bener gaada duit receh baru dikasih kembalian tingkatkan kejujuran juga yaa,3,2024-01-22 15:13:01,4.81.2
aulia ineke,aplikasi yg sangat bagus profesional dan sangat membantu,5,2024-01-30 12:03:03,4.81.2
taufik hidayat,Masa payleter 17000 terlambat 1 hari denda 50000parah banget outo unistal,1,2024-02-01 20:38:49,4.81.2
Resvina Dinata,Gak bisa buka buka akun mo bayar paylater jd kena denda sehari pdhl baru kelewat beberapa jam baru bsa ke update gmna cara hapus dendanya,1,2024-02-01 21:47:37,4.81.2
Azka Yoki,Sangat bagus,5,2024-02-01 19:09:19,4.81.2
Kang Moes,Hi gojek ga sah ngadi bnyak sekarang apk yg jauh LBH murah untuk transportasi pinjaman juga masa denda ga wajar hutangnya cuma 135k ru telat 1 hari dah denda 50 k ampunn dah di pegang karya anak bangsa malah ga jelas g kaya dulu waktu di pegang OLEH FINDAYA dendanya per hari kan orang kadang lupa ini mah alamat uni instal apk rame satu kluarga pindah k Maxim dan indrive ngadi bnget apknya GoJek sekarang,1,2024-02-01 22:00:19,4.81.2
Arsin Wisnuadi,Sudah lebih baik,5,2024-01-30 11:50:57,4.81.2
Nova Lia,Sangat bagus,5,2024-02-01 22:16:16,4.81.2
Talitha fadhillah,Sekarang kenapa ga bisa psn gojek buat org lain yaklau beda lokasi malah alamatnya ga kebacapdhal dulu bisa,3,2024-01-30 12:20:52,4.81.2
Damai 88,sy sebenarnya tdk telat dan sudah menunggu di titik lokasi tapi kenapa sy yg kena charge padahal titik jemput sudah benar,3,2024-01-30 11:41:53,4.81.2
Vilapondokindah 2019,Mantabb,5,2024-01-30 11:31:17,4.81.2
Marfendry Lukman,pokok ee Mantap,5,2024-01-30 12:29:06,4.81.2
Radit Rayadi,Perjalanan jadi mudah,5,2024-01-30 12:29:27,4.81.2
Anis Anis,Bagus Tapi kenapa sekarang gak bisa dibuka,3,2024-01-30 12:41:05,4.81.2
abi yasha,Apk ini sangat ngebantu banget untuk memesan makanan lewat online perpegian dsb,5,2024-02-01 23:27:04,4.81.2
sahmul ritonga,Bagus,5,2024-02-01 23:30:53,4.81.2
cilinaya cilinaya,Bagus,5,2024-01-30 11:27:01,4.81.2
LIMIN LOMBOK,Mudah cepat dan murah,5,2024-02-02 00:02:16,4.81.2
Bayu Kurniawan,Make me Power you are a few minutes to get away for me,4,2024-02-01 18:33:41,4.81.2
Sandi Falathan,tapi saya belum bisa untuk gopay pinjampengajuan saya selalu di tolak,5,2024-01-30 12:51:59,4.81.2
agung gumelar saputra,oppo f1 s,4,2024-01-30 11:26:49,4.81.2
Aji Prima Syahid Abdurakhman,Saya lebih banyak saya dapat driver yang lokasinya jauh dari titik penjemputan,3,2024-01-22 15:51:29,4.81.2
Winoto Grab,Pelayanan nya semakin mengecewakan,1,2024-01-22 16:02:13,4.81.2
mumtaz aidi08,Mantap,5,2024-01-30 10:54:23,4.81.2
Riyanto Riyanto,Ok,5,2024-01-30 10:52:40,4.81.2
Danil Sunjaya,Gopaylater tiba2 diblokir Ga jelas Bayar ga pernah telat Aplikasi aneh ,1,2024-02-01 18:09:40,4.81.2
tony thamrin,Mantap,5,2024-01-30 13:51:26,4.81.2
Heilamss,Gopay Later di blockir padahal sering bayar,1,2024-02-01 16:32:25,4.81.2
Ekocahyo Sulistyo,Jadi bisa atur semua pembayaran,5,2024-01-30 09:20:46,4.81.2
HRO CHANNEL,Antoh neh psyouh bek gawei tokes,2,2024-01-30 14:27:59,4.81.2
Faisal Amar,Aman tapi ongkirnya tidak promo,5,2024-01-30 14:11:23,4.81.2
Elviya Gusni,Baik,4,2024-02-02 01:37:30,4.81.2
Arie Jono,Good job ,5,2024-01-30 14:15:37,4.81.2
Yuni Yuni,Terima kasih pinjaman Ivoji sangat membantu saya,5,2024-01-30 08:15:29,4.81.2
Dzilan Dzalila,Dengan gojek mau bepergian mudah cepat dan murah,5,2024-02-02 01:45:32,4.81.2
Agus Ramdani,Ramah,5,2024-01-30 14:16:09,4.81.2
Fahmi Halim,Easy ,5,2024-02-02 01:55:07,4.81.2
annisa rahmi,Bagus,5,2024-01-30 08:10:11,4.81.2
nelisa nelisa,Buat Kalian yg suka pakai gopaylater jika update klik saja nanti soalnya klo di update tiba2 terblokir dan gak bisa di pakai lgi  Padahal selama ini sangat membantu dan bayarnya sllu tgl 28 padahal JT tgl 01 ,1,2024-01-30 08:05:50,4.81.2
Par Lan,Lebih mantap paki gojek,5,2024-01-22 20:46:35,4.81.2
Seftiyani Ulyaina,Tidak bisa masuk akun padahal punya akun dan selalu keluar notic masalah jaringan padahal wifi kenceng paket data banyak selalu berulang gk bisa masuk akun dan sebelumnya malah gopaynya gk bisa di pake dengan notic tidak ada jaringan padahal paket datanya nyala dan masih banyak Parah sih,1,2024-01-30 07:55:18,4.81.2
Goen Leather,Mantap,5,2024-02-01 15:32:27,4.81.2
Zulfi Mauluddin,Tolong di Banyakin promo diskonnya lagi saya sebagai pengguna gopayletter,5,2024-02-02 01:55:45,4.81.2
Abdul Jay,Iklan meresahkan,1,2024-02-01 15:30:25,4.81.2
azizah fitra,Good lah,5,2024-01-30 07:46:31,4.81.2
winda agustin,Good membantu sekali,5,2024-01-30 08:30:30,4.81.2
baem eem,Solusi bagi kita yg mau buru2 dgn biaya yg terjangkau Sat set set,5,2024-01-30 07:42:40,4.81.2
Deta Mail,tepat waktu,5,2024-01-30 14:31:33,4.81.2
Arshaka Aditia,Ga pernah kecewa sama gojek selalu terbaik,5,2024-01-30 14:34:26,4.81.2
Ade Margareta,Gopaylater Saya di blokir dari bln okt 2023 tanpa sebab dan di Januari 2024 limit naik tetapi tdk dapat di gunakan juga karena masih terblokir apakah Gopaylater saya masih berguna  Mohon infonya Terimakasih,5,2024-01-30 07:42:12,4.81.2
Nur Wida,titik nya selalu menceng jauh tolong fiper baiki rute dari drivernya ke prnjemputan agar bisa lebih cepat saat menjemput,1,2024-02-02 02:18:04,4.81.2
Resha Yogaswara,Saya top up saldo gopay namun secara langsung terpotong tagihan yg tidak jelas padahal saya tidak pernah meminjambayar nanti saat menggunakan aplikasi gojek Dan sebelumnya saya menerima transfer saldo gopay juga terpotong juga dari tagihan yg tidak jelas sudah 2 kali terpotong gara2 tagihan,1,2024-02-02 02:23:56,4.81.2
Ndaru Ardiansah,Mantabbb betul,5,2024-02-01 15:28:59,4.81.2
Dhiaz Kusumah,Pelayanannya lambat dan ribetterutama buat gopay plus ga bisa ganti ke no baruga bisa hapus akun dan ganti ke no yang barumenyusahkan sekali proses nya,5,2024-02-02 02:30:49,4.81.2
Robby Lou,Good Aplication,5,2024-01-30 14:50:04,4.81.2
Hairul Syahbana,Satu nya apk yang ga cocok di kasih bintang,1,2024-01-30 07:33:11,4.81.2
Nurul Amira HR,Ongkir gofoodnha mahal banget mana promo berlaku cuma untuk minimal belanja 100rb,1,2024-01-30 07:27:13,4.81.2
Salwa Syivana Nuraisah,gojek makin lama makin buruk tiap update bukannya makin bagus malah makin gk jelas,1,2024-01-22 22:15:08,4.81.2
yurman caniago,good,5,2024-01-30 07:19:21,4.81.2
Nur Hady,Saya langganan gofood pluss biar gratis ongkir tapi kenapa ada biaya penanganan Sama aja jadinya kena ongkir gimanasih rugi,3,2024-02-01 15:32:35,4.81.2
m tukhah,apk jelekk gampang bgt,1,2024-01-30 08:14:32,4.81.2
KARIMUN KARIMUN,Pokoknya membantu,5,2024-01-30 11:57:54,4.81.2
Candra Bandung boys,Oke banget,5,2024-02-02 01:27:35,4.81.2
Rafif Setiyawan TV,ok,5,2024-01-30 14:03:39,4.81.2
Tika K. Bayu Nugroho,Tiap buka aplikasi sruh up date baru 1 minggu buka update lg jd mau buru2 harus nunggu instal dlutolonglah masak iya 1 bulan update 3x,3,2024-01-30 08:55:37,4.81.2
deglox underz,Psnn cepatjoss,5,2024-01-20 13:28:54,4.81.2
Waryono,Banyak fitur baru yg sngt membantu dan memudahkan,5,2024-02-01 15:37:52,4.81.2
Najma Sandryna,Bagus dan mantap,5,2024-01-30 14:00:28,4.81.2
Gladys Mdo,Good recommended,5,2024-01-30 08:47:35,4.81.2
Muhammad Abdul Aziz,Saran aja jangan pernah pake Gopay Later pengaturan paylater untuk pembayaran ndak ditampilkan didepan biar lupa bayar biar kena denda telat sehari 50000 mantappzzzzzz,1,2024-02-02 01:26:12,4.81.2
Heru Yogi,Good,5,2024-01-30 14:07:53,4.81.2
momon soleman,Mantaf,5,2024-02-02 01:24:42,4.81.2
Doni Andrias,mantap,4,2024-01-30 09:15:51,4.81.2
fia arfia,Gak bisa di pake Gopay saya balikin,1,2024-01-30 08:42:05,4.81.2
Reffan “Gwenatan” NatzuGara,Okein aja,5,2024-02-01 16:05:21,4.81.2
Andreas Andi Wiyadi,Kepada pengembang aplikasi kenapa setelah update saya rasakan vitur menu2nya semakin rumit ya Kalau bisa ketika update kembali menu2 dan vitur dibuat seperti aplikasi yang versi sebelumnya supaya lebih mudah digunakan dan tidak membingungkan,3,2024-01-19 04:20:36,4.81.1
Montro Chamtari,Murah nyaman cepat,5,2024-01-19 03:57:48,4.81.1
fadly ramadhan,Sudah biasa kalo hujan pasti susah dapat driver sekali nya dapat pasti posisi nya jauh pas saya tanya driver di samping saya pak orderan saya ga masuk Ga pak karena saya ladi di suspend 30 menit gara2 ngelewatin orderan soalnya kalo hujan orderan nya ngaco Jauh2 jemput nya,1,2024-01-19 06:46:57,4.81.1
charlottelinlin,Capek ama gocar  tiap butuh antar anak kesekolah pasti gak ada sama sekalinunggu lagi cati driver sampai 30 mnt dapat juga alasan belum siap jalan minta d batalin mentang2 hujan banyak orderan jadi milih2 ya percuma promo gak pernah kepakai akhirnya naik gobike anak saya sampai hujan2an  walau pakai jas hujan padahak harga ama gocar beda tipis benar2 bikin kecewa,1,2024-01-19 00:23:03,4.81.1
Hartanto Wibowo,Order gocar semakin susah padahal dimaps ada driver yg dekat udah nungguin lama ga ada yg nyangkut,1,2024-01-19 01:19:03,4.81.1
Pengguna Google,Cukup bagus sih lumayan ada peningkatan tp disayangkan beberapa driver mempermainkan cust dg alasan tarif terlalu murah halo kita gabisa ngatur ya itu udah dari aplikasi tarifnya kita hanya bisa memilih menggunakan argo apa ride car dll kalau dirasa tarif terlalu murah silahkan lapor ke kantorcs saja jk tdk sesuai keinginan kalian jgn cm nerima order tp ga jalan ujungujungnya dibatalkan sepihak,5,2024-01-19 01:56:30,4.81.1
Haqqul Adzan,semoga berkah,5,2024-01-19 01:30:11,4.81.1
Robert,Tambah lama tambah ngak berguna,1,2024-01-21 15:23:00,4.81.1
Raditya Wira Pratama,Semoga lebih baik lagi,5,2024-01-19 03:39:08,4.81.1
DANI KURNIAWAN,Kecewa berat sama gojek gopay saya ke blokir padahal saya tidak melakukan kesalahan apapun tolong pihak gojek,1,2024-01-21 10:16:39,4.81.1
Sa'adatul Hurriyah,Hp kereset instal ulang GoJek mapnya malah ngawur rutenya dijauhjauhin padahal rute jalan utama ada,1,2024-01-19 04:12:35,4.81.1
Putriii Wahyuningsih,Sering sering ada promo ya Jangn pelanggan yg baru aja d kasih promo banyak Pelanggan lama juga biar ga berpaling dari gofood mantap,5,2024-01-21 14:56:12,4.81.1
Anggie Rahmadian Zulkipli,Gopaylater saya kenapa diblokir sepihak transaksi lancar pembayaran lancar  emang bener2 dahh gojek udah ga seru lagi ,1,2024-01-19 01:30:18,4.81.1
Liyah Jajar,Cepet aja pokoknya,5,2024-01-19 00:20:29,4.81.1
Ahmad Jawahir,Sangat membantu,5,2024-01-19 06:29:30,4.81.1
larry setiawan,Jangan tunggu jatuh tempo baru bisa bayar klo orang mau bayar duluan kasih aja dari pada lupa jadi nya kan enak di kamu dapat fee denda dari Kami,2,2024-01-19 01:55:30,4.81.1
yoriwiedya,Selalu ada bug aplikasi Kali ini akun saya tidak ada promo sama sekali Padahal banyak tampilan promo tetapi tidak bisa dipakai Langganan juga tidak tersedia LOADING GO FOOD SANGAT LAMBAT padahal internet lancar Mohin diperbaiki,1,2024-01-21 15:18:11,4.81.1
Roy Liem,Banyak diskon supir gojek ramah terima kasih Tuhan memberkati,5,2024-01-19 01:16:58,4.81.1
Ramli Ramli,Gojek saya ga bisa dibuka semejak dipembaharui ke aplikasi gojek versi baru,1,2024-01-19 06:31:57,4.81.1
Angelia Pratama,apk gak jelas ngelag kocak,1,2024-01-21 23:39:36,4.81.1
Lionel Gandewa12,Aplikasi berguna,5,2024-01-21 10:17:19,4.81.1
Ade usman Usman,Aplikasi jadi ngaco stlah di Upgrade jadi susah top up sado saya jadi hilang,1,2024-01-21 15:13:25,4.81.1
Ariel Wagianto,Ok,5,2024-01-21 10:17:40,4.81.1
Rafif Althaf,Ok,5,2024-01-19 03:53:08,4.81.1
Ross Aat88,Selalu sat set drivernyamantap,5,2024-01-19 06:49:18,4.81.1
Ronny dan sandi Van Rodex dan sandi,Sangat membantu tapi sayangnya saat order sore malam AC mobil gocart sering di off kan oleh driver  sehingga kenyamanan customer berkurang,3,2024-01-21 23:40:09,4.81.1
taMey Setyowati,Sangat mengecewakan tidak membantu terhadap masalah yang terjadi pada transaksi gomart,5,2024-01-19 00:38:19,4.81.1
kinara Adiella,Bagys,5,2024-01-19 03:40:11,4.81.1
asri rusmala,Ok banget,5,2024-01-21 10:21:42,4.81.1
Adrian 1975,Gojek ok,5,2024-01-19 01:30:32,4.81.1
Evi Sisca,Masuk akun lama gak bisa2 ngebugg muluu  bkin akun baru pun gak bisaa  pdhl dlu gmpg bgt bkin akun di aplikasi gojek ini  skrg kog dipersulit ya,1,2024-01-21 10:25:08,4.81.1
Jose Galhos,Semenjak semenjak hadirnya goto limit paylater tidak bisa di gunakan sy sangat kecewa tidak perna bayar telat di cicilan tapi limit bertamba mau pake transaksi gak bisa di gunain malah di GoJek limit paylater di blokir tolong beri solusi semulanya nya berjalan lancar baik belanja gofood maupun yg lain nya sekarang limit bertambah malah sia sia malah di alihkan gopay apa limit pay later masih di gunain apa UD gak bisa lagi tolong solusinya terima kasih,5,2024-01-19 04:33:25,4.81.1
Luthfi Subardin,Sangat baik dan sopan,5,2024-01-21 10:39:03,4.81.1
Nicky Lauda,Istimewa banyak promonya,5,2024-01-21 15:00:24,4.81.1
Nenih Neng,Sangat suka gojek,5,2024-01-21 23:50:08,4.81.1
Pak Sho,Good,5,2024-01-19 06:39:24,4.81.1
Fadly Aryanto,Bagus,5,2024-01-19 01:30:25,4.81.1
aris oktavianto,Sangat membantu,5,2024-01-21 23:35:52,4.81.1
Irwan Santoso,Ok sip,5,2024-01-21 15:38:35,4.81.1
iman home,Good job,5,2024-01-21 14:59:45,4.81.1
Edwar ibrahim,Sudah di perbaiki mantap cepat respon,5,2024-01-21 23:58:45,4.81.1
Alika Naila putri,apakah gojek selalu myeyediakan jas hujan tolong di bantu untuk di jawab,4,2024-01-19 04:03:41,4.81.1
Dedo Zazaly,Aplikasi berat dan loading muluram hp 6gb sinyal 4gutk aplikasi lain lancar jayacuma aplikasi ini aja yg lemotmohon diperbaiki untuk kenyamanannyaterima kasih,1,2024-01-21 10:17:06,4.81.1
Rthndd,Aplikasi driver g mutu,1,2024-01-19 01:15:42,4.81.1
Yulia Fitri ari,Selalu bisa di andalkan dimanapun Terima kasih,5,2024-01-21 23:35:50,4.81.1
Aminah Rahman,Baik,5,2024-01-21 15:39:42,4.81.1
Reza Pahlevi,Segalanya mudah dgn gopay,5,2024-01-21 18:28:10,4.81.1
djan Khim,Kak kenapa gopay saya tidak bisa dibuka dan ada terdaftar hp vivo sedangkan hp bukan vivo,4,2024-01-21 23:17:15,4.81.1
May Shantika de,Aplikasi yang sangat2 membantu  Semoga Gojek selalu sukses dn maju,5,2024-01-21 17:19:01,4.81.1
Ferdy Adnan Hernando,saya sudah berlangganan gofood plus tapi ternyata sekarang ga ada resto gofood plus sehingga saya tidak dapat menggunakan fitur dari langganan tersebut mana langganannya 3 bulan langsung lagi  mohon di perbaiki,1,2024-01-21 17:34:40,4.81.1
Izaa Minsong,Sangat bgusdan sangat membantu,5,2024-01-21 12:25:17,4.81.1
Rizqi Nugraha 26,Well,5,2024-01-21 13:18:20,4.81.1
Toko dan Penginapan JALA SUTRA,Memudahkan sekali Terimakasih gojek ,5,2024-01-21 12:22:47,4.81.1
NDL Channell,Topup saldo gopay gak masuk masuk dari semalem Akun dinonaktifkan mau pemulihan akun gagal terus Payahhhhhhh,1,2024-01-19 06:01:42,4.81.1
Winna Meichan,Senang pakai aplikasi Gojek jadi mudah,5,2024-01-21 12:20:33,4.81.1
chris po,selalu membantu ketika sy membutuhkan bantuan,5,2024-01-19 02:55:52,4.81.1
ryndei dwi,Top Mantap is The Best  pilihan No 1 sii kalo utk Ojek Online ataupun Gosend ,5,2024-01-19 06:03:05,4.81.1
Reky Recardo,respon gonek lama,1,2024-01-19 06:04:24,4.81.1
Rahma Hanie,Sangat membantu,5,2024-01-21 10:45:46,4.81.1
Lala Nuryanti,Apk jelek,1,2024-01-19 06:04:37,4.81.1
Syarief Aji,Aplikasi bangke udah di upgrade di gopay knp minta upgrade lagi Nyusahain hak orang,1,2024-01-21 12:17:32,4.81.1
Samsudin Samsudin,Aplikasi paling membantu untuk sehari hari saya,5,2024-01-21 12:04:04,4.81.1
Mas Hari setyawan susanto,Good,5,2024-01-19 03:21:04,4.81.1
anggraeni,Termakasih selalu menjadi yg terbaik ,5,2024-01-21 20:50:25,4.81.1
Riko Perdianto,nyari driver aja lama bgt,1,2024-01-19 06:05:20,4.81.1
Agus Toni,Kenapa tidak bisa memesan driver gojek ya maksud ku untuk orderan goride padahal aku punya pulsa yang cukup,5,2024-01-19 04:53:21,4.81.1
Ferry Rahman,Instan pick up poin dalam terminal bungur asih sebaiknya ditutup saja dari pada tidak ada diriver yg mau masuk,2,2024-01-21 22:10:20,4.81.1
Macan Nakal,Sangat membantu,5,2024-01-21 17:35:07,4.81.1
games lovers,Uang saya kok belum di refund,1,2024-01-21 15:21:00,4.81.1
Hanan Cepoe,ToP,5,2024-01-19 05:54:16,4.81.1
Imam Cahyo Nugroho,membantu,5,2024-01-21 12:33:31,4.81.1
Nevi Rahma Yunita,Aneh bgt gopaylater dipake mulu ga pernah telat bayar Limit dinaikin tbtb kena blokir Ngirim email jg yg bales robot jawabannya sama mulu Udah saya ajuin laporan sesuai yg disarankan hasilnya tetep nihil wkwk Ganti PT malah gak jelas banyak bgt yg tbtb ke blokir tanpa alasan jelas csnya juga jadul banget apk lain udah bisa pake live chat atau whatsapp ini mah pake email doang dan yg jawab kayak robot semua Maaf kecewa bgt,1,2024-01-21 12:59:20,4.81.1
Angga Widyat,Ga suport kalo lokasinya pinggiran kota,2,2024-01-21 12:50:30,4.81.1
Reza Fauzi,Mantap,5,2024-01-21 18:50:16,4.81.1
Eva Solina,Skrng sm sekali g bs buka aplikasi gojeknya pdhal saldo lumayan bnyk didlm,1,2024-01-19 05:35:52,4.81.1
Tonny Patrick ferdinand,Ok tapi gopaylater sy di blok,5,2024-01-19 05:31:52,4.81.1
Indra Indriawan,membantu banyak manfaat nya,5,2024-01-19 02:37:54,4.81.1
Joko Pitaryanto,Puas naik Go Car,5,2024-01-19 02:34:50,4.81.1
Dhany Indra,Mntul,5,2024-01-19 05:40:29,4.81.1
Rahmad Taufik,Knp gofood jarak dekat sering di cancel driver Karna ongkir yang di dapat driver murah Semoga Argo goceng di hilangkan,1,2024-01-21 18:06:24,4.81.1
Meilisa W,Gojek yg sekarang bener ngeselin lambat banget selalu dapet titik jauh dari lokasi order padahal hampir tiap hari pake Jauh banget sama hijau sebelah langsung fast respon lokasi driver juga selalu deket atau at least ga jauh banget jadi gak kelamaan nunggu I hate it Tadinya kasih bintang 2 sekarang bintang 1 aja Sangat mengecewakan,1,2024-01-19 02:41:26,4.81.1
riski a kalas,Transaksi pakai qris pas di transfer muncul menunggu loading setelah itu saldo hilang struk pun gak muncul di riwayat transaksi,1,2024-01-19 02:34:42,4.81.1
Melvindwi Purnama kelas 3 uhud rabbani purwakarta,Waktu pengiriman cpt,5,2024-01-19 02:41:31,4.81.1
Rewo Rewomaneh,Ok Main blokir gopaylater sesuka hati Nanti gw bayar aesuka hati juga,1,2024-01-19 05:24:45,4.81.1
Ikbal Ardiansyah,Aplikasi sampah gofood dikirimnya lama 2 jam ga nyampe drivernya males males,1,2024-01-19 05:12:07,4.81.1
Nuris MS,pak perketat pemasangan foto gw sering ketipu gambar makanan,3,2024-01-19 02:27:30,4.81.1
al mujahidin,Banyak Diskon,5,2024-01-21 12:43:04,4.81.1
robby perdana,Good job,5,2024-01-21 13:02:34,4.81.1
El yas,Biar bintang yg bicara mantul,5,2024-01-21 22:21:06,4.81.1
Rudi Maulana,Emang skrng bisa ambil 2 orderan yg satu arah ya Jadi lama bgt nunggu orderan datang dan skrng jg saya ngerasa nambah lama nympeny entah itu 1 atau 2 orderan pdhl jaraknya deket gofood,4,2024-01-21 13:30:10,4.81.1
Tkianhong Thi,terima kasih banyak atas respon yg baik dan cepat good jobsemoga semakin maju dan baik kedepannya,5,2024-01-21 11:58:36,4.81.1
Malika Nargis,Ada gopay later tapi ko ga bisa di pakai transaksi payah nih gojek Php doank taunya mana ga ada layanan live chat jg di aplikasinya sungguh aplikasi bobrok,1,2024-01-21 16:48:42,4.81.1
suherman nst senyum ajjah,Semoga makin maju ini ojek karna sangat membantu,5,2024-01-21 12:59:09,4.81.1
Akbar Saputro,Tolol banget aplikasi nya maksa untuk instant kalo lagi hujan ga ada driver ga bisa mesen yg biasa karena di dekat titik instant,1,2024-01-19 02:02:22,4.81.1
Ayunda reva maulidiya,aplikasi apaan salah pin gopay tiga kali ga bisa di pakai sama sekali padahal lagi butuh banget,1,2024-01-21 22:46:00,4.81.1
Shoffan Shoffan,Ok,5,2024-01-19 04:39:06,4.81.1
Galardo malang,Gojek bagus,5,2024-01-21 14:50:34,4.81.1
Onie Indra,Akses mudah  cepat dan pelayanannya memuaskan,5,2024-01-21 11:08:54,4.81.1
dzaky afni 123,Ini aplikasi diperbarui kok semakin aneh ya buka aplikasi ini itu selalu tibatiba muncul iklan video gojek sangat ganggu Tolong diperbaiki lagi terimakasih,1,2024-01-21 14:56:07,4.81.1
Dedi Dearya,Responsif,5,2024-01-21 22:50:46,4.81.1
Alyana Putry Pramono,Kenapa aplikasi Gojek udah berapa bulan ini susah malah kadang gak bisa aku buka di android aku,1,2024-01-21 11:07:18,4.81.1
Siti Soeyatmi,Mantap jaya,5,2024-01-21 11:06:37,4.81.1
DedeChandra,Terimakasih atas kerja sama nyasangat membantu usaha yang kami jalanimohon untuk pengembangan nya,5,2024-01-21 16:40:20,4.81.1
sudarsono wibowo,Tambah nyaman,5,2024-01-21 10:54:45,4.81.1
puspita endah,Sore kesel bnget minta di update trus hbs di update ga bisa k buka gojek nya mana baru isi saldo lgi trus cara nya gmn Biar saldo bisa di balikin lgi,1,2024-01-21 10:47:36,4.81.1
Toni Mulyadi,makasih gojeksering ksih diskon,5,2024-01-19 04:38:42,4.81.1
jaafar jeks,Sangat senang sekali murah sesuai tujuan dan ramah tidak terlalu lama menunggu,4,2024-01-21 16:25:47,4.81.1
Kevin Meysa,Pesan gojek lama sekali,1,2024-01-19 06:22:53,4.81.1
Ketut Ardani,Aplikasi bagus  Sangat membantu klo pas perlu biaya mendadak,5,2024-01-19 01:57:41,4.81.1
KENTANGGAMING22,Aplikasi gak jelas susah dpt driver,1,2024-01-21 14:31:46,4.81.1
TriyantoSetiono 19,Jos,5,2024-01-19 06:21:43,4.81.1
Syarif Hidayatullah,Ga jelas tiba tiba gopaylater diblokir padahal ga pernah telat aneh banget gojek sekarang,1,2024-01-21 13:35:57,4.81.1
Harri Kurniawan,Aplikasi membantu cari makanan dan layanan antar jemput banyakin diskon aja menururtku biar tambah rame,5,2024-01-21 11:09:47,4.81.1
Ahmad Zaenudin,Kenapa harus ada gopinjam dan gopaylatter di menu saya kalau ga bisa digunakanpadahal semua tagihan sudah dibayar lunas tanpa kurang sedikitpun  Mengecewakan ,1,2024-01-21 11:50:14,4.81.1
Marta Dinata (Jolor),Harusnya biaya aplikasi dihapuskan karena tidak ada manfaatnya buat customer dan driver Hanya menguntungkan untuk perusahaan saja,5,2024-01-21 13:52:44,4.81.1
pieter bermuda,Driver sameday nya kacau lama nya melebihi estimasi berjam jam,1,2024-01-19 06:11:31,4.81.1
Deni setiawan,Mantap cuy,5,2024-01-19 02:23:23,4.81.1
Iman Nur Vihi,Nice,4,2024-01-21 14:10:31,4.81.1
Nopri Manik,Semoga gojek enyah dari indonesia ini,1,2024-01-21 11:40:09,4.81.1
Ummi Kulsum,Lbih mudah,5,2024-01-19 03:38:27,4.81.1
Salman Alfie,ok,5,2024-01-21 14:27:09,4.81.1
Roni Satria,Ngak menguntungkan konsumenuntuk orderan double buat drivernya Terlalu lama menunggu untuk konsumen yang pertama Parah,1,2024-01-21 11:32:11,4.81.1
Didin Suprihatiningsih,Pakai gojekhampir setiap hari Tp kadang gojek sesuai dgn tujuan yg kita inginknterkadang jg gk sesuaialias ngawur,5,2024-01-21 22:32:41,4.81.1
Stefen Philip,Sistem nya skrg aneh waktu itu sudah benar kalo kita pesan di jalur ganjil genap gak akan masuk ke driver gocar yg plat nya tidak sesuai pada tanggal nya kenapa skrg bisa masuk orderan nya ke driver yg plat nya tidak sesuai jadi buang waktu pesan cancel pesan cancel,1,2024-01-11 20:41:30,4.81.1
gresita pertiwi,Gak bisa di install nanti kalo bisa edit bintang 5,5,2024-01-21 11:30:09,4.81.1
Nur Rohman,Sok sok an diskon pulsa 40 padahal error Mulu kalo ga niat bikin diskon ga usah bikin booosss,1,2024-01-19 02:02:38,4.81.1
Bachrudin Sholeh,Bagus bintang 5,5,2024-01-21 22:34:42,4.81.1
SAY. id,di gojek kaga ada yang hemat mahal semua,1,2024-01-21 11:26:52,4.81.1
Erni Erni,Good,5,2024-01-19 06:15:27,4.81.1
Mister Zaenal,Aplikasi TololTiba2 PayLater Gw Di Blokir,1,2024-01-21 16:56:36,4.81.1
Siti Siti,Kami memberi bintang 5 bukan main2 memang bener ok sukses sll pengetrapan pada anggota GOJEKTEANSPORTASI SUKSES SLL,5,2024-01-19 06:52:26,4.81.1
dwi nurhayati,murah meriah pelayanannya selalu baguss,5,2024-01-20 07:34:36,4.81.1
Arman Zebua,Mantapp,5,2024-01-19 06:53:18,4.81.1
erwin imanuddin,membantu,5,2024-01-20 01:08:13,4.81.1
Dewi Novita Sari,Bagus dan membantu,5,2024-01-20 01:26:40,4.81.1
ARDINAL HNI,Terus berinofasi,4,2024-01-20 13:07:29,4.81.1
hanna triyani octora,Ok,5,2024-01-20 13:12:58,4.81.1
kyo ori,Sangat membantu,5,2024-01-20 13:17:31,4.81.1
Mak tia Panjaitan,Ongkir ny mahal,4,2024-01-20 13:25:33,4.81.1
Budy Bucheq,Pada hari Kamis tgl 18 Januari 2024 waktu 1315 wib saya top up gopay senilai Rp 49000 utk pembayaran gofood Yang aneh top up saya tidak masuk ke akun gopay saya dan saldo bank langsung terpotong sesuai jumlah top up tsb Saya coba menghubungi Customer care tapi tdk bisa samq sekali Mohon penjelasan dari pihak Gojek kenapa yg spt ini bisa terjadi,1,2024-01-20 01:25:02,4.81.1
Cece Kuswandi,Sangat senang,5,2024-01-20 01:19:03,4.81.1
Nara Sunara,Gojek selallu oke mantap,5,2024-01-20 13:32:56,4.81.1
Malewa Aryaduta,Keren,5,2024-01-20 13:34:42,4.81.1
Idha Nur,Keren,5,2024-01-20 13:37:55,4.81.1
Tarmizi Abeng,ekspres ,5,2024-01-20 13:43:27,4.81.1
Haha Hihu,Cebelapa imut ci acu,5,2024-01-20 01:19:02,4.81.1
angelica susi,Untuk laporan atau memblokir akun yang di hack harus tunggu 1x24 Sudah lewat lebih dari 5 hari tetap tidak dapat digunakan tidak ada tanggapan tidak memberikan solusi Halow Parah bener2 prematur,1,2024-01-20 01:10:54,4.81.1
Toni Ferdian,Untuk Driver khususnya roda 2 1coba helm untuk penumpang yang layak pake 2Terus klo hujan coba tawarin mau pake jas hujan Masa jasa driver tidak melengkapi amunisinya  3 Tanya ke penumpang mau berangkat aktifitasburu2gimana kadang ada driver yg jalannya doyok emang mau jalan2  4 klo posisi mau tarik oder penumpang disaranin BBM fullcukup POM bensin suka antri,1,2024-01-20 13:52:39,4.81.1
Dek Dwi,Aplikasi gojek sangat membantu saya disaat berbelanja maupun berkendara dalam situasi mager semoga kedepannya bisa ditambahkan fitur terbaru dan terbaik ,5,2024-01-20 14:21:26,4.81.1
tombak sekti,Knapa gak bisa dibuka,3,2024-01-20 01:10:46,4.81.1
Ara Wijaya,Best pkk nya klo buat cr makan lagi mager,5,2024-01-20 13:03:43,4.81.1
Mima Nurmadinah,Mantap membantu sekali jadi mudah mau kemana2cepat sampai,5,2024-01-20 12:53:48,4.81.1
croop jos,Parah notif  dari banyak karna dari aok driver masuk ke aok cs  parah gojek nyampah aja  gojek semakin semerawut banget,3,2024-01-20 01:42:12,4.81.1
Agung Subandi,Recommended,5,2024-01-20 02:52:41,4.81.1
Ananda Fahri Vidi Zaqi,Mentang punya komunitas besar jgn se enak jidatnyamakan atau minum bayarlahdriver gojek makin menjadi kaya premandriver gojek tlol,1,2024-01-20 11:50:20,4.81.1
It's Physics but It's Okay,Semoga semakin mempermudah,5,2024-01-20 02:59:13,4.81.1
mairizal jali,Blm pernah mengecewakan,5,2024-01-20 11:52:02,4.81.1
Pak Pahan,Tolong driver ya jgn terlalu banyak potongan y,5,2024-01-20 02:57:55,4.81.1
Hendra Juanda,Good,5,2024-01-20 02:57:12,4.81.1
R W,Mantap,5,2024-01-20 11:55:19,4.81.1
Danang Wijaya,SATU KATA DORA CHINDO ASU,1,2024-01-20 11:58:01,4.81.1
Nina Nurjanah,Gojek adalah transportasi yg membantu saya dan keluarga dalam situasi apapun tp sayangnya di daerah saya pagi hari susah sekali untuk dapat gojek jika adapun jaraknya jauh dan lama kalau harus menunggu,5,2024-01-20 11:59:53,4.81.1
Jefry Valentin,Nice,5,2024-01-20 12:25:23,4.81.1
Reno Setiawan,Gojek tidak adil  Mengapa gojek saya sedikit promo  Sedangkan di akun teman teman saya semua ada promo Apa karena saya berlangganan gopayplus gratis ongkir Saya putuskan tidak lagi menggunakan apk gojek rugi banyak saya lebih baik saya pinjam akun2 teman saya atau saya buat akun baru saja Sudah tidak minat mengejar target menjadi anak sultan Rugi ,1,2024-01-20 02:51:14,4.81.1
Nuryati Nurhasanah,Ini knpa ya ko gbisa masuk trus ada notifikasi integritas dirusak sistem berbahaya dan dapat meretas data pribadi tolong dong Min mamah saya pengen recesss soal nya ,1,2024-01-20 12:01:52,4.81.1
santuy aja,Ok aja lah,5,2024-01-20 12:02:25,4.81.1
Warawiri Trans,Okee,5,2024-01-20 02:36:44,4.81.1
Wahyu Seftiawan,Sangat membantu,5,2024-01-20 01:55:26,4.81.1
dar yunandar,Good,5,2024-01-20 01:51:11,4.81.1
MAG Shinigami,Bintang 1 karena ada promo di go tagihan yang tidak bisa dipakai lebih baik dihapus aja kalau g bisa dipakai,1,2024-01-20 14:23:28,4.81.1
Azki Haryanto,Mantap Gojek Indonesia,5,2024-01-20 14:33:13,4.81.1
R Nesarani,I like it  banyak promo jg,5,2024-01-20 03:00:26,4.81.1
Puspa Yani,Mudah dalam pengaplikasian,5,2024-01-20 01:01:54,4.81.1
Byun BaekSoo,Ok gojek saya kembalikan bintangnya menjadi 5 kembalikarena gopaylater saya sudah normal kembali semoga ke dpn nya jauh lbh baik lagiAamiin,5,2024-01-19 19:32:17,4.81.1
Fauzi quell,Order gocar kemarin di lihat harga segini murahpas beberapa menit langsung berubah mahal tidak flat bohongi customer,1,2024-01-19 19:08:47,4.81.1
Isti Masyfufah,Membantu bgt,5,2024-01-20 15:26:38,4.81.1
Ambar Bariyah,Sangat membantu,5,2024-01-19 18:17:57,4.81.1
Lysa Agustina,good,5,2024-01-20 15:26:49,4.81.1
Handri Nursito,Lah driver lg pusing menekan pengeluar supaya ga banyak utang nih tawarin ngutang,1,2024-01-19 17:50:38,4.81.1
Ahmad Fauzy,Top,5,2024-01-20 15:34:00,4.81.1
Dedeh Mahfuzoh,Penyelesaian masalah sangat tidak baik ,1,2024-01-19 17:22:41,4.81.1
Muhammad Fadli,Gojek Zholim saldo GOPAY tau tau 0 Padahal kemarin baru transfer 150k  Case closed Ternyata GOPAY ada 2 GOPAY saldo dan GOPAY tabungan dan saldo GOPAY saya masuk ke GOPAY tabungan bukan ke GOPAY saldo kapan kapan kalo perubahan di sosialisasi kan terlebih dahulu agar tidak menimbulkan isu Terimakasih,5,2024-01-20 15:44:43,4.81.1
Hamdani Sajar,Saya menggunakan aplikasi sudah terinstal akan tetapi bila saya membuka gojek tidak bisa Mohon petunjuknya,5,2024-01-20 15:59:58,4.81.1
Yuli Fazni E,Bagus promonya ngk worry mau pesan gofoodhee,5,2024-01-20 16:11:48,4.81.1
Zulkifli -,Gak bisa ajukan gopaylater selalu mutar gak jelas aplikasi jelek,1,2024-01-19 17:20:39,4.81.1
sudarsono wijaya,Sering kasih voucher diskon go food,5,2024-01-19 16:50:17,4.81.1
Wulan Saadan,Udah paylater ny ga bisa di pake udah lemot makin di upgrade makin ga jelas ni apk,2,2024-01-20 16:17:43,4.81.1
Safiq Ibrahim,bagus,5,2024-01-19 16:45:33,4.81.1
angelina yohana,semenjak di update malah sering bug di aplikasi makanan jadinya masih setengah jam lagi tapi ternyata driver udah nunggu di depan rumah,1,2024-01-20 16:48:58,4.81.1
Effendi Nurman,Semoga tetap memberikan yg terbaik untuk indonesia,5,2024-01-19 16:42:35,4.81.1
Sajis Art,Tolol,1,2024-01-20 15:24:47,4.81.1
Hery Wargianto,Masalah upgrade gopay plus gak selessi selesai hampir satu tahun atau malah lebih mungkin Bolak balik di suruh cek link sudah ber kali kali saya lakukan ituhasilnya 0 besar dulu gojek yg nyaranin ganti foto di ektp sudah saya lakukan di dispenduk tapi ternyata sama saja tetep gak bisa upgrade gopay plus,1,2024-01-19 21:31:58,4.81.1
Hilman San'an Ghorizi,Mantap,5,2024-01-20 15:19:50,4.81.1
Al ghazali Kohler,Dangat membantu untuk transfortasi instan,5,2024-01-20 15:18:28,4.81.1
Rizky Ramadhan,Pelit diskon masa minimal order 300rb diskonnya cuma 10rb wkwk udah gitu jasa aplikasi nya sampai 6rb banyak banget ngambil untungauto uninstall lebih mantap grab,1,2024-01-20 15:05:33,4.81.1
Meko Mii,Paylater gajelas Sudah bayar semua tapi masih ada yg ditagih yg katanya beda jatuh tenpo Kalau beda jatuh tenpo seharusnya gak usah dimasukin ke list yg sebelumnya Jadi bayar 2x kocak Hubungi cs juga jawabannya itu itu aja,1,2024-01-20 00:59:34,4.81.1
Lahij Kamal,Ke sini makin lemot mau gofood buffering terus katanya no connection padahal buat semua aplikasi lain lancar cuma gojek doang yg lemot Mohon maaf saya pindah ke app lain Kecewa sama gojek sudah seminggu tidak ada perubahan malah makin parah lag nya,1,2024-01-20 00:57:24,4.81.1
Eza Reza aja,saya top up dari tanggal 17 januari sampe sekarang kok belum masuk jugadi suruh kirim ini itu sudah saya kasih tapi gak ada hasil tolong itu top up saya hilang atau gimana,1,2024-01-20 00:45:39,4.81.1
Hartanto Tanto,Aplikasinya yang bagus bisa dipercaya,5,2024-01-20 00:44:45,4.81.1
20_Nurul Ilmil F.,saya  5 tman saya psan gcar yang max kursi 6 dgn harga 43k Pas msuk ke mobil driver ny bilang harusnya cuma 5 orang pdhl jls saya pesan gocar dengan max 6 orang Lalu ketika sampai di tujuan driver malah bilang hitung per orang aja 10k jelas kaget dong teman saya bilang di app cuma 43k dan drivernya bilang lagi hitung per kepala aja bang 10k jadi total 60k kan ngeselin banget Pas kita mau rating dia dia malah udh cancel kita seakan udh tau klo mau di rating rendah,1,2024-01-20 15:08:42,4.81.1
Moch Lippi,Good,5,2024-01-20 15:11:54,4.81.1
Rositin Titin,kpn sampai ke desa2,5,2024-01-20 00:23:59,4.81.1
Ridwanul Bakhri,kadang lemot loading makanan lama bener padahal buka aplikasi lain aman,1,2024-01-19 21:52:16,4.81.1
Igit Anhary,Parah Top Up belum masuk udah 2 hari mana lagi butuh duitnya tolong donk balikin uang saya,1,2024-01-20 00:23:14,4.81.1
Nadia Herna,Ok,5,2024-01-20 00:10:27,4.81.1
Rini Suprapti,Membantu dan memudahkan urusan,5,2024-01-20 00:05:18,4.81.1
JOJO BAHO,Dulu saya sangat suka menggunakan gojek ini Tetapi sekarang sudah mulai banyak kendala untuk gojek ini Mulai dari nyari driver yang lama sampai pada saat ingin membayar sesuatu Tolong di perbaiki ya,3,2024-01-19 23:47:26,4.81.1
M RJ,Mantap,5,2024-01-19 23:40:06,4.81.1
Kamila Hayati,Bagusdriver GK ugala2nn rata2 ramahtingkaykn terus playann UG trbaik utk planggan yasmg jaya terus,5,2024-01-19 23:06:10,4.81.1
Putra Saputra,Dapet draiver kaya mau ngajak mati ugal ugalan ga ramah lagi,2,2024-01-20 15:19:10,4.81.1
Cikimam Official,Yg penting harga terjangkau,5,2024-01-20 11:49:27,4.81.1
Apriansa Anca,Mantap,5,2024-01-20 03:01:55,4.81.1
Awanda Rosadi,Udh d update tetap gabisa kebuka buka Capek mau order gofood jadi susah,1,2024-01-19 06:57:34,4.81.1
Raehan Permatasari,Harganya terjangkau promonya mantap gopaylater nya sangat membantu Gojek is the best ,5,2024-01-20 05:24:12,4.81.1
Trinur Sholeh123,Okkd,5,2024-01-20 06:46:48,4.81.1
Hendra Mahendra,Mantapsangat membantu jd semuanya serba cpt,5,2024-01-20 06:40:03,4.81.1
hendra yana,Godjob ,5,2024-01-20 06:28:38,4.81.1
Yoseph Mbulu,Bagus dan murah,5,2024-01-20 06:27:08,4.81.1
Devi Ngkoes,Sangat membantu,5,2024-01-20 06:09:12,4.81.1
Umar Faruq,Good,5,2024-01-20 09:20:47,4.81.1
Mugiyati Yati,Sangat nyaman,5,2024-01-20 05:55:46,4.81.1
pkbm residivist,Goride Comport Mantap sekali,5,2024-01-20 09:31:46,4.81.1
Bebby Puspita,Ok,4,2024-01-20 09:31:58,4.81.1
Desta Stor,sangat kecewa saat mentransfer uang ke gopay yang lain memang tertulis di riwayat sudah terkirim tapi pada saat saya tanya belum masuk dan saya coba sekali lagi dengan pecahan yang sedikit dan bisa bagaimana gopay dengan kendala saya tolong bantu jawab,1,2024-01-20 09:42:41,4.81.1
Sugiarto Sugiarto,masih bintang 5 walaupun gopaylater saya tidak bisa di gunakan ntah kena alasannya terimakasih,5,2024-01-11 04:47:07,4.81.1
Aniie Garpenassy Official,Maps tidak Konsisten Titik lain tempat jemput lain tempat,3,2024-01-20 05:55:14,4.81.1
Ananda Mahesa,Tidak ada opsi untuk laporan masalah driver,2,2024-01-19 00:16:59,4.81.1
Adriansah 01hino,Mantap,5,2024-01-20 05:30:03,4.81.1
tasya Azalea,Aplikasi GoJek sangat membantu saya buat bepergian terima kasih aplikasi GoJek,5,2024-01-20 10:14:41,4.81.1
Budi Firmana,Nice gojek,5,2024-01-20 10:16:45,4.81.1
Firman Firdaus,Ok,5,2024-01-20 06:50:14,4.81.1
Nadifah Riva,Mantap puas,5,2024-01-20 08:52:21,4.81.1
Rendi Chairuman,Keren,5,2024-01-20 07:03:14,4.81.1
Neni Santika,so far so good ,5,2024-01-20 08:15:04,4.81.1
Siska Oktaviani,Aplikasinya lebih bagus sy bandingkan dengan yg lain Gojek ini paling oke di antara yg lain Semakin terdepan Gojek semmangat ,5,2024-01-20 07:26:48,4.81.1
Ahmad Heru,Sangat membantu ez intinya,5,2024-01-20 07:24:05,4.81.1
Ida Dahlia,Aduh koq makin GA asyeek ya pake aplikasi gojek sekarang ini yg lebih parah lagi paylater kadang ngilang pada saat mau dipake nonggol pas ga mau dipake niat ga si kasih paylater dah mah tiba tiba paylater turun drastis padahal ga pernah telat ga pernah nunggak Dari paylatrer 3jt jadi 500K parah alamat aku akan tinggalkan gojek ini,2,2024-01-20 07:38:27,4.81.1
M. Abidzar Al- ghifary,Bagus,5,2024-01-20 07:39:36,4.81.1
Bobby Frederik Saliha,Sangat membantu,5,2024-01-20 07:21:42,4.81.1
Theresia Ninik,Cepat  driver ramah,5,2024-01-20 08:08:23,4.81.1
Suryana Yana,Kacau saldo gopay gw di ambil Perusahaan sebesar ini masih ambil saldo gopay orang Parah si,1,2024-01-20 08:08:49,4.81.1
salam ahmadi,Mau ngasih masukan nih kenapa setiap buka aplikasi ini hape saya langsung kejang kejang ya Padahal Memory masih 50 ram 6gb Buat maen genshin lancar jaya Apalagi kalau order goride atau gocar Fitur chat nya kayak nyangkut Harus buka tutup aplikasi baru ada percakapan nya,5,2024-01-20 07:21:17,4.81.1
Asep Saepudin,Mantap,5,2024-01-20 08:41:07,4.81.1
alfian wutama,Ok banget,5,2024-01-20 07:16:16,4.81.1
burhan hans,Membantu banget dlm kehidupan sehari hari,5,2024-01-20 07:11:37,4.81.1
Rapelowandi,Sangat bermanfaat,5,2024-01-20 07:09:47,4.81.1
Aulia Utari Silalahi,Banyakin promo nya dong saya pengguna setia soalnya,5,2024-01-20 07:09:45,4.81.1
Reihan Roza,jgn pelit napa dah ngasi diskon,3,2024-01-20 07:08:26,4.81.1
M.Sastra Djumena,Sangat bagus buat usaha menuhin kebutuhan hidup,5,2024-01-20 07:06:07,4.81.1
Muhammad Norman,Oke pokok nya lah,5,2024-01-20 08:18:12,4.81.1
Dwi Wahyu Fitra Romadhan,Semenjak gopaylater jadi 500rb malah kagak bisa dipake buat beli paketan  sorry saya kasih bintang 1,1,2024-01-20 05:27:10,4.81.1
Adi Ismail,ok,5,2024-01-20 10:19:58,4.81.1
Dhanny Saman,Sukses selalu,5,2024-01-20 11:48:58,4.81.1
cucu lestari,baguss membantu bgt apalagi gojek nya kemna ga usah jaln jauh dlu langsung d jemput k tempat dan sampai tujuan dgn selamat terimakasih gojek,5,2024-01-20 10:31:23,4.81.1
Aqilah husna Lasahido,Kasih notif buat gofood Saya nunggu drtdi kirain udh otw trnyt restony g nrima pesanan udh 2x bgtu trus,2,2024-01-20 11:15:07,4.81.1
Amir Azis,Gosend instant 3 jam sameday 8 jam tapi dibatalin driver ngga di pickup sampe besok ganti hari,1,2024-01-20 04:36:36,4.81.1
Muchamad Chaerudin,Ini ngirim kode OTP ke seller aja susahnya minta ampun min  sampe gak bisa2 dapet orderan gmna parahh,2,2024-01-20 04:23:05,4.81.1
Wagiman Coming,Lancar,5,2024-01-20 04:22:35,4.81.1
Putra Dermawan,Mantul,5,2024-01-20 04:21:42,4.81.1
Joy Fernando,Nice,5,2024-01-20 11:17:39,4.81.1
Yoga Sadega,Oke,5,2024-01-20 04:11:56,4.81.1
Sipani Sipan,Mau beli pulsa aja susah bgt  Padahal pake uang sendiri di gopay Amit2 nih aplikasi gojek bikin kapok Mau beli pulsa pake gopay aja pake smz udah gituh muter2 gak jelas Kapok pake aplikasi,1,2024-01-20 11:25:30,4.81.1
Muin Oke,Sangat membantu ,5,2024-01-20 11:35:29,4.81.1
DHA GAMING95,Mantap sekali,5,2024-01-20 03:46:32,4.81.1
kiswanto DJA,lokal mendunia dr indonesia,5,2024-01-20 11:41:22,4.81.1
Nando Nainggolan,Bagus dan sangat membantu utk mencari rezeki ,5,2024-01-20 03:37:50,4.81.1
ahmad nofiana,Bagus tepat waktu penjemputan,5,2024-01-20 03:14:43,4.81.1
Syaban Haidar Ali,Adakan goride nego Jakarta kapan,1,2024-01-20 11:43:09,4.81.1
Willy Pardede,Good,5,2024-01-20 03:08:05,4.81.1
dht kpool,good,5,2024-01-20 03:07:44,4.81.1
Hendra Sihite,Ok,5,2024-01-20 11:47:21,4.81.1
Lupita ahmad,The best da gojek,5,2024-01-20 11:08:53,4.81.1
Erlita Tiara,Teman setia kemana aja ,5,2024-01-20 04:39:36,4.81.1
Mat Kholil,Gojek cocok memang oke,5,2024-01-20 04:41:15,4.81.1
chairul ichwan,aplikasi aneh sekarang suka mencet sendiri terus mesen go food dll horror ya,1,2024-01-20 10:32:44,4.81.1
muh marfai,driver ramah,5,2024-01-20 10:32:50,4.81.1
Hayu Aulia Wardah S,Sgt membantu,5,2024-01-20 10:37:33,4.81.1
Yusuf Suffi,Sangat membantu,5,2024-01-20 10:38:45,4.81.1
Denzo alarick pidjath,Nyip,5,2024-01-20 10:38:56,4.81.1
Alferdin Haris,Mau pesan Gojek tiba tiba akun dibekukan Agak laen aplikasi ini Makan nih bintang 1,1,2024-01-20 05:15:03,4.81.1
Refika Aprisya Larasati,Bad banget sekarang,1,2024-01-20 10:45:10,4.81.1
Esa Aome RTP,Mantap,5,2024-01-20 05:08:47,4.81.1
Gede Gusmahadi,Order makanan belum ada pilih alamat sudah lari ke alamat yg mana alamat tersebut tak tau dimana ,3,2024-01-20 11:04:49,4.81.1
Yacobus Lai,Tes dulu mas bro,5,2024-01-20 05:00:44,4.81.1
Rafadlis,Keren,5,2024-01-20 04:58:49,4.81.1
indri savitri,Ini kenapa jadi makin banyak kenadala Udh hampir 1 bulan paylater ada gangguan terus tadi baru diupdate kirain bakal bener eh tetep aja gk bisa dipake,1,2024-01-20 04:50:51,4.81.1
Catur Dewata,puas dgn playanan nya,5,2024-01-20 10:56:05,4.81.1
Bram Brum,Aplikasi terlalu sering ngebug,2,2024-01-20 04:43:45,4.81.1
ma tendra,Semenjak saya updatesaya butuh waktu lebih dari 30 menit cuma untuk buka aplikasisetiap saya mau bukaaplikasi gojek langsung nutup sendiri padahal jaringan kuat,1,2024-01-20 11:01:34,4.81.1
Isabella Kayla,Bisa beli makanan yg enak2,4,2024-01-20 11:04:14,4.81.1
Arly Yusuf,Mempermudah perjalanan,5,2024-01-20 17:12:26,4.81.1
Maurina Maurina,Aplikasi yg SGT memudahkan CPT dlm segi transportasi  mengirim makanannya Pokoknya ok dech GoJek ,5,2024-01-20 17:18:37,4.81.1
Heri Yana,Mudah dan Ekonomis Mantap,5,2024-01-20 17:21:14,4.81.1
3B_Khusnul Khotimah,Min saya pesan gojek tapi dibatalkan Saldo saya gk balik min Sampai sekarang status menunggu terus udh dari beberapa hari lalu,2,2024-01-21 05:54:33,4.81.1
Muhammad Syauqi,Bagus,5,2024-01-19 10:39:27,4.81.1
Mardiana Putri pertiwi,Bgus bgt,5,2024-01-19 10:33:04,4.81.1
Yordani Mario,Gojek sangat membantu sekali,5,2024-01-21 05:20:52,4.81.1
jofita bidatur rohma,MENDING GRAB COKKK WKWKWKKWKW APK STRESS INI SAMA KY GOPAYY,1,2024-01-19 10:32:44,4.81.1
lif 08,beli paket di Gopulsa lama banget lelet masuknya responnya juga 0,2,2024-01-19 10:31:38,4.81.1
marisa rachma alifa,Memudahkan kita untuk mencari makanan dan minuman serta banyak promonya Efektif waktu serta tenaga,5,2024-01-19 10:21:35,4.81.1
Rafael uput,Gokill,5,2024-01-19 10:21:14,4.81.1
Budi. Star,Apaan ini lama malah nggak bisa dipake gopaylaternya,1,2024-01-19 10:18:04,4.81.1
Suket teki WANTO,ok di tingkatkan lg tranportasinya,3,2024-01-21 05:21:13,4.81.1
Wahyu P,Sangat membantu di dalam kegiatan seharihari,5,2024-01-19 10:16:21,4.81.1
Rudi Sim,Bagus,5,2024-01-21 05:22:06,4.81.1
Yosep Driver,sangat optimal,5,2024-01-19 09:58:46,4.81.1
U Key,Mau mesen makan aja susahnya minta ampun selalu aja pas mau bayar Gagal Diproses Permintaanmu gagal diproses Coba lagi ya nanti  Kenapa coba  Jaringan udah coba pake 3 Provider tetep aja jawaban nya sama seperti itu Makin update makin gak jelas,1,2024-01-21 05:24:04,4.81.1
Ra' y,Mntapppp,5,2024-01-19 09:55:09,4.81.1
jurist zenia dwi putra,Keren,5,2024-01-21 05:31:32,4.81.1
agus irwanto,Semangat  Upgrade selalu,4,2024-01-19 09:49:38,4.81.1
WAHIDIN,Tepat waktu dan selamat sampai tujuan dan tidak telat masuk kerja,4,2024-01-21 05:52:59,4.81.1
Channel Feri Wahyudi,oke,5,2024-01-21 05:19:03,4.81.1
Firman Asyhari,Saya kasih bintang 1 saja biar di perhatikan Gojek kurang update alamat yg benar Input alamat yg benar sulit tak bisa di kasih masukan Maunya mengikuti saran yang disediakan gak bisa pas alamat yg belum pernah menjadi tujuan yg keluar alamat sekitarnya Alamat rumah saya saja sudah di benerin tetap saja yg keluar alamat yg keliru Harusnya no 33 tetap saja no 35 gak cerdas Mbok manut yg order Ganti dengan robot yg cerdas Harusnya di uji ulang Rasakan Semoga semakin baik,3,2024-01-19 10:46:57,4.81.1
Jhon Fero,Mantapp,5,2024-01-21 05:17:50,4.81.1
Sungut Lele,Aplikasi bagus tapi di daerah saya jarang sekali ada yg mau ambil orderan saya tolong lah di perbanyak driver di daerah saya,2,2024-01-21 04:19:45,4.81.1
nava net,Selama ini masih cukup bagus tidak ada kendala,5,2024-01-19 11:57:51,4.81.1
Eman Soleman,Nyaman,5,2024-01-21 04:19:12,4.81.1
Additya Nayottama,Ini gimana sih gw langganan 1 bulan gk dikasih promo pindah ke app sebelah aja mending ,1,2024-01-19 11:55:46,4.81.1
Muhammad Ridwan,Gojek melatih saya untuk sabar dikasih driver yang jauh jauh terima kasih yah gojek,1,2024-01-19 11:50:03,4.81.1
Yudi elyasir,Ok,5,2024-01-19 11:30:11,4.81.1
Aulia Rahmawati,Tlg kategori produk dihilangkan saja karena tidak sesuai dengan judulnya masih banyak yang ga sesuai,3,2024-01-19 11:25:04,4.81.1
Abdul Munib,Yg ksekian lg naik gojek,5,2024-01-19 11:24:52,4.81.1
Tommy MP,Saya ganti bintang nya kalo udah normal baru ditambah lagi untuk Gopaylater nya di awal normal dan baik baik saja Sekarang pembayaran di aplikasi merchant tidak bisa dan ditambah lagi sekarang malah tidak bisa buat pembayaran pick up,1,2024-01-19 11:23:43,4.81.1
Naisahadi,Bagus,5,2024-01-19 10:59:45,4.81.1
abok jr,Gopay sekarang ga jelas banget sinyal lag sebentar di suruh nunggu terus ga lama transaksi berhasi tapi belum di terima pihak banknya dan saldo telah dipotong di gopay sumpah gk nyaman banget cuma masalah lag dikit,1,2024-01-19 11:22:17,4.81.1
isma arfian,Puasa,5,2024-01-21 04:25:09,4.81.1
Alfonsus Andreas Halim,gak bisa dibuka,1,2024-01-19 11:17:01,4.81.1
Rachmat Ramdhani,Apps yang memudahkan banyak urusan saya di gambir ngasih driver di jayakarta di jam macet pula Buang2 waktu nunggu ya aja,3,2024-01-19 11:09:08,4.81.1
eka berata,Gocar kok kalah saing sama grab di indonesia,1,2024-01-19 11:04:35,4.81.1
maria febri ayu,Kenapa setelah di update aplikasi gojeknya sering bug ya Saat order sering ngecrash lalu sering ke close sendiri dan orderan sering kena cancel juga jadi gampang miskomunikasi jadinya sama driver karena aplikasinya sering force close sendiri Mohon perbaikannya TT TT,1,2024-01-21 04:28:45,4.81.1
Ilham Septian,Makin mahal ajah sekarang apa biaya layanan aplikasi lah sampe 10 ribu belum ongkirnya jg mahal Pelit ngasih promo Promo nya skrg kebanyakan suruh NGUTANG,1,2024-01-21 05:03:55,4.81.1
umi kulsum,cepat direspon kalau pesan gojeg,5,2024-01-19 09:47:03,4.81.1
Dharma Mita,Telat bayar paylater chat nya kayak takut kali ak lari blum lama telat sudah telepon ke kondar giliran bayar limit gak bisa dipake kecewa berat sama app ini,1,2024-01-21 05:58:49,4.81.1
Mun Jay,Good,5,2024-01-19 16:40:47,4.81.1
YUSUP NUR_PERMADI,Okay,5,2024-01-21 06:00:53,4.81.1
Daniel Collection,Aplikasi yg wajib kalian miliki,5,2024-01-19 08:13:32,4.81.1
Rezki nur Wicaksana,Aplikasi tidak bisa di buka setiap masuk ke aplikasi pasti keluar lagi Padahal sebelum saya update lacar ajatolong aplikasi nya diperbaiki,1,2024-01-19 08:05:38,4.81.1
Sapta Jaya,Bagus,5,2024-01-19 07:46:27,4.81.1
Bella Ristianto,Membantu keperluan sehari hari,5,2024-01-21 09:03:48,4.81.1
Solicha Putra,Orangx ramah  tepat waktu,5,2024-01-21 09:07:36,4.81.1
Andreas Gunawan,Tolong d perbaikin kembali kepada semua driver gocar mau goride d wilayah parung panjang bogor kenapa y setiap saya pesen k tujuan perumahan Sekar Tanjung banyak yang d cancel terus pa harus driver milih milih antara jarak Deket aj baru d bawah y pihak manajemen gojek Indonesia tolong d pm PM aj klo ada driver pilih pilih orderan sama cs penumpang d pm kshan lah penumpang bayar bukan ngutang Ama Lo gojek d training malah g bener malahan d wilayah parung panjang bogor tanks,1,2024-01-19 07:33:44,4.81.1
Mustakim,Ngk jelas saya pakai gopay later belum jatuh tempo saya bayar malah di blokir gopay later nya,1,2024-01-19 07:29:39,4.81.1
Jasmin Bunga,Habis update malah gk bisa dibuka saldo masih banyak gimana sihh makin gk jelas aja ni aplikasi,1,2024-01-19 07:28:50,4.81.1
SAIFUL ANAM,puas banget perjalanan lebih mudah,5,2024-01-21 09:09:33,4.81.1
Anggi Arisandi,Makin Ngadi nih apk  Mau kirim duit ke bank dari gopay aja gagal mulu Gila kali yah Apk lemot begini Sinyal gua bagus padahal streaming YouTube lancar jaya Kenapa buka gojek malah lemot,1,2024-01-21 09:11:36,4.81.1
Joyah Lasak,Mantap gak ribet kayak aplikasi lain,5,2024-01-19 07:28:38,4.81.1
agus sumarjanto,Opsional keren bro,5,2024-01-21 09:32:25,4.81.1
Bing Beng,Tolong di percepat map data drivernya dan lokasi driver saat di jemput Dan untuk dalam komunikasinya servernya di stabilkan agar mempermudah dalam pesanannya,1,2024-01-19 07:26:47,4.81.1
Nuraeda Sinjai,Ngga bisa tf njirr padahal udah prem,2,2024-01-21 09:54:03,4.81.1
Haikal Saputra,Cari driver mobil lama bangett,3,2024-01-19 07:15:06,4.81.1
Ema Rismawati,Kalo untuk gojek sama food ok tp klo untuk gocar udh berapa x order susah bgt gk ada driver yg terima  lebih dr stngh jam gk ada yg accept jadinya beralih ke yg lain tolong dong diperbaiki,3,2024-01-21 09:58:51,4.81.1
Anoy ying,Selalu mantab,5,2024-01-19 07:01:10,4.81.1
winda chrisnawati,Gimana mau pesan kalau gak muncul menunya dan ini selalu begini,2,2024-01-21 08:24:06,4.81.1
Deni Kartubi,Lebih sangat membantu dan mengejar waktu,5,2024-01-21 08:08:53,4.81.1
Anisa Oka,Hari ini kirim dokumen ke customer lewat gosend niatnya biar cepet dari BSD ke Jakarta  tapi udah 3 jam driver posisinya gak gerak di chat ceklis satu dicall nggak bisa udah komplain tp nunggu 3 hari kerja ya gimana gitu loh,1,2024-01-19 08:17:22,4.81.1
Benny Tinambunan,Ok bgt,5,2024-01-21 07:34:04,4.81.1
ary fibrian,Lumayan membantu klo hari minggu lancar,5,2024-01-21 06:10:29,4.81.1
CCTV Priyana,Bingung sama gojek ini aplikasi abal tanpa sebab gopaylater saya kok diblok,1,2024-01-21 06:29:51,4.81.1
Yusnia Salsa,sejauh ini bagus2 aja semoga kedepannya juga bagus dan tidak mengecewakan,5,2024-01-21 06:51:55,4.81.1
Dimas Andhika,lebih ditingkatkan lagi pada pembayaran melalui gopay di otomatiskan gopay ya gopay tunai ya tunai,3,2024-01-21 06:57:26,4.81.1
Riska Aprilia,Mantapp,5,2024-01-21 06:57:51,4.81.1
Suryani,Aplikasi ga bisa dibukagmn cara bayar tagihan nya inibatas waktu pembayaran sudah lewat karena aplikasi gojek ga bisa dibukatolong kirim tagihan gopay latter saya lewat email jangan nomer aduan terus jawaban nya,1,2024-01-19 09:30:53,4.81.1
Zahrah Nur,Pesanan sengaja dilamalamain,1,2024-01-21 07:09:10,4.81.1
Arief Prataya,Sangat membantu,5,2024-01-19 09:29:54,4.81.1
sri indrayani25,Sangat membantu dan memberikan pelayanan yang terbaik,5,2024-01-19 08:19:56,4.81.1
Steep Xlix,bagus,5,2024-01-21 07:41:21,4.81.1
odo ronodo,Keliatannya gojek sdh tdk orderan yg masuk ke akun saya Layak tak offline permanent,1,2024-01-19 09:11:53,4.81.1
Eko Soekarno,Sangat memudahkan,5,2024-01-19 09:02:20,4.81.1
MAS ADITYA 86,Sopir go jek nya gk baik,5,2024-01-19 08:57:25,4.81.1
TTK Rika Khoiriya Rahma,Lebih bagus yang dulu padahal sekarang kalau pesen gofood bisa sampe 1 jaman lebih,1,2024-01-21 07:52:37,4.81.1
Moh Ema,Gk bisa dibuka sampah,5,2024-01-19 08:52:01,4.81.1
My Dentist Gading,Mantap belum pernah ada masalah selama pakai layanan ini Semoga memang tidak ada sih,5,2024-01-19 08:42:54,4.81.1
SELA GABRIELA,Layanan customer service sulit dan tidak ada respon,1,2024-01-21 04:14:14,4.81.1
Suhandi Andi,Semakin kesini semakin tidak jelasini bukan memperbaiki sistemini marusak sistem dulu gk pernah ada kendala sistemgojek mulai rusak dari tahun 2018sampai sekarang tambah ancurudah pada gk jelas gojek sekarang,5,2024-01-19 11:58:00,4.81.1
Sary Joe,Mantap,5,2024-01-21 04:01:22,4.81.1
nawawi baktiya,Jangan pernah pakai aplikasi ini unt jumlah uang yang banyak Akun saya dibajak orang karena sistem keamanannya yang lemah Cs nya langsung konfirmasi saat ada orang lain yang minta untuk pergantian nomor uangnya sih gak hilang masih ada disaldo Gojec dg kondisi terblokir Kita coba kirim laporan melalui emai dan pusat bantuan renspon nya cepat langsung di telpon tapi gak pernah ada solusi Benar2 tidak profesional Kita telpon Cs habisin uang ratusan ribu tp cuma konfirmasi aja ,1,2024-01-19 12:03:31,4.81.1
Mei lia,aplikasi sangat bagus dan membantusukses untuk gojek,5,2024-01-20 22:55:32,4.81.1
Irham Dj,Baik mudah dan simple enak bget tingal pesan aja mau mtr mbil atau mau mkanan apa ngrim brang pket jdi mudah,5,2024-01-20 23:01:09,4.81.1
Ichsan J Cole,Makin kesini makin buruk aje jek,1,2024-01-19 15:20:48,4.81.1
Baliya Afzam,Poor,3,2024-01-19 15:17:13,4.81.1
ARIEF MUHARIYONO,Sangat membantu,5,2024-01-20 23:45:20,4.81.1
Akang Berod,Bangga dengan prodak dalam negri,5,2024-01-19 15:03:30,4.81.1
Tri Ariyanto hadi saputro,Bagus,5,2024-01-20 23:51:45,4.81.1
asep ridwan,Nah gtu dong bisa di pake paylater nyatpi harus k Tokopedia dlu baru bisaduh,3,2024-01-19 14:44:22,4.81.1
Gabe Boy,driver  ya bagus dan sopan good job ,5,2024-01-19 14:38:54,4.81.1
Wawan Ridwan,Mantap,5,2024-01-19 14:34:54,4.81.1
Noviana Anita Kallu,Gojeknya sangat bagus di gunakan Sangat membantu sekali ,5,2024-01-19 14:29:29,4.81.1
Agus Riadi,Good,5,2024-01-11 10:45:21,4.81.1
Sumar Woto,Sangat membantu akses kemana mana jadi mudah,5,2024-01-19 13:58:37,4.81.1
Endra Adi Oktavianto,Nice,5,2024-01-21 00:19:38,4.81.1
zia lucuu,masa pacar saya gabisa pilih uk cup mixue gimana si tambahin pilihannya dong,1,2024-01-19 13:57:54,4.81.1
Aditya Reinaldi,Pemakaian rutin ada tagihan paylater tepat waktu Tapi udah berapa bulan ini enggak bisa dipakai gopaylater,1,2024-01-21 00:22:20,4.81.1
danil armansyah,Siip lahh,5,2024-01-21 00:51:49,4.81.1
Fazri Syawab Zannata Adam,Terima kasih abang gojek semoga banyak orderan ya,4,2024-01-19 15:21:22,4.81.1
Syamsul Ardi,Gak Jelas XP Gw ilang,2,2024-01-19 15:26:29,4.81.1
Henni Sofiana76,Kemarin marin titik lokasinya tepateeeh sekarang sekarang bisa beda kata drivernya sudah di titik lokasi sedangkan dengan posisi saya jauhcoba diperbaiki lagi jadi ga bikin susah penumpangnya iya kalau ga buru buru pas harus ngejar waktu jadi telat karena kebanyakan ngasih tau titik lokasi yg tepatnya dimana,2,2024-01-19 15:30:54,4.81.1
Rapie Darwis,Terimakasih,4,2024-01-20 21:22:57,4.81.1
Mama Papa,Sangat puas,5,2024-01-20 19:16:32,4.81.1
ary murwanto,God job,5,2024-01-19 16:40:45,4.81.1
Adi Rahmat,Utk Gofood hrs lebih baik lagi ,3,2024-01-19 16:36:27,4.81.1
Gun's Vandemir,sangat membantu,5,2024-01-19 16:27:07,4.81.1
Rany Faneza,Gojek ku gk bisa di pakeabis di hapus aplikasi ny download LG gk bisa kebuka,5,2024-01-20 20:14:25,4.81.1
Lo Hwa po,Saya pelanggan lama dari bulan lalu paylater diblokir padahal selalu ontime bayar dan katanya ada aktivitas mencurigakan sistemnya error kagak si Tolong admin segera dipulihkanmakasih,5,2024-01-20 20:33:07,4.81.1
Udin Kar,Udah instal ga bisa di gunakan,1,2024-01-20 21:08:20,4.81.1
Dimas Pangestu,Bagus,5,2024-01-19 16:25:47,4.81.1
fdian .T,Tolong fitur mode gellap dong di upgrade,5,2024-01-19 15:35:00,4.81.1
Nitz Widy,Ok,5,2024-01-19 16:14:07,4.81.1
ikhsan daeng,Terus ber inovasi lagi yg lebih baik,5,2024-01-20 22:38:55,4.81.1
Uwais Qurni,Mantep,5,2024-01-19 16:10:51,4.81.1
Anjaya Anjaya,Semoga gojek semangkin jaya,5,2024-01-19 16:05:48,4.81.1
diah ayuoktaviani,Semakin banyak promonyaa tiap hari ,5,2024-01-19 15:57:31,4.81.1
Rendy Ardyanto,Gojek mau bangkrut,1,2024-01-19 15:53:06,4.81.1
nuraisha aish,Ok,5,2024-01-19 15:38:00,4.81.1
Marwan Misno,Bagus,5,2024-01-21 00:59:35,4.81.1
Rifo,Sehabis update aplikasi jd lama banget buka2 menu di resto,1,2024-01-19 13:40:10,4.81.1
watikyakult 35,ok,5,2024-01-21 01:19:39,4.81.1
aroby pujadi,aplikasi ini sangat membantu sekali,5,2024-01-19 12:16:22,4.81.1
Digital Mobile,ok,5,2024-01-19 12:29:43,4.81.1
Nastain Nabila,Jelek,1,2024-01-21 03:27:45,4.81.1
Ming Ming,Sekarang lebih parah tidak bisa menggunakan paylater untuk pembayaran qris di outlet2,2,2024-01-21 03:35:43,4.81.1
Basuni Ahmad,Ok,5,2024-01-19 12:27:39,4.81.1
amrizallao Khonglao,Bagus,5,2024-01-19 12:19:05,4.81.1
Septiawan Maulana,Aplikasi gak menolong dan gak membantu untuk sekarang,1,2024-01-21 03:37:24,4.81.1
ponco winatan,Keren,5,2024-01-21 03:45:28,4.81.1
Yusepin Tuwan,Sejauh ini pelayanannya lumayan bagus Kalau bisa lbh semakin ditingkatkan agar semakin baik di mata para konsumen,4,2024-01-21 03:50:04,4.81.1
Amonraa 27,Susah digunakan udah sering eror ongkirnya mahal lg saatnya ganti grab,1,2024-01-21 03:21:15,4.81.1
Yeni Maria,Saya pelanggan setia gojegko ada menu gopay pinjam dan gopay paylater tapi ga guna banget ga bisa di pakaibuat apalama2 dtggalin juga cari aplikasi Laen,1,2024-01-19 12:13:27,4.81.1
Fatah Fikri,Kapan gopaylater saya diaktifkan lagi saya sudah bertransaksi terus pake gopay tp kog masih dibekukan saja,2,2024-01-21 03:52:03,4.81.1
Umar Supriatna,Senang sekali,5,2024-01-21 03:55:49,4.81.1
Raden Susilo,Ok banget,5,2024-01-21 03:56:15,4.81.1
andy suwartono,Gojek sekarang banyak kendala gopaylater tdk bisa untuk pembayaran,5,2024-01-21 04:01:15,4.81.1
Ari Sundari,Membantu sekali,5,2024-01-19 12:10:39,4.81.1
Dwi Wiratno,Makin buruk aplikasi nya setelah migrasisaldo biasa ada  saldo gopay later ada pas coba dipakai tidak bisa selalu jaringan yang dibilang error makin parah layananya,1,2024-01-19 12:07:34,4.81.1
Rusdi Nukman,Aplikasi nya bagus  wajib di coba cocok buat kaum mager cuman mesen bayar terus tinggal ambil dah pesanan nya sekian terima gaji ,4,2024-01-19 12:38:16,4.81.1
Bona Lumbantoruan,Bagus sekali,5,2024-01-19 12:42:48,4.81.1
AkhdanDeshwan,Mantap menn lancar tanpa ada hambatan,5,2024-01-19 13:37:09,4.81.1
Desi Resnidar,Good goodgood,5,2024-01-21 02:09:27,4.81.1
Okta Vianus,nyaman,5,2024-01-21 01:32:50,4.81.1
Yongkers Yongkers,Ok,3,2024-01-19 13:28:42,4.81.1
KIEZAN OC,Trimakasih pelayanan nya baik,5,2024-01-21 01:36:27,4.81.1
Siti Nurlela,Dr RS mau pulang k rmh krna bawa anak kecil n hujan jg akhir y pesan gocar Stlh sekian lama menunggu dpt lah driver y 6 menit k titik penjemputan Udh ditunggu lama kok mkin jauh malah 8 menit Dah gitu posisi driver gak berubah D chat gak d bls akhirnya ku batalkan pesanan Saran aja sih klo emang driver gak mau nerima orderan jgn diaktifin dong aplikasi y buang2 wktu udh nunggu lama Kondisi bawa anak yg lg skt hujan jg,3,2024-01-19 13:11:04,4.81.1
Oel Nejhi,Lemot saiki,4,2024-01-19 13:08:46,4.81.1
Rustam Gozali,Sayang nya Semakin kesini semakin mahal ongkosnya,5,2024-01-21 01:47:43,4.81.1
Asep Reggido,bintang yg bicara ,5,2024-01-19 13:06:28,4.81.1
Rina Tanjung,Kok loding trus tiap bula aplikasi nyaaaaa,3,2024-01-19 13:02:09,4.81.1
Topik Yusuf,penjemputan tepatarmada bagus wangi,5,2024-01-21 03:19:12,4.81.1
arif 2810,saat mencari driver lamaa hujan dikit ga ada yang mau ambil lawak lawakk,2,2024-01-19 12:56:34,4.81.1
Aries Yudha,Pertama kali pakai goCar ketik alamat sudah sesuai tiba tiba lihat alamat salah mau diedit bisa katanya setelah ketemu driver begitu ketemu edit alamat lgs naik3 kali lipat Dibatalin ga bisa driver nawarin nego Pantesanharga saham lu ancur Licik banget caranya Kapok deh  kapokkk gua dikadalin,1,2024-01-21 02:22:19,4.81.1
Nenek Adong,Nice,5,2024-01-21 02:31:19,4.81.1
Adres Veronika Snae,Terbaik terima kasih sdh berkontribusi utk mempermudah saya dalam mengakses semua kebutuhan saya,5,2024-01-21 02:32:26,4.81.1
Lelaa Dhoangk,Bagus,2,2024-01-21 02:32:27,4.81.1
ahui ahui,Setelah update 2 x terakhir aplikasi menjadi sangat berat dan susah dibuka saat jaringan agak lambat beda dengan sebelumnya yg lebih ringan gampang dibuka,3,2024-01-21 02:43:04,4.81.1
Turus Ady,Good aplikasi,5,2024-01-11 11:31:17,4.81.1
Kasran Sarkawi,Makin kesini aplikasi GoJek makin tidak jelas begitu banyak driver disekitar Tapi yg dpilih driver dengan jarak yg begitu jauh tolong diperhatikan dan diperbaiki Apakah GoJek sengaja membuat customer menunggu begitu lama,1,2024-01-20 05:47:06,4.81.1
Rian Anto,Ok,5,2024-01-17 11:06:16,4.81.1
YDZ Channel,Aplikasi udah mulai ga jelas belanja gofood jadi makin mahal udah gitu gopaylater tiba di blokir padahal saya ga pernah telat bayar ,1,2024-01-19 00:16:58,4.81.1
Propes Marilyn,Drivernya suka minta customer cancel alasannya kejauhan Kemudian kalo dapat order driver lama bergerak kemungkinan ketiduran chat call selow respon,3,2024-01-16 12:58:07,4.81.1
Viky Rich,Good,5,2024-01-16 12:53:57,4.81.1
Ardiyansah,Lama banget lokasi cuma bedah 1 gang nunggunya 1 jam Mana telat lagi,1,2024-01-16 12:50:10,4.81.1
Gilang Dong !!!,Kerja bagus,5,2024-01-16 12:49:32,4.81.1
Isaura Stuff,Cool Yee semakin diupdate semakin lemot  pesanan terdekat menunggu sampe setengah jam,5,2024-01-16 12:43:45,4.81.1
boediyarti arti,Gofood naik harga makanannya naikmending beli langsung,1,2024-01-16 12:39:10,4.81.1
Alfarizi Al-hakim,Pokok rekom karena memudahkan segalanya,5,2024-01-16 12:33:20,4.81.1
Stanley Suharsono,Recommended aplikasi Gojek ditambahkan konten bonusnya terimakasih sukses selalu dan barokah,5,2024-01-16 12:28:36,4.81.1
Yustika Ramadhani putri,Mantappp,5,2024-01-16 12:24:58,4.81.1
Haerudin furkon,Aplikasi sangat berguna ketika melakukan perjalanan,5,2024-01-16 12:23:19,4.81.1
Dicky Rendra,Nice application for pick up passengers,5,2024-01-16 12:14:52,4.81.1
Iman Pelangi,Ok,5,2024-01-16 12:14:49,4.81.1
Siti Solekhah,Penjemputan cepat,5,2024-01-16 12:12:18,4.81.1
Habsy Kun,Mantap,5,2024-01-13 08:37:03,4.81.1
Dewi Monica,Dari bintang lima kasih bintang 1 lah yaa  gk pernah telat bayar gopaylater ehh malah di blokir,1,2024-01-16 12:01:53,4.81.1
Time Channel,NGAPAIN PAKAI LEVEL SEGALA TERUS LEVEL ANGGOTA DI SURUH NGAPLO AJ,1,2024-01-16 11:53:08,4.81.1
heru Ade,Aplikasi mantap   semoga berkah,5,2024-01-16 11:49:20,4.81.1
ascha hayon,Saya setiap ingin pergi selalu saja drivernya berhenti tidak sesuai dengan mapjelas jelas titik nya masih jauh saya jadi nya jalan jauhtolong di perbaiki lagi,1,2024-01-16 12:56:56,4.81.1
Mohamad Nurul H,Kok jadi bloon aplikasinya masa gabisa upload invoice dari gallery jadi nyusahin drivernya kasian woy,2,2024-01-16 13:02:23,4.81.1
Aris Nursaid,Siip,5,2024-01-16 15:05:06,4.81.1
RAHMAT HIDAYAT,aplikasi kocak aku ketik pencarian stasiun Arjawinangun malah arahnya ke eks stasiun kaliwedi dikira mau ujinyali apa ya ke bangunan tua,1,2024-01-16 13:10:37,4.81.1
Aqla Mandiri,Mantap sekali,4,2024-01-13 06:02:17,4.81.1
Taufiq Nurahman,bgusss sering dpet promoo tingkatkan terus,5,2024-01-13 06:23:50,4.81.1
Siti Masitoh,sangat baik,5,2024-01-16 14:39:20,4.81.1
Hastomo arbi,Kenapa gopaylater saya diblokir,5,2024-01-16 14:30:24,4.81.1
Mengandung Faedah,Lumyan,5,2024-01-16 14:29:15,4.81.1
nailul fauziah,bagus memudahkan sekali,5,2024-01-16 14:27:31,4.81.1
I Nengah Arsana,Saya selaku draver senang pas dapat orderan dan banyak membantu perekonomian banyak orang tks aplikasi gojek and gopatner,5,2024-01-16 14:25:15,4.81.1
Ilham Hidayat,apk sampahhhhhhhhh gara2 pesen gocar terus posisi gocarnya jauh mintak di cancel  okeh saya cancel ehhh ternyata saldonya juga di ambil sama pihak gojeknya,1,2024-01-16 14:23:15,4.81.1
Rizki Adiputra,Mantap,5,2024-01-13 06:41:06,4.81.1
Eka Adnyani,Aplikasi sering tidak respon kadang driver chat dan telpon tdk tersambung,3,2024-01-13 06:45:39,4.81.1
Lissa Yoesfianda,Selalu cepat n memudahkan,5,2024-01-16 14:11:04,4.81.1
Ms Kurniasari,Setelah diperbaharui maps malah gak akurat ,2,2024-01-16 13:52:44,4.81.1
Prahara Tika Randamaru,Mantap,5,2024-01-16 13:52:07,4.81.1
Dedi Arisandi,Voucher Diskon nya mana,5,2024-01-16 13:44:56,4.81.1
Ahmad Riskiharahap,Gojek bagus kalo bisa ongkir gofod di murahkan banyakin promo selebih nya bagus,5,2024-01-16 13:36:05,4.81.1
Tukang Bakso Keliling,Oke,5,2024-01-16 13:22:39,4.81.1
Johanna Patricia Natalia Sianturi,Cepat dan tepat,5,2024-01-16 11:43:59,4.81.1
sumi iyah,Ok,5,2024-01-16 11:41:38,4.81.1
Umi Kalsum,Aplikasinya oke banget semua urusan jd lancar,5,2024-01-16 11:40:25,4.81.1
wayan suma,Tingkatkan pelayanan dan mudahkan dalam bertransaksi,5,2024-01-16 11:40:18,4.81.1
Hidayah Prayoga,Semua layanan menurut saya bagus hanya saja kenapa dari beberapa bulan lalu saat mengajukan gopay pinjam tidak ada informasi yg masuk apakah saya bisa mengajukan pinjaman apa tidak Selalu saja suruh menunggu padahal sudah lama sekali saya mengajukan nya payah,2,2024-01-13 10:40:42,4.81.1
Afrizal Zal,Ok bagus sekali aplikasinya,5,2024-01-13 10:54:20,4.81.1
Josephine Krisna,1 Orang yang sign up harus dan wajib verifikasi data dengan KTP Paspor Kartu identitas anak Lalu jangan sampai username seenaknya digonta ganti karena rawan dimanfaatkan order fiktif makanan atau kirim go send yang aneh2 2 Kenapa kalau kita yang cancel order berimbas ke ojolnya juga Padahal customer yg minta cancel Misalnya tiba2 dijemput keluarga Itu kudu dievaluasi banget 3 Sering loading lama untk dapetin driver gocar 4 Sering dapet driver yg jauh Kasiannn buang bensin,5,2024-01-16 09:36:25,4.81.1
Albertus handoko s,Diandalkan,5,2024-01-16 09:35:28,4.81.1
Irvan Suhendra,prasaan gofood goride lebih mahal dari grab,1,2024-01-16 09:30:14,4.81.1
Firman Lala,Aplikasi yang sangat berguna saya kalo mau makan tapi udah jam 1 malam terus saya pesen di gofood pokoknya de best,5,2024-01-16 09:29:32,4.81.1
Roselina Tambunan,Driver dan Perlengkapan seperti Helm lebih baik dan Bersih,5,2024-01-16 09:25:18,4.81.1
Manc BiGl,Dulu banyak banget transaksi di gopay pake payletter eh pas ganti hp dan nomer malah hilang paylatter nya Biarpun limitnya cuma 400rb tapi berguna juga sii ,5,2024-01-16 09:15:51,4.81.1
abdul aziz,untung ada gojek nggak macetbecek,5,2024-01-16 09:11:44,4.81.1
Khaylilah Lilah,Padahal selalu bayar tagihan tepat waktu tiba tiba gak npernah telat selalu di lunasi di awal eh masa gonpaylater di blokir Sama gonpinjam ada ada aja,1,2024-01-16 09:09:15,4.81.1
Ranti Mardiana,Pesanan gk bisa dibatalkan,3,2024-01-16 09:04:43,4.81.1
ahyuni awing,Diupdate malah jadi aplikasi sampah  heran harus nya klo update tambah bagus bukan tambah buruk,1,2024-01-16 09:00:22,4.81.1
Albertus A W P,one stop service,5,2024-01-16 08:46:27,4.81.1
D. Herm,Good job,5,2024-01-16 08:37:43,4.81.1
Anik Mustaqim,gojek sangat membantu,5,2024-01-16 08:30:35,4.81.1
Tina Syaf,Sekarang gojek payah masak gak ada angin gak ada badai gopaylatter di blokir Bayar gak pernah telat tiba tiba gak bisa dipake lg gopay nya Sumpah Demi apa coba aplikasi aneh,5,2024-01-16 08:29:34,4.81.1
Edi Sisnanto,Gojek emang oke,5,2024-01-16 08:25:22,4.81.1
Destra Maulana,Oke better,4,2024-01-16 09:56:20,4.81.1
April Claudius,pokoe the best lah,5,2024-01-16 10:12:17,4.81.1
kopi dan kopi dan,Aplikasi ini bagus,5,2024-01-16 10:28:16,4.81.1
Muhamaad Iqbal,Enga rekomendasi banget gojek  Mesen foods yg expers 30 menit sampe nyari driver Bae 10 menit lebih  Kecewa lah,1,2024-01-16 11:05:19,4.81.1
Randi Anto,Semua jadi mudah dengan gojek,5,2024-01-16 11:38:22,4.81.1
Poniti Lampung,Di sarankan untuk harga jangan terlalu mahalAmat yah terimakasih,5,2024-01-16 11:34:36,4.81.1
Yufo babollah,So fat soo good,5,2024-01-16 11:28:37,4.81.1
gre,Pengalaman dgn gopay sgt buruk srg sekali error pdhl app sllu update Tiap transaksi dgn qris pasti di app tertulis tdk ada koneksi inet sampai 3x isi pin ttp sama Sdh kejadian tiba2 gopay terbayar pdhl transaksi trtls tdk bisa proses krn inet buruk jd hrs repot berurusan ke tenant utk pengembalian dana yg untungnya tdk besar tp bisa utk beli 1 porsi baru Kejadian mirip di hp ortu jg Ketika coba payment qris dgn aplikasi sllu lancar makanya jrg pakai app ini skrg hati2 yg pakai qris ini,1,2024-01-13 09:37:47,4.81.1
Delly Thea,Lumayan,4,2024-01-16 11:13:53,4.81.1
Tri Murni,Enak dan mantab terasa daging sapi murni,5,2024-01-16 11:13:13,4.81.1
Kiky Amelia86,membuat segalanya menjadi mudah,5,2024-01-16 11:07:34,4.81.1
Acep Acep,Lumyan,5,2024-01-16 11:00:55,4.81.1
Nabil auliya Auliya,Lebih mantap kalo banyak promo hehe,4,2024-01-13 10:11:53,4.81.1
shasha Bf,JoSss,5,2024-01-13 09:53:44,4.81.1
Iskandar Alim,Banyak membantu hidup dan hidup membantu,5,2024-01-16 10:59:30,4.81.1
Anwar Mursadat,Sukses dan kaya selalu PT gojek indonesia karya anak bangsa,5,2024-01-16 10:58:33,4.81.1
Nia kania Dewi,Ini bagaimana ya setelah di update kok tagihan saya sangat besar Tidak sesuai dengan nilai tagihan yang saya pakai Limit 1500000 tapi tagihan 2297755 sedangkan setiap bulan saya selalu bayar ini BAGAIMANA,1,2024-01-16 10:54:15,4.81.1
Adi Wijaya,Cakep nih yg bikin apl nyasudah berhasil membuat driver stressbingungdan nahan lapar nunggu orderan,5,2024-01-16 10:48:33,4.81.1
Rachmat Supriyanto,mantap,5,2024-01-13 10:05:31,4.81.1
Intan MEA,Menyenangkan banyak promo,5,2024-01-16 10:40:40,4.81.1
Junaidi Bonett,Ruwetttttt,1,2024-01-16 15:03:14,4.81.1
najma. rusyady,Kala banyak diskonnya yang gak perlu syarat,5,2024-01-16 15:24:16,4.81.1
Arie Hidayat,Mau gofood aja harus nunngu 30 menit  1 jam lamanyaa posisi Drive juga ketauan ada dimana Udah pake aplikasi gojek dari 2018 tapi makin kesini makin kesana Tolong segera diperbaiki,5,2024-01-16 08:14:26,4.81.1
Santi Santi,Luar biasa sangat memudahkan dan sangat ekonomis,5,2024-01-17 04:04:48,4.81.1
melody gamers,Mantap,5,2024-01-17 03:50:16,4.81.1
septian viery,Good,5,2024-01-17 03:40:55,4.81.1
Dian Syahri,Ok,5,2024-01-17 03:35:25,4.81.1
Riva Noor,Mantabb,5,2024-01-17 03:34:09,4.81.1
Lah Mudin21,Mantap,5,2024-01-17 03:33:35,4.81.1
Keysya Reswara,Amanah,5,2024-01-17 03:31:09,4.81.1
Niluh Ayu Nur Fitriah,Sudah tidak diragukan lagi aplikasi sangat membantu dan semakin banyak fitur baru yang kerenkeren Driver cepat didapat dan pengantaran sesuai estimasi waktu,5,2024-01-17 03:30:20,4.81.1
Alexander Kusuma,Luar biasa Muahalll Masak beli bubur harga 18 rb dekat rumah ongkirnye 16 rb  biaya aplikasi 3 rb  biaya siluman lain seribu Aplikasi pencekik anak bangsa Pantas aja sahamnya jeblok terus sejak buka Mending kalo pesen makanan ke GRAB aja Ongkir masuk akal hsrgs makanan jg masuk akal,3,2024-01-17 03:27:04,4.81.1
Renata Azury,Dirawat baik2 eh setelah di update malah ga jelas,1,2024-01-17 03:11:46,4.81.1
Dany Ok,Good,5,2024-01-17 03:09:53,4.81.1
Hima Narulita Narulita,Habis d updateknp jd lemot,1,2024-01-17 02:44:49,4.81.1
irwan susanto,Mantuullll,5,2024-01-17 02:43:17,4.81.1
kito Sugiarto,Waktu penjemputan dan pelayanan ok,5,2024-01-17 02:41:46,4.81.1
Yasmin Al mubarok,Okey lh,5,2024-01-17 02:37:10,4.81.1
Dien Muchlis,Mantap,5,2024-01-17 02:22:43,4.81.1
prima 1188,Driver gojeg skrg banyak yg g profesionalg punya etika n parahnya kmrn pake jasa ojeg buat anter bapak tau tau marah cz yang dianter difabel dan seolah merendahkan bapak saya pdhl sblm sblm driver laen e g kayak gitu mau laporan juga g ada akses kecuali datang k off gojeg,1,2024-01-17 02:06:44,4.81.1
CAMPURADUK Ichat,Bagus,5,2024-01-17 01:51:48,4.81.1
LexQLeon & empat psykopi,agak ngebug aplikasi nya,2,2024-01-17 03:54:17,4.81.1
Komarudin Ali,Sangat membantu,5,2024-01-17 04:22:43,4.81.1
Dionisia Aprillia,Saya tidak bisa melakukan edit tiket edit tiket tidak tersedia di aplikasi saya,2,2024-01-13 05:42:22,4.81.1
Tjahyo Koerniawan,Ok,5,2024-01-17 04:23:13,4.81.1
richard sitorus,Mantap,5,2024-01-17 05:42:44,4.81.1
Ambar Erlinda,Aplikasinya sangat membantu memper mudah jika ingin berpergian dan saat lapar tapi malas masak dan malas keluar tinggal pesan saja udah dianterinpokoknya mantap dech,5,2024-01-17 05:37:35,4.81.1
Mamang Xploit,Promonya banyak yang pake gopay later yang tunaigopay dikit,3,2024-01-12 20:39:42,4.81.1
stevi gosal,Mudah cara pakainya aman dan banyak promo,5,2024-01-17 05:25:49,4.81.1
kristin samdamery,Veryy good thanks,5,2024-01-17 05:10:03,4.81.1
nur ambar97,oke,4,2024-01-17 05:07:37,4.81.1
Darwin Hasiholan,Baik,5,2024-01-17 05:03:14,4.81.1
Yuda Bakhtiyar,Jos,5,2024-01-17 04:57:15,4.81.1
Suhendi Suhendi,Setelah di update tdk bisa ke buka apk nya,2,2024-01-17 04:57:13,4.81.1
Aprilia Dini,Top up gopay gak masukmasuk padahal dari saldo drivernya udah berkurang gopayindonesia gojekindonesia pelayanannya sekarang makin menurun topup saldo gopay dari drivsr tidak masukmasuk tanya adminnya bilang saldo sudah ke kirim padahal tidak ada saldo yg masuk sama sekali Tidak ada jalan keluar yg di berikan sama sekali Sudah saya tunggu 2 hari tetapi di gopaygopay tabungan belum saja masuk tanggung jawab dari pihak gojeknya mana Gak ada,1,2024-01-17 04:56:02,4.81.1
Dhiya Irfan,Keren,5,2024-01-17 04:53:00,4.81.1
Mochammad Sofian Syuhada',Jos,5,2024-01-17 04:45:44,4.81.1
Mila Siti Hanipah,Setelah update beli pulsa malah pending tau gitu mending beli di apk lain jelek banget ni gojek padahal biasa nya gak gitu orang beli pulsa tuh urgent,1,2024-01-17 04:41:45,4.81.1
An Toni,Mantap,5,2024-01-17 04:41:05,4.81.1
Abdul Malik Ibnu Yasin,Good,5,2024-01-12 21:17:26,4.81.1
Marvin Albert,Apalah daya user gopay tapi tidak ada promo gopay  semua promo hanya paylater,1,2024-01-17 04:27:20,4.81.1
Alfani R Yulianto,Ok,5,2024-01-17 01:49:13,4.81.1
astri ana,Kalau pesan gofood terlalu lama datang nyapadahal jarak nya dekat,2,2024-01-17 01:39:11,4.81.1
Bonar Ardiyanto,Tepat waktu,5,2024-01-17 01:33:17,4.81.1
Dede Soegiharti,Promo banyak ga kepake Apaan sih pake ada  promo pake kartu kredit  debet Bank bla bla bla bla Lah klo ga punya kartu Bank tsb gmn  Makin kesini makin ga jelas promonya Sdh gitu makin mahal ongkosnya,2,2024-01-17 01:32:39,4.81.1
Ahmad Anuradha Sariman,Kenapa dari kemarin saya update aplikasi malah jadi blank putih jadi susah buka Ada apa ini Padahal sebelum update aplikasi lancar2 saja Mohon penjelasannya masalahnya apa ,3,2024-01-16 21:56:29,4.81.1
Eri Sanny,Waktu pemesanan lama dan dapat yang jauh driver nya bagus banget pelayanan gojek makin lama makin aneh,3,2024-01-16 21:52:43,4.81.1
Salsabila Shanum,Sangat membantu untuk transportasi bagi pendatang,5,2024-01-16 20:51:05,4.81.1
Achyan Mandagi,Balikin duit gue Slalu restart Bikin kesel Smoga berkah hidup Loe,1,2024-01-16 20:04:01,4.81.1
Wawan Setiawan,Gopinjam nya tidak bisa di gunakan lagi setelah di bayar lunas,1,2024-01-16 19:11:19,4.81.1
Angga Maulana,Aplikasi payah lemot semua nya serba lamaa,1,2024-01-16 19:02:22,4.81.1
BlueSea,Aplikasi sampai sekarang masih sering crash tolong diperbaiki lagi transfer bank gak bisa,1,2024-01-16 18:57:53,4.81.1
toni prasetyo,Biaya admin dan gojek nya agak mahalan,4,2024-01-16 17:34:54,4.81.1
Aldina Permata Sari,Mau daftar nunggu sms code tapi gak masuk masuk ,5,2024-01-16 17:26:46,4.81.1
bguz lta,Tingkatkan terus untuk Pelayanan ke cuatomer,5,2024-01-16 17:22:02,4.81.1
DEP Channel Universal,Masih mengganjal transaksi tgl 20 Maret 2023 top up 100rb pembelian koin top up wesing 69500 kok hilang semuanya terpotong 100rb,3,2024-01-16 17:20:30,4.81.1
Ran,Suka errorga respon jga apk sering ga ada tanggapan Juga lemot batt sering muncul periksa koneksi internetwifi padahal buka apk lain lancar aja gdk kendala di jaringan,1,2024-01-16 17:18:25,4.81.1
reni 9944,Wonderfull,5,2024-01-13 04:43:45,4.81.1
Nita Setyawati,Syg nya klo tgah MLM sring PD d btalin,5,2024-01-16 16:55:38,4.81.1
Byan Vineida,penjemputan sangat cepat,5,2024-01-16 16:11:58,4.81.1
Edisugi Ono,Baguss,5,2024-01-16 15:48:01,4.81.1
Rischa wahyu Utami,Mau buat pembayaran nunggu terus,4,2024-01-16 15:46:35,4.81.1
Wina Kristina,Hp saya ketinggalan dimobil nya malah gak ada bantuan,1,2024-01-16 22:03:51,4.81.1
Haris Wahyono 1927,Saya sangat kecewa kepada pihak gojek tidak dan solusi memberikan keadilan bagi saya mengenai gopay saya terblokir dan saya udah melaporkan ke pihak gojek mengenai gopay milik saya kena hacker tapi jawaban gojek tidak bisa memberikan solusi nya padahal saldo gopay saya 500 ribu itu saja berharga bagi saya untuk mengumpulkan jernih payah saya menjalankan tiap orderan yg diberikan saya sebagai driver selalu saya menjalankan dengan baik,1,2024-01-16 22:27:37,4.81.1
norma kristiani,Selalu kasih promo,5,2024-01-16 22:49:12,4.81.1
Nadhira Nafeeza,Susah banget dpt driver,1,2024-01-17 00:39:00,4.81.1
Gabriel Fikri,APALAH ARTI DARI VISI DAN MISI  NGELIAT DRIVER PESANAN MAKANAN KITA AJA JARAK 300 METER AJA KAGAK BISA,1,2024-01-17 01:22:33,4.81.1
Sani,Ok,5,2024-01-17 01:22:24,4.81.1
Alberto Halim,Bisa bantu saya untuk mencari kendaraan  makanan dan mengirim paket saya  terima kasih gojek ,5,2024-01-17 01:19:47,4.81.1
Ika Yulilasari,Mantap smoga tmbh trus diskon y klu sering2 mesen apa pun d gojek,5,2024-01-17 01:12:08,4.81.1
Ghaizan Zidana,Mantap,5,2024-01-13 03:05:06,4.81.1
Samsul Bahri,Keren,5,2024-01-17 00:46:39,4.81.1
Siti Aisyah,untuk aplikasi gojek semoga kdpanya bisa lebih baik dan diprbaiki yang kurang dari aplikasi ini untuk driver speda dimohon pngrtianya prnah pas order salah taruh alamat jemputnya driver speda sudah datang namun saya kan sudah ganti biaya ordernya terus yang nyuruh batalin inisiatif dari drivernya sendri terus pas aq order gocar drivernya pas dalam mobil mbahas yang masalah aq salah taruh tujuan brprgianya itu aq kecewa takutnya kalau kita sebagai pelanggan tetap namun di anggap buruk driver lain,3,2024-01-17 00:43:59,4.81.1
Hbuds Hentyobudi,Aplikasinya sngt mudah di gunakan,5,2024-01-17 00:36:11,4.81.1
Maulana RM,Nice,5,2024-01-16 22:49:31,4.81.1
Wilda Rulita,Sejauh ini nyaman dan aman,5,2024-01-13 03:30:08,4.81.1
mobile legend,Aplikasi paling gajelas setelah akulku tidak pernah telat pembayaran eh tau tau diblokir wkwkw,1,2024-01-17 00:32:11,4.81.1
Hasto Wibowo,1 Ok Bisakah nomor telp yang menghubungi Pelanggan dari nomor yang sama 2 Panggilan tidak muncul nomor  hanya nada dering saja tidak bisa dieksekusi 3 Jika panggilan yang hanya berupa nada dering tidak dijawab maka beralih ke HP lainnya meski sudah dipakai oleh orang lain Poin 23 sangat mengganggu,4,2024-01-17 00:22:05,4.81.1
Lisa Meidina,Ini aplikasinya knp ya setiap pakai tws kalo ada telpon dri driver slalu gak ada suaranya trus twsnya jd gak bisa bunyi kecuali restart hp atau ganti tws padahal tws dipakai telpon biasa atau wa dll gak apaapa,2,2024-01-17 00:14:24,4.81.1
Yoshinda Dwi Yuliastuti Dewi Utami,Ramah,5,2024-01-16 23:57:44,4.81.1
aldi firmansyah,Good,5,2024-01-16 23:09:38,4.81.1
Faridz 231,good,5,2024-01-16 22:55:34,4.81.1
hibatullah asyraf,100,5,2024-01-16 08:16:42,4.81.1
Lina Marlina,bagus,5,2024-01-13 11:32:19,4.81.1
cloudof rn4,Terlalu banyak iklanmengganggu sekali,1,2024-01-17 06:10:24,4.81.1
Ali Usman,Udah di update sinyal hp ada kok masih keterangannya sinyal saya tak ada gimana ni gojek kok aplikasinya di hp saya makin parah,2,2024-01-14 04:17:41,4.81.1
avey simulator,Parah pesen makan di go pood lama nya minta ampun sampe kelaperan pantesan banyak ke apk sebelah ,1,2024-01-15 06:11:25,4.81.1
kristina irmawati,Kok per 2024 ga bisa dibuka ya Selalu bilangnya tidak menanggapi,2,2024-01-15 06:00:49,4.81.1
Nani Lukitosari,oke,5,2024-01-15 05:50:04,4.81.1
Hilman Pratama,gopaylater tibatiba diblok tanpa alasan apapun,1,2024-01-15 05:46:16,4.81.1
Pengguna Google,Limit gopay pinjam sudah 26 jtpengajuan tgl 15 Jan 24 setelah di ajukan mlh di tolak dan di suruh ajukan LV tgl 15febuari24 Ga ad duitnya jgn nawarin pinjaman bos,1,2024-01-15 05:41:35,4.81.1
Chafid Sartono,Oke,4,2024-01-15 05:35:08,4.81.1
Jerry Nugraha,Ok,5,2024-01-15 05:23:28,4.81.1
Sisilia Mogi,Bagusn saya langganan tetap terima kasih Gojek sukses selalu,5,2024-01-15 05:17:54,4.81.1
Fathir Indra,Dgn gojek semua jd mudah,5,2024-01-15 05:15:14,4.81.1
Dee Cresentia,sejak pindah k gopay baru semua jadi aneh limit gopaycicil lenyap limit gopay latter merosot sekarang malah tifak bisa digunakan gopaylatter tiba2 di blokir bukan cuma punya saya semua yg pake gopay latter juga katanya g bisa dipakai padalhal limit masi bnyak kembalikan gopay yg dulu yg lancar jaya,1,2024-01-14 05:15:22,4.81.1
Public Bjigur,Supir banyak sekali yg mempermainkan pelanggan dibikin nunggu tapi ternyata cancel padahal kita sedang mengejar waktu,1,2024-01-14 05:31:41,4.81.1
